case,policy,board_id,fruits,search_actions,post_sight_actions,invisible_actions,visible_actions,visible_reducing_actions,visibility_losses,spawn_count,hidden_spawns,expected_visible_spawns,hidden_spawn_distance,hidden_discoveries,discovery_wait,completed_count,completed_search,completed_pursuit,completed_sight_distance,completed_excess,completed_lost_sight,terminal_search,terminal_pursuit,terminal_undiscovered,initially_hidden,initial_distance,initial_wait_capped,zero_fruit_never_seen,zero_fruit_seen
b7_partial,direct,0,202,450.0,550.0,450.0,550.0,550.0,0.0,203.0,93.0,106.14031133629834,439.0,92.0,441.0,202.0,441.0,550.0,550.0,0.0,0.0,9,0,True,True,4,4,False,False
b7_partial,direct,1,214,434.0,566.0,434.0,566.0,566.0,0.0,215.0,101.0,115.29927584716923,458.0,101.0,434.0,214.0,433.0,565.0,565.0,0.0,0.0,1,1,False,True,3,16,False,False
b7_partial,direct,2,209,452.0,548.0,452.0,548.0,548.0,0.0,210.0,100.0,114.30472410510777,483.0,100.0,452.0,209.0,452.0,546.0,546.0,0.0,0.0,0,2,False,True,3,10,False,False
b7_partial,direct,3,210,443.0,557.0,443.0,557.0,557.0,0.0,211.0,93.0,114.3824797297421,458.0,93.0,443.0,210.0,436.0,556.0,556.0,0.0,0.0,7,1,False,True,6,6,False,False
b7_partial,direct,4,195,486.0,514.0,486.0,514.0,514.0,0.0,196.0,96.0,103.49319456997131,451.0,96.0,486.0,195.0,486.0,513.0,513.0,0.0,0.0,0,1,False,True,5,9,False,False
b7_partial,direct,5,206,457.0,543.0,457.0,543.0,543.0,0.0,207.0,92.0,107.94023616786428,439.0,92.0,457.0,206.0,450.0,541.0,541.0,0.0,0.0,7,2,False,False,1,0,False,False
b7_partial,direct,6,213,433.0,567.0,433.0,567.0,567.0,0.0,213.0,101.0,113.49085355910296,470.0,101.0,433.0,213.0,433.0,567.0,567.0,0.0,0.0,0,0,False,False,4,0,False,False
b7_partial,direct,7,196,458.0,542.0,458.0,542.0,542.0,0.0,196.0,87.0,106.29330511679571,409.0,87.0,458.0,196.0,458.0,542.0,542.0,0.0,0.0,0,0,False,False,3,0,False,False
b7_partial,direct,8,213,432.0,568.0,432.0,568.0,568.0,0.0,213.0,90.0,111.40704152826578,421.0,90.0,432.0,213.0,432.0,568.0,568.0,0.0,0.0,0,0,False,False,2,0,False,False
b7_partial,direct,9,170,545.0,455.0,545.0,455.0,455.0,0.0,171.0,92.0,87.9746276481553,453.0,92.0,545.0,170.0,542.0,452.0,452.0,0.0,0.0,3,3,False,True,4,3,False,False
b7_partial,direct,10,185,498.0,502.0,498.0,502.0,502.0,0.0,186.0,93.0,96.26931459885589,451.0,92.0,492.0,185.0,492.0,502.0,502.0,0.0,0.0,6,0,True,True,4,1,False,False
b7_partial,direct,11,212,428.0,572.0,428.0,572.0,572.0,0.0,213.0,91.0,110.53231338795501,437.0,90.0,425.0,212.0,425.0,572.0,572.0,0.0,0.0,3,0,True,True,7,8,False,False
b7_partial,direct,12,191,484.0,516.0,484.0,516.0,516.0,0.0,192.0,88.0,98.9607202378319,422.0,88.0,484.0,191.0,484.0,515.0,515.0,0.0,0.0,0,1,False,False,1,0,False,False
b7_partial,direct,13,193,479.0,521.0,479.0,521.0,521.0,0.0,193.0,88.0,97.89137847054462,429.0,88.0,479.0,193.0,479.0,521.0,521.0,0.0,0.0,0,0,False,False,2,0,False,False
b7_partial,direct,14,199,485.0,515.0,485.0,515.0,515.0,0.0,200.0,99.0,102.74536052668702,480.0,98.0,478.0,199.0,478.0,515.0,515.0,0.0,0.0,7,0,True,True,3,2,False,False
b7_partial,direct,15,202,491.0,509.0,491.0,509.0,509.0,0.0,203.0,91.0,111.18165258280848,449.0,91.0,491.0,202.0,478.0,507.0,507.0,0.0,0.0,13,2,False,False,1,0,False,False
b7_partial,direct,16,197,468.0,532.0,468.0,532.0,532.0,0.0,197.0,90.0,103.36866674347324,433.0,90.0,468.0,197.0,468.0,532.0,532.0,0.0,0.0,0,0,False,True,4,14,False,False
b7_partial,direct,17,182,507.0,493.0,507.0,493.0,493.0,0.0,183.0,94.0,96.27855176075329,447.0,94.0,507.0,182.0,507.0,492.0,492.0,0.0,0.0,0,1,False,True,5,3,False,False
b7_partial,direct,18,215,439.0,561.0,439.0,561.0,561.0,0.0,216.0,97.0,117.66443770760127,468.0,96.0,437.0,215.0,437.0,561.0,561.0,0.0,0.0,2,0,True,False,2,0,False,False
b7_partial,direct,19,215,440.0,560.0,440.0,560.0,560.0,0.0,215.0,96.0,112.03438524839444,449.0,96.0,440.0,215.0,440.0,560.0,560.0,0.0,0.0,0,0,False,False,1,0,False,False
b7_partial,direct,20,194,485.0,515.0,485.0,515.0,515.0,0.0,194.0,104.0,99.99377495270613,497.0,104.0,485.0,194.0,485.0,515.0,515.0,0.0,0.0,0,0,False,False,3,0,False,False
b7_partial,direct,21,184,497.0,503.0,497.0,503.0,503.0,0.0,185.0,96.0,94.3898050691848,451.0,96.0,497.0,184.0,497.0,502.0,502.0,0.0,0.0,0,1,False,False,2,0,False,False
b7_partial,direct,22,173,519.0,481.0,519.0,481.0,481.0,0.0,174.0,96.0,85.56507527877663,464.0,95.0,512.0,173.0,512.0,481.0,481.0,0.0,0.0,7,0,True,True,6,2,False,False
b7_partial,direct,23,211,443.0,557.0,443.0,557.0,557.0,0.0,212.0,87.0,112.57826807508461,414.0,86.0,421.0,211.0,421.0,557.0,557.0,0.0,0.0,22,0,True,True,5,28,False,False
b7_partial,direct,24,201,456.0,544.0,456.0,544.0,544.0,0.0,202.0,97.0,105.00654407792145,466.0,96.0,455.0,201.0,455.0,544.0,544.0,0.0,0.0,1,0,True,True,5,16,False,False
b7_partial,direct,25,199,474.0,526.0,474.0,526.0,526.0,0.0,199.0,95.0,102.13031300055287,448.0,95.0,474.0,199.0,474.0,526.0,526.0,0.0,0.0,0,0,False,False,1,0,False,False
b7_partial,direct,26,185,501.0,499.0,501.0,499.0,499.0,0.0,185.0,94.0,99.00023677583238,450.0,94.0,501.0,185.0,501.0,499.0,499.0,0.0,0.0,0,0,False,False,3,0,False,False
b7_partial,direct,27,202,457.0,543.0,457.0,543.0,543.0,0.0,203.0,94.0,109.68866940985151,435.0,93.0,452.0,202.0,452.0,543.0,543.0,0.0,0.0,5,0,True,True,7,3,False,False
b7_partial,direct,28,204,459.0,541.0,459.0,541.0,541.0,0.0,205.0,93.0,107.50139167173597,434.0,93.0,459.0,204.0,453.0,540.0,540.0,0.0,0.0,6,1,False,False,1,0,False,False
b7_partial,direct,29,202,442.0,558.0,442.0,558.0,558.0,0.0,203.0,103.0,110.45506530195246,497.0,102.0,415.0,202.0,415.0,558.0,558.0,0.0,0.0,27,0,True,False,3,0,False,False
b7_partial,direct,30,180,518.0,482.0,518.0,482.0,482.0,0.0,180.0,95.0,95.4504854008034,452.0,95.0,518.0,180.0,518.0,482.0,482.0,0.0,0.0,0,0,False,False,3,0,False,False
b7_partial,direct,31,212,459.0,541.0,459.0,541.0,541.0,0.0,213.0,95.0,116.18788184153972,449.0,95.0,459.0,212.0,458.0,539.0,539.0,0.0,0.0,1,2,False,False,2,0,False,False
b7_partial,direct,32,197,487.0,513.0,487.0,513.0,513.0,0.0,197.0,96.0,106.14454573540749,473.0,96.0,487.0,197.0,487.0,513.0,513.0,0.0,0.0,0,0,False,False,1,0,False,False
b7_partial,direct,33,184,507.0,493.0,507.0,493.0,493.0,0.0,185.0,97.0,93.81114663723524,478.0,97.0,507.0,184.0,507.0,492.0,492.0,0.0,0.0,0,1,False,True,5,17,False,False
b7_partial,direct,34,206,473.0,527.0,473.0,527.0,527.0,0.0,207.0,95.0,113.1522715345706,440.0,94.0,472.0,206.0,472.0,527.0,527.0,0.0,0.0,1,0,True,False,2,0,False,False
b7_partial,direct,35,217,416.0,584.0,416.0,584.0,584.0,0.0,218.0,87.0,117.38447164029334,389.0,86.0,408.0,217.0,408.0,584.0,584.0,0.0,0.0,8,0,True,False,1,0,False,False
b7_partial,direct,36,199,483.0,517.0,483.0,517.0,517.0,0.0,200.0,91.0,107.96412015225609,435.0,91.0,483.0,199.0,480.0,515.0,515.0,0.0,0.0,3,2,False,True,4,1,False,False
b7_partial,direct,37,219,443.0,557.0,443.0,557.0,557.0,0.0,219.0,102.0,117.35903717343504,482.0,102.0,443.0,219.0,443.0,557.0,557.0,0.0,0.0,0,0,False,False,1,0,False,False
b7_partial,direct,38,193,491.0,509.0,491.0,509.0,509.0,0.0,194.0,97.0,101.14134963744769,453.0,96.0,489.0,193.0,489.0,509.0,509.0,0.0,0.0,2,0,True,True,7,23,False,False
b7_partial,direct,39,209,446.0,554.0,446.0,554.0,554.0,0.0,210.0,91.0,115.57573472559503,425.0,90.0,442.0,209.0,442.0,554.0,554.0,0.0,0.0,4,0,True,True,5,9,False,False
b7_partial,direct,40,201,470.0,530.0,470.0,530.0,530.0,0.0,202.0,99.0,108.4033260107849,487.0,98.0,463.0,201.0,463.0,530.0,530.0,0.0,0.0,7,0,True,False,2,0,False,False
b7_partial,direct,41,202,461.0,539.0,461.0,539.0,539.0,0.0,203.0,88.0,108.46720802622835,420.0,87.0,460.0,202.0,460.0,539.0,539.0,0.0,0.0,1,0,True,False,3,0,False,False
b7_partial,direct,42,203,466.0,534.0,466.0,534.0,534.0,0.0,204.0,90.0,109.41382422037955,415.0,90.0,466.0,203.0,466.0,533.0,533.0,0.0,0.0,0,1,False,True,4,1,False,False
b7_partial,direct,43,193,473.0,527.0,473.0,527.0,527.0,0.0,194.0,101.0,100.58579871169053,496.0,101.0,473.0,193.0,470.0,525.0,525.0,0.0,0.0,3,2,False,True,6,2,False,False
b7_partial,direct,44,202,456.0,544.0,456.0,544.0,544.0,0.0,203.0,87.0,104.98725718258788,410.0,86.0,454.0,202.0,454.0,544.0,544.0,0.0,0.0,2,0,True,False,4,0,False,False
b7_partial,direct,45,223,408.0,592.0,408.0,592.0,592.0,0.0,224.0,89.0,122.29451307953792,415.0,89.0,408.0,223.0,408.0,589.0,589.0,0.0,0.0,0,3,False,True,5,6,False,False
b7_partial,direct,46,198,476.0,524.0,476.0,524.0,524.0,0.0,199.0,88.0,103.6770040037959,406.0,87.0,457.0,198.0,457.0,524.0,524.0,0.0,0.0,19,0,True,False,1,0,False,False
b7_partial,direct,47,196,480.0,520.0,480.0,520.0,520.0,0.0,197.0,90.0,104.24747772848288,435.0,90.0,480.0,196.0,480.0,519.0,519.0,0.0,0.0,0,1,False,False,3,0,False,False
b7_partial,direct,48,208,446.0,554.0,446.0,554.0,554.0,0.0,208.0,100.0,109.26564271921812,494.0,100.0,446.0,208.0,446.0,554.0,554.0,0.0,0.0,0,0,False,True,5,2,False,False
b7_partial,direct,49,210,444.0,556.0,444.0,556.0,556.0,0.0,211.0,99.0,109.45478505020493,472.0,98.0,443.0,210.0,443.0,556.0,556.0,0.0,0.0,1,0,True,True,4,2,False,False
b7_partial,direct,50,197,482.0,518.0,482.0,518.0,518.0,0.0,198.0,99.0,103.21956060888452,488.0,98.0,479.0,197.0,479.0,518.0,518.0,0.0,0.0,3,0,True,True,6,11,False,False
b7_partial,direct,51,206,475.0,525.0,475.0,525.0,525.0,0.0,207.0,91.0,113.15212376856776,408.0,91.0,475.0,206.0,472.0,523.0,523.0,0.0,0.0,3,2,False,False,3,0,False,False
b7_partial,direct,52,193,505.0,495.0,505.0,495.0,495.0,0.0,194.0,98.0,103.9724223621534,451.0,97.0,502.0,193.0,502.0,495.0,495.0,0.0,0.0,3,0,True,True,5,16,False,False
b7_partial,direct,53,225,416.0,584.0,416.0,584.0,584.0,0.0,226.0,94.0,124.14958531881058,441.0,93.0,415.0,225.0,415.0,584.0,584.0,0.0,0.0,1,0,True,True,6,4,False,False
b7_partial,direct,54,200,475.0,525.0,475.0,525.0,525.0,0.0,201.0,91.0,105.61795102080136,429.0,90.0,471.0,200.0,471.0,525.0,525.0,0.0,0.0,4,0,True,False,3,0,False,False
b7_partial,direct,55,211,453.0,547.0,453.0,547.0,547.0,0.0,212.0,101.0,110.58235951187054,469.0,100.0,452.0,211.0,452.0,547.0,547.0,0.0,0.0,1,0,True,True,4,3,False,False
b7_partial,direct,56,213,443.0,557.0,443.0,557.0,557.0,0.0,214.0,93.0,112.56427392379233,438.0,92.0,442.0,213.0,442.0,557.0,557.0,0.0,0.0,1,0,True,False,3,0,False,False
b7_partial,direct,57,182,510.0,490.0,510.0,490.0,490.0,0.0,183.0,85.0,97.49670631637244,421.0,84.0,509.0,182.0,509.0,490.0,490.0,0.0,0.0,1,0,True,False,1,0,False,False
b7_partial,direct,58,185,513.0,487.0,513.0,487.0,487.0,0.0,185.0,98.0,100.23688034550361,448.0,98.0,513.0,185.0,513.0,487.0,487.0,0.0,0.0,0,0,False,False,2,0,False,False
b7_partial,direct,59,196,466.0,534.0,466.0,534.0,534.0,0.0,196.0,91.0,97.23173821512084,417.0,91.0,466.0,196.0,466.0,534.0,534.0,0.0,0.0,0,0,False,True,5,2,False,False
b7_partial,direct,60,238,385.0,615.0,385.0,615.0,615.0,0.0,239.0,97.0,128.6175448441045,451.0,96.0,383.0,238.0,383.0,615.0,615.0,0.0,0.0,2,0,True,False,3,0,False,False
b7_partial,direct,61,207,446.0,554.0,446.0,554.0,554.0,0.0,208.0,99.0,116.85907852448761,462.0,98.0,444.0,207.0,444.0,554.0,554.0,0.0,0.0,2,0,True,False,3,0,False,False
b7_partial,direct,62,203,467.0,533.0,467.0,533.0,533.0,0.0,204.0,96.0,105.2093010612949,444.0,95.0,458.0,203.0,458.0,533.0,533.0,0.0,0.0,9,0,True,False,3,0,False,False
b7_partial,direct,63,216,435.0,565.0,435.0,565.0,565.0,0.0,217.0,98.0,115.77797856990375,480.0,98.0,435.0,216.0,435.0,564.0,564.0,0.0,0.0,0,1,False,False,4,0,False,False
b7_partial,direct,64,205,452.0,548.0,452.0,548.0,548.0,0.0,206.0,95.0,114.30446604385723,455.0,95.0,452.0,205.0,449.0,547.0,547.0,0.0,0.0,3,1,False,False,2,0,False,False
b7_partial,direct,65,202,470.0,530.0,470.0,530.0,530.0,0.0,203.0,97.0,106.02956613782266,461.0,97.0,470.0,202.0,470.0,529.0,529.0,0.0,0.0,0,1,False,True,4,8,False,False
b7_partial,direct,66,208,462.0,538.0,462.0,538.0,538.0,0.0,209.0,89.0,111.90934800811128,431.0,88.0,436.0,208.0,436.0,538.0,538.0,0.0,0.0,26,0,True,False,2,0,False,False
b7_partial,direct,67,194,479.0,521.0,479.0,521.0,521.0,0.0,195.0,92.0,106.19089103415389,457.0,91.0,478.0,194.0,478.0,521.0,521.0,0.0,0.0,1,0,True,False,2,0,False,False
b7_partial,direct,68,200,471.0,529.0,471.0,529.0,529.0,0.0,201.0,100.0,105.53834001470622,474.0,100.0,471.0,200.0,471.0,527.0,527.0,0.0,0.0,0,2,False,False,4,0,False,False
b7_partial,direct,69,187,505.0,495.0,505.0,495.0,495.0,0.0,187.0,89.0,95.40507368149704,435.0,89.0,505.0,187.0,505.0,495.0,495.0,0.0,0.0,0,0,False,False,3,0,False,False
b7_partial,direct,70,175,505.0,495.0,505.0,495.0,495.0,0.0,176.0,99.0,89.96277755219901,472.0,98.0,501.0,175.0,501.0,495.0,495.0,0.0,0.0,4,0,True,True,4,2,False,False
b7_partial,direct,71,220,425.0,575.0,425.0,575.0,575.0,0.0,221.0,91.0,116.57530026079124,422.0,90.0,424.0,220.0,424.0,575.0,575.0,0.0,0.0,1,0,True,True,5,9,False,False
b7_partial,direct,72,174,538.0,462.0,538.0,462.0,462.0,0.0,174.0,82.0,86.37049080632501,401.0,82.0,538.0,174.0,538.0,462.0,462.0,0.0,0.0,0,0,False,False,3,0,False,False
b7_partial,direct,73,198,468.0,532.0,468.0,532.0,532.0,0.0,198.0,89.0,106.57398830921842,410.0,89.0,468.0,198.0,468.0,532.0,532.0,0.0,0.0,0,0,False,False,3,0,False,False
b7_partial,direct,74,221,423.0,577.0,423.0,577.0,577.0,0.0,222.0,92.0,122.62574889682342,451.0,91.0,421.0,221.0,421.0,577.0,577.0,0.0,0.0,2,0,True,False,4,0,False,False
b7_partial,direct,75,187,509.0,491.0,509.0,491.0,491.0,0.0,188.0,96.0,97.47286568089332,468.0,96.0,509.0,187.0,509.0,489.0,489.0,0.0,0.0,0,2,False,True,6,8,False,False
b7_partial,direct,76,212,443.0,557.0,443.0,557.0,557.0,0.0,213.0,102.0,111.80991877638968,479.0,101.0,442.0,212.0,442.0,557.0,557.0,0.0,0.0,1,0,True,True,6,2,False,False
b7_partial,direct,77,183,496.0,504.0,496.0,504.0,504.0,0.0,183.0,101.0,93.78391296469937,475.0,101.0,496.0,183.0,496.0,504.0,504.0,0.0,0.0,0,0,False,True,5,1,False,False
b7_partial,direct,78,225,411.0,589.0,411.0,589.0,589.0,0.0,226.0,95.0,120.51308161970096,458.0,94.0,401.0,225.0,401.0,589.0,589.0,0.0,0.0,10,0,True,False,3,0,False,False
b7_partial,direct,79,202,469.0,531.0,469.0,531.0,531.0,0.0,202.0,87.0,107.23106256469926,416.0,87.0,469.0,202.0,469.0,531.0,531.0,0.0,0.0,0,0,False,True,5,4,False,False
b7_partial,direct,80,190,482.0,518.0,482.0,518.0,518.0,0.0,190.0,97.0,101.96129400355407,442.0,97.0,482.0,190.0,482.0,518.0,518.0,0.0,0.0,0,0,False,False,2,0,False,False
b7_partial,direct,81,215,462.0,538.0,462.0,538.0,538.0,0.0,216.0,98.0,117.2201707021534,469.0,98.0,462.0,215.0,459.0,536.0,536.0,0.0,0.0,3,2,False,False,2,0,False,False
b7_partial,direct,82,189,484.0,516.0,484.0,516.0,516.0,0.0,190.0,99.0,100.40574690355778,460.0,98.0,478.0,189.0,478.0,516.0,516.0,0.0,0.0,6,0,True,True,4,1,False,False
b7_partial,direct,83,172,546.0,454.0,546.0,454.0,454.0,0.0,173.0,86.0,87.44139056677751,405.0,85.0,544.0,172.0,544.0,454.0,454.0,0.0,0.0,2,0,True,True,5,1,False,False
b7_partial,direct,84,210,461.0,539.0,461.0,539.0,539.0,0.0,211.0,91.0,115.85849149635155,425.0,90.0,457.0,210.0,457.0,539.0,539.0,0.0,0.0,4,0,True,True,3,2,False,False
b7_partial,direct,85,196,498.0,502.0,498.0,502.0,502.0,0.0,197.0,94.0,101.75930362338183,439.0,94.0,498.0,196.0,498.0,501.0,501.0,0.0,0.0,0,1,False,True,4,4,False,False
b7_partial,direct,86,185,507.0,493.0,507.0,493.0,493.0,0.0,186.0,90.0,99.07159328086098,418.0,90.0,507.0,185.0,506.0,491.0,491.0,0.0,0.0,1,2,False,False,3,0,False,False
b7_partial,direct,87,209,459.0,541.0,459.0,541.0,541.0,0.0,210.0,97.0,113.33856206815722,468.0,97.0,459.0,209.0,459.0,540.0,540.0,0.0,0.0,0,1,False,True,5,2,False,False
b7_partial,direct,88,178,543.0,457.0,543.0,457.0,457.0,0.0,179.0,95.0,92.46844549872884,442.0,94.0,539.0,178.0,539.0,457.0,457.0,0.0,0.0,4,0,True,True,4,1,False,False
b7_partial,direct,89,200,459.0,541.0,459.0,541.0,541.0,0.0,201.0,96.0,105.81405491466397,457.0,95.0,443.0,200.0,443.0,541.0,541.0,0.0,0.0,16,0,True,False,2,0,False,False
b7_partial,direct,90,190,485.0,515.0,485.0,515.0,515.0,0.0,191.0,97.0,97.82605033574873,456.0,96.0,482.0,190.0,482.0,515.0,515.0,0.0,0.0,3,0,True,True,6,12,False,False
b7_partial,direct,91,216,433.0,567.0,433.0,567.0,567.0,0.0,217.0,103.0,114.2044598084122,478.0,103.0,433.0,216.0,430.0,565.0,565.0,0.0,0.0,3,2,False,False,2,0,False,False
b7_partial,direct,92,202,465.0,535.0,465.0,535.0,535.0,0.0,202.0,84.0,106.67576159090153,393.0,84.0,465.0,202.0,465.0,535.0,535.0,0.0,0.0,0,0,False,False,1,0,False,False
b7_partial,direct,93,203,459.0,541.0,459.0,541.0,541.0,0.0,204.0,92.0,107.9347091768329,456.0,91.0,458.0,203.0,458.0,541.0,541.0,0.0,0.0,1,0,True,True,6,9,False,False
b7_partial,direct,94,204,447.0,553.0,447.0,553.0,553.0,0.0,204.0,97.0,110.42285888028744,472.0,97.0,447.0,204.0,447.0,553.0,553.0,0.0,0.0,0,0,False,False,2,0,False,False
b7_partial,direct,95,195,504.0,496.0,504.0,496.0,496.0,0.0,196.0,94.0,101.56290092589387,462.0,93.0,493.0,195.0,493.0,496.0,496.0,0.0,0.0,11,0,True,True,5,1,False,False
b7_partial,direct,96,187,504.0,496.0,504.0,496.0,496.0,0.0,188.0,99.0,99.30732256275905,448.0,99.0,504.0,187.0,504.0,495.0,495.0,0.0,0.0,0,1,False,False,1,0,False,False
b7_partial,direct,97,217,433.0,567.0,433.0,567.0,567.0,0.0,217.0,99.0,115.83453387988148,465.0,99.0,433.0,217.0,433.0,567.0,567.0,0.0,0.0,0,0,False,True,4,4,False,False
b7_partial,direct,98,193,478.0,522.0,478.0,522.0,522.0,0.0,194.0,95.0,100.92139075179013,441.0,95.0,478.0,193.0,478.0,520.0,520.0,0.0,0.0,0,2,False,True,3,1,False,False
b7_partial,direct,99,199,460.0,540.0,460.0,540.0,540.0,0.0,199.0,93.0,104.19343866487826,442.0,93.0,460.0,199.0,460.0,540.0,540.0,0.0,0.0,0,0,False,True,3,7,False,False
b7_partial,direct,100,201,487.0,513.0,487.0,513.0,513.0,0.0,202.0,92.0,111.21590700452086,456.0,92.0,487.0,201.0,475.0,512.0,512.0,0.0,0.0,12,1,False,True,5,2,False,False
b7_partial,direct,101,200,479.0,521.0,479.0,521.0,521.0,0.0,201.0,89.0,108.40701296710346,436.0,88.0,456.0,200.0,456.0,521.0,521.0,0.0,0.0,23,0,True,True,4,6,False,False
b7_partial,direct,102,207,463.0,537.0,463.0,537.0,537.0,0.0,208.0,93.0,108.82153899199761,427.0,92.0,435.0,207.0,435.0,537.0,537.0,0.0,0.0,28,0,True,False,2,0,False,False
b7_partial,direct,103,189,483.0,517.0,483.0,517.0,517.0,0.0,190.0,86.0,99.16522423281234,424.0,85.0,477.0,189.0,477.0,517.0,517.0,0.0,0.0,6,0,True,False,1,0,False,False
b7_partial,direct,104,214,434.0,566.0,434.0,566.0,566.0,0.0,215.0,99.0,113.27576797221258,454.0,98.0,426.0,214.0,426.0,566.0,566.0,0.0,0.0,8,0,True,False,1,0,False,False
b7_partial,direct,105,209,441.0,559.0,441.0,559.0,559.0,0.0,210.0,96.0,110.52711116320448,462.0,96.0,441.0,209.0,440.0,557.0,557.0,0.0,0.0,1,2,False,False,3,0,False,False
b7_partial,direct,106,176,507.0,493.0,507.0,493.0,493.0,0.0,177.0,104.0,91.29386474490795,499.0,103.0,505.0,176.0,505.0,493.0,493.0,0.0,0.0,2,0,True,False,4,0,False,False
b7_partial,direct,107,215,433.0,567.0,433.0,567.0,567.0,0.0,216.0,98.0,109.2691273851557,479.0,98.0,433.0,215.0,431.0,566.0,566.0,0.0,0.0,2,1,False,True,3,2,False,False
b7_partial,direct,108,193,471.0,529.0,471.0,529.0,529.0,0.0,194.0,98.0,100.22848692097755,486.0,98.0,471.0,193.0,471.0,528.0,528.0,0.0,0.0,0,1,False,True,3,5,False,False
b7_partial,direct,109,228,406.0,594.0,406.0,594.0,594.0,0.0,229.0,103.0,122.18886100550857,486.0,103.0,406.0,228.0,404.0,592.0,592.0,0.0,0.0,2,2,False,True,4,1,False,False
b7_partial,direct,110,196,499.0,501.0,499.0,501.0,501.0,0.0,196.0,92.0,101.383218245799,432.0,92.0,499.0,196.0,499.0,501.0,501.0,0.0,0.0,0,0,False,False,3,0,False,False
b7_partial,direct,111,210,461.0,539.0,461.0,539.0,539.0,0.0,210.0,88.0,113.86182023171185,432.0,88.0,461.0,210.0,461.0,539.0,539.0,0.0,0.0,0,0,False,False,2,0,False,False
b7_partial,direct,112,190,507.0,493.0,507.0,493.0,493.0,0.0,191.0,103.0,99.69545661540711,500.0,102.0,505.0,190.0,505.0,493.0,493.0,0.0,0.0,2,0,True,True,3,2,False,False
b7_partial,direct,113,185,511.0,489.0,511.0,489.0,489.0,0.0,186.0,94.0,91.49789057280641,471.0,94.0,511.0,185.0,511.0,487.0,487.0,0.0,0.0,0,2,False,True,5,1,False,False
b7_partial,direct,114,197,467.0,533.0,467.0,533.0,533.0,0.0,198.0,96.0,104.0318815039151,458.0,95.0,465.0,197.0,465.0,533.0,533.0,0.0,0.0,2,0,True,False,3,0,False,False
b7_partial,direct,115,193,487.0,513.0,487.0,513.0,513.0,0.0,194.0,90.0,103.24252962323862,409.0,90.0,487.0,193.0,487.0,511.0,511.0,0.0,0.0,0,2,False,False,2,0,False,False
b7_partial,direct,116,189,483.0,517.0,483.0,517.0,517.0,0.0,190.0,95.0,100.51740004958472,459.0,94.0,477.0,189.0,477.0,517.0,517.0,0.0,0.0,6,0,True,False,4,0,False,False
b7_partial,direct,117,166,550.0,450.0,550.0,450.0,450.0,0.0,167.0,86.0,88.2127797476599,410.0,85.0,544.0,166.0,544.0,450.0,450.0,0.0,0.0,6,0,True,True,5,10,False,False
b7_partial,direct,118,201,474.0,526.0,474.0,526.0,526.0,0.0,202.0,86.0,106.13268796420968,414.0,86.0,474.0,201.0,474.0,525.0,525.0,0.0,0.0,0,1,False,False,4,0,False,False
b7_partial,direct,119,210,445.0,555.0,445.0,555.0,555.0,0.0,211.0,96.0,115.31451188112072,443.0,95.0,440.0,210.0,440.0,555.0,555.0,0.0,0.0,5,0,True,False,1,0,False,False
b7_partial,direct,120,193,482.0,518.0,482.0,518.0,518.0,0.0,193.0,95.0,104.78772421697445,439.0,95.0,482.0,193.0,482.0,518.0,518.0,0.0,0.0,0,0,False,True,4,1,False,False
b7_partial,direct,121,203,463.0,537.0,463.0,537.0,537.0,0.0,204.0,102.0,104.91695897355807,487.0,102.0,463.0,203.0,463.0,536.0,536.0,0.0,0.0,0,1,False,False,4,0,False,False
b7_partial,direct,122,212,451.0,549.0,451.0,549.0,549.0,0.0,212.0,93.0,110.93520221048144,450.0,93.0,451.0,212.0,451.0,549.0,549.0,0.0,0.0,0,0,False,False,3,0,False,False
b7_partial,direct,123,207,470.0,530.0,470.0,530.0,530.0,0.0,208.0,102.0,107.2255392399288,474.0,101.0,468.0,207.0,468.0,530.0,530.0,0.0,0.0,2,0,True,True,4,7,False,False
b7_partial,direct,124,208,460.0,540.0,460.0,540.0,540.0,0.0,209.0,87.0,109.72128818669391,414.0,86.0,457.0,208.0,457.0,540.0,540.0,0.0,0.0,3,0,True,False,2,0,False,False
b7_partial,direct,125,199,480.0,520.0,480.0,520.0,520.0,0.0,200.0,99.0,102.53881262842087,470.0,98.0,478.0,199.0,478.0,520.0,520.0,0.0,0.0,2,0,True,False,1,0,False,False
b7_partial,direct,126,168,539.0,461.0,539.0,461.0,461.0,0.0,168.0,93.0,83.76526630553751,466.0,93.0,539.0,168.0,539.0,461.0,461.0,0.0,0.0,0,0,False,True,6,4,False,False
b7_partial,direct,127,208,447.0,553.0,447.0,553.0,553.0,0.0,208.0,107.0,110.12846977733226,515.0,107.0,447.0,208.0,447.0,553.0,553.0,0.0,0.0,0,0,False,True,5,2,False,False
b7_partial,direct,128,179,502.0,498.0,502.0,498.0,498.0,0.0,180.0,90.0,90.62437320628696,436.0,89.0,501.0,179.0,501.0,498.0,498.0,0.0,0.0,1,0,True,True,6,20,False,False
b7_partial,direct,129,191,498.0,502.0,498.0,502.0,502.0,0.0,192.0,91.0,100.5841676097716,425.0,90.0,493.0,191.0,493.0,502.0,502.0,0.0,0.0,5,0,True,True,3,2,False,False
b7_partial,direct,130,180,527.0,473.0,527.0,473.0,473.0,0.0,180.0,93.0,97.21847920815816,428.0,93.0,527.0,180.0,527.0,473.0,473.0,0.0,0.0,0,0,False,False,2,0,False,False
b7_partial,direct,131,204,457.0,543.0,457.0,543.0,543.0,0.0,204.0,99.0,106.97597913576678,473.0,99.0,457.0,204.0,457.0,543.0,543.0,0.0,0.0,0,0,False,False,2,0,False,False
b7_partial,direct,132,204,458.0,542.0,458.0,542.0,542.0,0.0,205.0,100.0,102.82151098889888,465.0,100.0,458.0,204.0,449.0,541.0,541.0,0.0,0.0,9,1,False,True,5,3,False,False
b7_partial,direct,133,211,437.0,563.0,437.0,563.0,563.0,0.0,212.0,96.0,110.6254261480132,453.0,95.0,430.0,211.0,430.0,563.0,563.0,0.0,0.0,7,0,True,False,2,0,False,False
b7_partial,direct,134,201,496.0,504.0,496.0,504.0,504.0,0.0,202.0,92.0,104.70568213139211,429.0,91.0,495.0,201.0,495.0,504.0,504.0,0.0,0.0,1,0,True,False,1,0,False,False
b7_partial,direct,135,190,496.0,504.0,496.0,504.0,504.0,0.0,191.0,97.0,102.14629761624973,465.0,97.0,496.0,190.0,486.0,502.0,502.0,0.0,0.0,10,2,False,False,2,0,False,False
b7_partial,direct,136,220,438.0,562.0,438.0,562.0,562.0,0.0,220.0,100.0,119.50212200136643,467.0,100.0,438.0,220.0,438.0,562.0,562.0,0.0,0.0,0,0,False,True,3,1,False,False
b7_partial,direct,137,207,472.0,528.0,472.0,528.0,528.0,0.0,208.0,91.0,116.42128079179157,431.0,90.0,470.0,207.0,470.0,528.0,528.0,0.0,0.0,2,0,True,True,5,1,False,False
b7_partial,direct,138,220,420.0,580.0,420.0,580.0,580.0,0.0,221.0,97.0,118.26623781424892,445.0,97.0,420.0,220.0,418.0,578.0,578.0,0.0,0.0,2,2,False,True,5,2,False,False
b7_partial,direct,139,205,450.0,550.0,450.0,550.0,550.0,0.0,206.0,90.0,108.85896619271902,426.0,90.0,450.0,205.0,440.0,549.0,549.0,0.0,0.0,10,1,False,True,4,8,False,False
b7_partial,direct,140,214,444.0,556.0,444.0,556.0,556.0,0.0,215.0,96.0,112.81255168736824,461.0,96.0,444.0,214.0,444.0,555.0,555.0,0.0,0.0,0,1,False,True,4,3,False,False
b7_partial,direct,141,200,463.0,537.0,463.0,537.0,537.0,0.0,201.0,93.0,107.34902647176334,418.0,92.0,460.0,200.0,460.0,537.0,537.0,0.0,0.0,3,0,True,False,1,0,False,False
b7_partial,direct,142,177,523.0,477.0,523.0,477.0,477.0,0.0,178.0,96.0,89.78983507369219,469.0,95.0,515.0,177.0,515.0,477.0,477.0,0.0,0.0,8,0,True,False,2,0,False,False
b7_partial,direct,143,205,459.0,541.0,459.0,541.0,541.0,0.0,206.0,100.0,105.36444931412782,469.0,100.0,459.0,205.0,452.0,540.0,540.0,0.0,0.0,7,1,False,True,6,7,False,False
b7_partial,direct,144,198,477.0,523.0,477.0,523.0,523.0,0.0,198.0,93.0,105.15562355638409,417.0,93.0,477.0,198.0,477.0,523.0,523.0,0.0,0.0,0,0,False,True,4,3,False,False
b7_partial,direct,145,195,476.0,524.0,476.0,524.0,524.0,0.0,195.0,89.0,103.97860553189496,412.0,89.0,476.0,195.0,476.0,524.0,524.0,0.0,0.0,0,0,False,False,2,0,False,False
b7_partial,direct,146,214,433.0,567.0,433.0,567.0,567.0,0.0,215.0,90.0,116.47372393351996,395.0,89.0,432.0,214.0,432.0,567.0,567.0,0.0,0.0,1,0,True,False,1,0,False,False
b7_partial,direct,147,201,474.0,526.0,474.0,526.0,526.0,0.0,201.0,86.0,109.55026575610269,392.0,86.0,474.0,201.0,474.0,526.0,526.0,0.0,0.0,0,0,False,True,5,29,False,False
b7_partial,direct,148,208,480.0,520.0,480.0,520.0,520.0,0.0,209.0,92.0,111.38831874703116,432.0,92.0,480.0,208.0,478.0,519.0,519.0,0.0,0.0,2,1,False,False,2,0,False,False
b7_partial,direct,149,208,442.0,558.0,442.0,558.0,558.0,0.0,209.0,100.0,114.13239282852624,467.0,100.0,442.0,208.0,439.0,557.0,557.0,0.0,0.0,3,1,False,False,2,0,False,False
b7_partial,direct,150,187,491.0,509.0,491.0,509.0,509.0,0.0,188.0,95.0,97.36855032073267,465.0,94.0,487.0,187.0,487.0,509.0,509.0,0.0,0.0,4,0,True,False,2,0,False,False
b7_partial,direct,151,203,475.0,525.0,475.0,525.0,525.0,0.0,204.0,99.0,107.46019928662442,470.0,99.0,475.0,203.0,475.0,523.0,523.0,0.0,0.0,0,2,False,False,2,0,False,False
b7_partial,direct,152,229,408.0,592.0,408.0,592.0,592.0,0.0,229.0,101.0,122.34308720847952,470.0,101.0,408.0,229.0,408.0,592.0,592.0,0.0,0.0,0,0,False,False,3,0,False,False
b7_partial,direct,153,207,467.0,533.0,467.0,533.0,533.0,0.0,207.0,98.0,109.68229440763086,444.0,98.0,467.0,207.0,467.0,533.0,533.0,0.0,0.0,0,0,False,False,1,0,False,False
b7_partial,direct,154,191,488.0,512.0,488.0,512.0,512.0,0.0,192.0,92.0,100.57694247710225,428.0,92.0,488.0,191.0,488.0,511.0,511.0,0.0,0.0,0,1,False,False,1,0,False,False
b7_partial,direct,155,192,489.0,511.0,489.0,511.0,511.0,0.0,192.0,96.0,103.9166405587054,448.0,96.0,489.0,192.0,489.0,511.0,511.0,0.0,0.0,0,0,False,False,1,0,False,False
b7_partial,direct,156,213,442.0,558.0,442.0,558.0,558.0,0.0,213.0,94.0,115.05935342775255,446.0,94.0,442.0,213.0,442.0,558.0,558.0,0.0,0.0,0,0,False,False,2,0,False,False
b7_partial,direct,157,207,459.0,541.0,459.0,541.0,541.0,0.0,208.0,88.0,112.24256141829335,401.0,88.0,459.0,207.0,459.0,540.0,540.0,0.0,0.0,0,1,False,True,4,3,False,False
b7_partial,direct,158,178,522.0,478.0,522.0,478.0,478.0,0.0,178.0,88.0,89.57346661056444,432.0,88.0,522.0,178.0,522.0,478.0,478.0,0.0,0.0,0,0,False,False,3,0,False,False
b7_partial,direct,159,213,459.0,541.0,459.0,541.0,541.0,0.0,214.0,94.0,109.18897006397668,460.0,93.0,457.0,213.0,457.0,541.0,541.0,0.0,0.0,2,0,True,False,1,0,False,False
b7_partial,direct,160,179,513.0,487.0,513.0,487.0,487.0,0.0,179.0,100.0,90.9208844475098,467.0,100.0,513.0,179.0,513.0,487.0,487.0,0.0,0.0,0,0,False,True,4,28,False,False
b7_partial,direct,161,202,478.0,522.0,478.0,522.0,522.0,0.0,203.0,93.0,106.46239594318573,442.0,92.0,476.0,202.0,476.0,522.0,522.0,0.0,0.0,2,0,True,True,4,10,False,False
b7_partial,direct,162,173,519.0,481.0,519.0,481.0,481.0,0.0,174.0,92.0,92.25714256615787,443.0,92.0,519.0,173.0,519.0,480.0,480.0,0.0,0.0,0,1,False,False,2,0,False,False
b7_partial,direct,163,196,477.0,523.0,477.0,523.0,523.0,0.0,196.0,101.0,104.36171288086587,479.0,101.0,477.0,196.0,477.0,523.0,523.0,0.0,0.0,0,0,False,True,6,5,False,False
b7_partial,direct,164,196,477.0,523.0,477.0,523.0,523.0,0.0,197.0,87.0,104.76697833302183,402.0,86.0,442.0,196.0,442.0,523.0,523.0,0.0,0.0,35,0,True,False,2,0,False,False
b7_partial,direct,165,198,469.0,531.0,469.0,531.0,531.0,0.0,199.0,94.0,102.96410269297262,448.0,93.0,464.0,198.0,464.0,531.0,531.0,0.0,0.0,5,0,True,False,2,0,False,False
b7_partial,direct,166,189,491.0,509.0,491.0,509.0,509.0,0.0,190.0,94.0,97.8869893978084,448.0,93.0,488.0,189.0,488.0,509.0,509.0,0.0,0.0,3,0,True,True,7,5,False,False
b7_partial,direct,167,189,492.0,508.0,492.0,508.0,508.0,0.0,190.0,93.0,97.34205609286536,445.0,93.0,492.0,189.0,492.0,507.0,507.0,0.0,0.0,0,1,False,True,5,7,False,False
b7_partial,direct,168,180,512.0,488.0,512.0,488.0,488.0,0.0,181.0,103.0,94.67132834168264,483.0,102.0,511.0,180.0,511.0,488.0,488.0,0.0,0.0,1,0,True,False,3,0,False,False
b7_partial,direct,169,214,425.0,575.0,425.0,575.0,575.0,0.0,215.0,95.0,115.84442290483477,436.0,95.0,425.0,214.0,425.0,574.0,574.0,0.0,0.0,0,1,False,False,3,0,False,False
b7_partial,direct,170,180,527.0,473.0,527.0,473.0,473.0,0.0,180.0,81.0,95.85332533505732,389.0,81.0,527.0,180.0,527.0,473.0,473.0,0.0,0.0,0,0,False,False,2,0,False,False
b7_partial,direct,171,200,462.0,538.0,462.0,538.0,538.0,0.0,201.0,97.0,106.15109649645764,453.0,97.0,462.0,200.0,457.0,535.0,535.0,0.0,0.0,5,3,False,True,5,8,False,False
b7_partial,direct,172,232,407.0,593.0,407.0,593.0,593.0,0.0,232.0,96.0,125.63498499077978,429.0,96.0,407.0,232.0,407.0,593.0,593.0,0.0,0.0,0,0,False,False,3,0,False,False
b7_partial,direct,173,203,462.0,538.0,462.0,538.0,538.0,0.0,204.0,103.0,106.04122591711092,485.0,103.0,462.0,203.0,459.0,537.0,537.0,0.0,0.0,3,1,False,False,2,0,False,False
b7_partial,direct,174,214,445.0,555.0,445.0,555.0,555.0,0.0,215.0,91.0,117.6654619357624,428.0,91.0,445.0,214.0,445.0,553.0,553.0,0.0,0.0,0,2,False,True,3,2,False,False
b7_partial,direct,175,201,482.0,518.0,482.0,518.0,518.0,0.0,202.0,92.0,107.76323517551977,432.0,91.0,478.0,201.0,478.0,518.0,518.0,0.0,0.0,4,0,True,True,5,4,False,False
b7_partial,direct,176,209,456.0,544.0,456.0,544.0,544.0,0.0,209.0,90.0,109.31127272598025,423.0,90.0,456.0,209.0,456.0,544.0,544.0,0.0,0.0,0,0,False,False,2,0,False,False
b7_partial,direct,177,187,507.0,493.0,507.0,493.0,493.0,0.0,188.0,91.0,100.08922721865409,421.0,90.0,501.0,187.0,501.0,493.0,493.0,0.0,0.0,6,0,True,False,3,0,False,False
b7_partial,direct,178,187,513.0,487.0,513.0,487.0,487.0,0.0,188.0,96.0,95.99882758672796,441.0,95.0,512.0,187.0,512.0,487.0,487.0,0.0,0.0,1,0,True,True,4,5,False,False
b7_partial,direct,179,196,475.0,525.0,475.0,525.0,525.0,0.0,196.0,96.0,106.44031531894467,442.0,96.0,475.0,196.0,475.0,525.0,525.0,0.0,0.0,0,0,False,False,2,0,False,False
b7_partial,direct,180,210,464.0,536.0,464.0,536.0,536.0,0.0,211.0,100.0,116.28557243877094,474.0,99.0,451.0,210.0,451.0,536.0,536.0,0.0,0.0,13,0,True,False,1,0,False,False
b7_partial,direct,181,186,489.0,511.0,489.0,511.0,511.0,0.0,187.0,96.0,94.47775482003674,455.0,96.0,489.0,186.0,488.0,510.0,510.0,0.0,0.0,1,1,False,False,2,0,False,False
b7_partial,direct,182,200,480.0,520.0,480.0,520.0,520.0,0.0,200.0,94.0,103.3775013215348,457.0,94.0,480.0,200.0,480.0,520.0,520.0,0.0,0.0,0,0,False,True,3,23,False,False
b7_partial,direct,183,195,470.0,530.0,470.0,530.0,530.0,0.0,195.0,87.0,100.46109874779948,411.0,87.0,470.0,195.0,470.0,530.0,530.0,0.0,0.0,0,0,False,False,2,0,False,False
b7_partial,direct,184,206,452.0,548.0,452.0,548.0,548.0,0.0,207.0,98.0,108.39538949519088,449.0,98.0,452.0,206.0,452.0,547.0,547.0,0.0,0.0,0,1,False,True,4,2,False,False
b7_partial,direct,185,222,427.0,573.0,427.0,573.0,573.0,0.0,223.0,93.0,121.5122448088173,435.0,93.0,427.0,222.0,427.0,572.0,572.0,0.0,0.0,0,1,False,False,4,0,False,False
b7_partial,direct,186,203,461.0,539.0,461.0,539.0,539.0,0.0,204.0,97.0,106.73896594088069,469.0,96.0,460.0,203.0,460.0,539.0,539.0,0.0,0.0,1,0,True,False,2,0,False,False
b7_partial,direct,187,183,511.0,489.0,511.0,489.0,489.0,0.0,183.0,89.0,89.7097344837451,428.0,89.0,511.0,183.0,511.0,489.0,489.0,0.0,0.0,0,0,False,False,3,0,False,False
b7_partial,direct,188,213,447.0,553.0,447.0,553.0,553.0,0.0,213.0,96.0,109.91971052029433,455.0,96.0,447.0,213.0,447.0,553.0,553.0,0.0,0.0,0,0,False,False,3,0,False,False
b7_partial,direct,189,214,437.0,563.0,437.0,563.0,563.0,0.0,214.0,102.0,110.10909156296655,479.0,102.0,437.0,214.0,437.0,563.0,563.0,0.0,0.0,0,0,False,True,5,2,False,False
b7_partial,direct,190,218,439.0,561.0,439.0,561.0,561.0,0.0,219.0,97.0,118.06907663480376,461.0,97.0,439.0,218.0,436.0,560.0,560.0,0.0,0.0,3,1,False,False,1,0,False,False
b7_partial,direct,191,199,470.0,530.0,470.0,530.0,530.0,0.0,200.0,100.0,104.47341877566501,458.0,99.0,468.0,199.0,468.0,530.0,530.0,0.0,0.0,2,0,True,True,3,22,False,False
b7_partial,direct,192,197,483.0,517.0,483.0,517.0,517.0,0.0,198.0,95.0,105.4821872054524,469.0,95.0,483.0,197.0,482.0,515.0,515.0,0.0,0.0,1,2,False,True,3,2,False,False
b7_partial,direct,193,205,444.0,556.0,444.0,556.0,556.0,0.0,206.0,91.0,108.87391471748205,433.0,90.0,440.0,205.0,440.0,556.0,556.0,0.0,0.0,4,0,True,False,3,0,False,False
b7_partial,direct,194,212,455.0,545.0,455.0,545.0,545.0,0.0,213.0,98.0,111.57045997163272,451.0,98.0,455.0,212.0,455.0,544.0,544.0,0.0,0.0,0,1,False,False,1,0,False,False
b7_partial,direct,195,192,513.0,487.0,513.0,487.0,487.0,0.0,193.0,108.0,102.79726468977545,495.0,108.0,513.0,192.0,511.0,485.0,485.0,0.0,0.0,2,2,False,False,2,0,False,False
b7_partial,direct,196,186,497.0,503.0,497.0,503.0,503.0,0.0,186.0,95.0,96.41554643009579,439.0,95.0,497.0,186.0,497.0,503.0,503.0,0.0,0.0,0,0,False,False,1,0,False,False
b7_partial,direct,197,201,473.0,527.0,473.0,527.0,527.0,0.0,201.0,102.0,108.99336219859161,472.0,102.0,473.0,201.0,473.0,527.0,527.0,0.0,0.0,0,0,False,True,6,19,False,False
b7_partial,direct,198,222,418.0,582.0,418.0,582.0,582.0,0.0,223.0,93.0,119.02813330628473,443.0,93.0,418.0,222.0,418.0,581.0,581.0,0.0,0.0,0,1,False,False,2,0,False,False
b7_partial,direct,199,181,508.0,492.0,508.0,492.0,492.0,0.0,181.0,96.0,96.68762454136991,441.0,96.0,508.0,181.0,508.0,492.0,492.0,0.0,0.0,0,0,False,True,4,2,False,False
b7_partial,direct,200,213,455.0,545.0,455.0,545.0,545.0,0.0,214.0,92.0,115.8263988886481,444.0,91.0,454.0,213.0,454.0,545.0,545.0,0.0,0.0,1,0,True,True,5,3,False,False
b7_partial,direct,201,224,426.0,574.0,426.0,574.0,574.0,0.0,225.0,100.0,119.34356237494272,446.0,100.0,426.0,224.0,426.0,573.0,573.0,0.0,0.0,0,1,False,True,4,11,False,False
b7_partial,direct,202,188,512.0,488.0,512.0,488.0,488.0,0.0,189.0,91.0,102.44967531645746,440.0,91.0,512.0,188.0,512.0,487.0,487.0,0.0,0.0,0,1,False,True,4,16,False,False
b7_partial,direct,203,190,492.0,508.0,492.0,508.0,508.0,0.0,191.0,98.0,97.62246250257415,454.0,97.0,491.0,190.0,491.0,508.0,508.0,0.0,0.0,1,0,True,True,3,4,False,False
b7_partial,direct,204,173,537.0,463.0,537.0,463.0,463.0,0.0,174.0,90.0,85.91300254146024,421.0,89.0,535.0,173.0,535.0,463.0,463.0,0.0,0.0,2,0,True,False,3,0,False,False
b7_partial,direct,205,209,457.0,543.0,457.0,543.0,543.0,0.0,210.0,103.0,112.14586330123414,482.0,102.0,451.0,209.0,451.0,543.0,543.0,0.0,0.0,6,0,True,False,3,0,False,False
b7_partial,direct,206,192,484.0,516.0,484.0,516.0,516.0,0.0,193.0,97.0,101.67566809359101,463.0,96.0,482.0,192.0,482.0,516.0,516.0,0.0,0.0,2,0,True,True,3,1,False,False
b7_partial,direct,207,206,452.0,548.0,452.0,548.0,548.0,0.0,207.0,99.0,108.54634056529159,480.0,99.0,452.0,206.0,449.0,546.0,546.0,0.0,0.0,3,2,False,False,1,0,False,False
b7_partial,direct,208,179,524.0,476.0,524.0,476.0,476.0,0.0,180.0,100.0,94.98504912643926,463.0,100.0,524.0,179.0,513.0,475.0,475.0,0.0,0.0,11,1,False,False,2,0,False,False
b7_partial,direct,209,190,485.0,515.0,485.0,515.0,515.0,0.0,191.0,97.0,99.64670070510687,463.0,96.0,481.0,190.0,481.0,515.0,515.0,0.0,0.0,4,0,True,True,5,2,False,False
b7_partial,direct,210,201,463.0,537.0,463.0,537.0,537.0,0.0,202.0,100.0,102.30966205725589,481.0,100.0,463.0,201.0,458.0,535.0,535.0,0.0,0.0,5,2,False,False,2,0,False,False
b7_partial,direct,211,186,516.0,484.0,516.0,484.0,484.0,0.0,187.0,92.0,99.49086441127253,457.0,91.0,511.0,186.0,511.0,484.0,484.0,0.0,0.0,5,0,True,False,2,0,False,False
b7_partial,direct,212,199,469.0,531.0,469.0,531.0,531.0,0.0,200.0,98.0,103.9497720278629,456.0,97.0,468.0,199.0,468.0,531.0,531.0,0.0,0.0,1,0,True,True,5,1,False,False
b7_partial,direct,213,203,461.0,539.0,461.0,539.0,539.0,0.0,204.0,104.0,104.09417625082925,489.0,104.0,461.0,203.0,455.0,537.0,537.0,0.0,0.0,6,2,False,False,2,0,False,False
b7_partial,direct,214,200,457.0,543.0,457.0,543.0,543.0,0.0,201.0,101.0,107.13150231840666,473.0,101.0,457.0,200.0,457.0,542.0,542.0,0.0,0.0,0,1,False,True,3,5,False,False
b7_partial,direct,215,182,518.0,482.0,518.0,482.0,482.0,0.0,182.0,96.0,98.55572363559476,447.0,96.0,518.0,182.0,518.0,482.0,482.0,0.0,0.0,0,0,False,False,1,0,False,False
b7_partial,direct,216,197,490.0,510.0,490.0,510.0,510.0,0.0,198.0,84.0,108.44117104758514,383.0,83.0,480.0,197.0,480.0,510.0,510.0,0.0,0.0,10,0,True,False,3,0,False,False
b7_partial,direct,217,220,437.0,563.0,437.0,563.0,563.0,0.0,220.0,98.0,124.09919128373154,485.0,98.0,437.0,220.0,437.0,563.0,563.0,0.0,0.0,0,0,False,False,2,0,False,False
b7_partial,direct,218,197,469.0,531.0,469.0,531.0,531.0,0.0,198.0,97.0,104.73433160462868,466.0,97.0,469.0,197.0,467.0,529.0,529.0,0.0,0.0,2,2,False,True,7,8,False,False
b7_partial,direct,219,205,457.0,543.0,457.0,543.0,543.0,0.0,206.0,87.0,111.2486130932826,410.0,87.0,457.0,205.0,455.0,542.0,542.0,0.0,0.0,2,1,False,False,1,0,False,False
b7_partial,direct,220,217,452.0,548.0,452.0,548.0,548.0,0.0,218.0,99.0,116.27871805528785,450.0,98.0,446.0,217.0,446.0,548.0,548.0,0.0,0.0,6,0,True,True,3,1,False,False
b7_partial,direct,221,224,437.0,563.0,437.0,563.0,563.0,0.0,225.0,84.0,121.32183685972723,406.0,84.0,437.0,224.0,437.0,561.0,561.0,0.0,0.0,0,2,False,True,4,2,False,False
b7_partial,direct,222,202,471.0,529.0,471.0,529.0,529.0,0.0,203.0,98.0,103.03375206253789,461.0,98.0,471.0,202.0,470.0,527.0,527.0,0.0,0.0,1,2,False,False,2,0,False,False
b7_partial,direct,223,217,433.0,567.0,433.0,567.0,567.0,0.0,218.0,101.0,115.51736963979022,476.0,101.0,433.0,217.0,430.0,565.0,565.0,0.0,0.0,3,2,False,False,3,0,False,False
b7_partial,direct,224,217,443.0,557.0,443.0,557.0,557.0,0.0,218.0,95.0,115.79743136027452,449.0,94.0,442.0,217.0,442.0,557.0,557.0,0.0,0.0,1,0,True,True,5,1,False,False
b7_partial,direct,225,204,445.0,555.0,445.0,555.0,555.0,0.0,205.0,97.0,110.68559867784357,454.0,96.0,441.0,204.0,441.0,555.0,555.0,0.0,0.0,4,0,True,True,6,10,False,False
b7_partial,direct,226,177,516.0,484.0,516.0,484.0,484.0,0.0,178.0,97.0,91.59466168319646,452.0,97.0,516.0,177.0,510.0,483.0,483.0,0.0,0.0,6,1,False,False,2,0,False,False
b7_partial,direct,227,184,491.0,509.0,491.0,509.0,509.0,0.0,185.0,101.0,93.6370178373846,460.0,100.0,485.0,184.0,485.0,509.0,509.0,0.0,0.0,6,0,True,True,3,1,False,False
b7_partial,direct,228,186,488.0,512.0,488.0,512.0,512.0,0.0,186.0,81.0,95.66873323502743,401.0,81.0,488.0,186.0,488.0,512.0,512.0,0.0,0.0,0,0,False,True,4,12,False,False
b7_partial,direct,229,232,403.0,597.0,403.0,597.0,597.0,0.0,233.0,97.0,125.96572858760564,464.0,97.0,403.0,232.0,387.0,596.0,596.0,0.0,0.0,16,1,False,False,2,0,False,False
b7_partial,direct,230,196,467.0,533.0,467.0,533.0,533.0,0.0,197.0,93.0,106.2121239772252,423.0,93.0,467.0,196.0,463.0,530.0,530.0,0.0,0.0,4,3,False,True,4,3,False,False
b7_partial,direct,231,185,508.0,492.0,508.0,492.0,492.0,0.0,186.0,105.0,94.92990205211392,516.0,104.0,498.0,185.0,498.0,492.0,492.0,0.0,0.0,10,0,True,True,5,1,False,False
b7_partial,direct,232,188,493.0,507.0,493.0,507.0,507.0,0.0,189.0,97.0,96.51800438908394,462.0,97.0,493.0,188.0,491.0,504.0,504.0,0.0,0.0,2,3,False,False,2,0,False,False
b7_partial,direct,233,192,494.0,506.0,494.0,506.0,506.0,0.0,193.0,99.0,104.57924108466572,446.0,99.0,494.0,192.0,491.0,505.0,505.0,0.0,0.0,3,1,False,True,4,28,False,False
b7_partial,direct,234,209,441.0,559.0,441.0,559.0,559.0,0.0,210.0,101.0,111.29431648745654,485.0,100.0,434.0,209.0,434.0,559.0,559.0,0.0,0.0,7,0,True,True,5,2,False,False
b7_partial,direct,235,206,455.0,545.0,455.0,545.0,545.0,0.0,207.0,96.0,107.84349760277706,461.0,95.0,445.0,206.0,445.0,545.0,545.0,0.0,0.0,10,0,True,True,4,3,False,False
b7_partial,direct,236,222,422.0,578.0,422.0,578.0,578.0,0.0,223.0,100.0,119.31934417491692,449.0,99.0,414.0,222.0,414.0,578.0,578.0,0.0,0.0,8,0,True,True,3,1,False,False
b7_partial,direct,237,187,499.0,501.0,499.0,501.0,501.0,0.0,188.0,92.0,98.15080517009945,437.0,91.0,497.0,187.0,497.0,501.0,501.0,0.0,0.0,2,0,True,False,1,0,False,False
b7_partial,direct,238,184,526.0,474.0,526.0,474.0,474.0,0.0,185.0,96.0,100.38401483931328,453.0,95.0,523.0,184.0,523.0,474.0,474.0,0.0,0.0,3,0,True,False,2,0,False,False
b7_partial,direct,239,183,520.0,480.0,520.0,480.0,480.0,0.0,184.0,88.0,101.11425842053279,421.0,88.0,520.0,183.0,508.0,479.0,479.0,0.0,0.0,12,1,False,True,3,10,False,False
b7_partial,direct,240,192,491.0,509.0,491.0,509.0,509.0,0.0,193.0,86.0,106.51083181916572,395.0,85.0,483.0,192.0,483.0,509.0,509.0,0.0,0.0,8,0,True,True,5,13,False,False
b7_partial,direct,241,225,424.0,576.0,424.0,576.0,576.0,0.0,225.0,91.0,120.41303237806288,428.0,91.0,424.0,225.0,424.0,576.0,576.0,0.0,0.0,0,0,False,False,2,0,False,False
b7_partial,direct,242,211,431.0,569.0,431.0,569.0,569.0,0.0,212.0,89.0,112.2549587015413,421.0,89.0,431.0,211.0,431.0,567.0,567.0,0.0,0.0,0,2,False,False,3,0,False,False
b7_partial,direct,243,194,497.0,503.0,497.0,503.0,503.0,0.0,194.0,90.0,102.92690503903154,431.0,90.0,497.0,194.0,497.0,503.0,503.0,0.0,0.0,0,0,False,False,3,0,False,False
b7_partial,direct,244,195,486.0,514.0,486.0,514.0,514.0,0.0,195.0,97.0,102.88580791338899,452.0,97.0,486.0,195.0,486.0,514.0,514.0,0.0,0.0,0,0,False,False,1,0,False,False
b7_partial,direct,245,200,484.0,516.0,484.0,516.0,516.0,0.0,200.0,89.0,105.08579187690603,438.0,89.0,484.0,200.0,484.0,516.0,516.0,0.0,0.0,0,0,False,False,2,0,False,False
b7_partial,direct,246,196,471.0,529.0,471.0,529.0,529.0,0.0,197.0,87.0,104.11853002014364,407.0,86.0,470.0,196.0,470.0,529.0,529.0,0.0,0.0,1,0,True,False,1,0,False,False
b7_partial,direct,247,198,460.0,540.0,460.0,540.0,540.0,0.0,199.0,98.0,105.9369193684899,438.0,97.0,457.0,198.0,457.0,540.0,540.0,0.0,0.0,3,0,True,False,3,0,False,False
b7_partial,direct,248,208,458.0,542.0,458.0,542.0,542.0,0.0,209.0,91.0,109.92222439134873,426.0,90.0,456.0,208.0,456.0,542.0,542.0,0.0,0.0,2,0,True,False,2,0,False,False
b7_partial,direct,249,200,473.0,527.0,473.0,527.0,527.0,0.0,201.0,94.0,105.10886617308736,445.0,93.0,454.0,200.0,454.0,527.0,527.0,0.0,0.0,19,0,True,False,2,0,False,False
b7_partial,direct,250,203,477.0,523.0,477.0,523.0,523.0,0.0,204.0,85.0,110.4609445881589,426.0,84.0,475.0,203.0,475.0,523.0,523.0,0.0,0.0,2,0,True,False,2,0,False,False
b7_partial,direct,251,195,482.0,518.0,482.0,518.0,518.0,0.0,196.0,96.0,105.05450163759153,443.0,96.0,482.0,195.0,482.0,517.0,517.0,0.0,0.0,0,1,False,True,4,3,False,False
b7_partial,direct,252,216,442.0,558.0,442.0,558.0,558.0,0.0,216.0,101.0,114.39023320441237,474.0,101.0,442.0,216.0,442.0,558.0,558.0,0.0,0.0,0,0,False,False,3,0,False,False
b7_partial,direct,253,198,486.0,514.0,486.0,514.0,514.0,0.0,199.0,90.0,105.30201190689472,423.0,90.0,486.0,198.0,486.0,513.0,513.0,0.0,0.0,0,1,False,False,1,0,False,False
b7_partial,direct,254,210,450.0,550.0,450.0,550.0,550.0,0.0,211.0,97.0,109.12352970349671,450.0,96.0,448.0,210.0,448.0,550.0,550.0,0.0,0.0,2,0,True,False,3,0,False,False
b7_partial,direct,255,191,478.0,522.0,478.0,522.0,522.0,0.0,192.0,97.0,97.58423896327717,456.0,96.0,473.0,191.0,473.0,522.0,522.0,0.0,0.0,5,0,True,False,2,0,False,False
b7_partial,direct,256,208,462.0,538.0,462.0,538.0,538.0,0.0,209.0,90.0,110.95494974562979,408.0,89.0,458.0,208.0,458.0,538.0,538.0,0.0,0.0,4,0,True,True,6,5,False,False
b7_partial,direct,257,223,424.0,576.0,424.0,576.0,576.0,0.0,224.0,98.0,120.4361578306304,450.0,98.0,424.0,223.0,423.0,575.0,575.0,0.0,0.0,1,1,False,True,4,3,False,False
b7_partial,direct,258,183,506.0,494.0,506.0,494.0,494.0,0.0,184.0,91.0,97.118929979325,429.0,90.0,498.0,183.0,498.0,494.0,494.0,0.0,0.0,8,0,True,False,2,0,False,False
b7_partial,direct,259,219,428.0,572.0,428.0,572.0,572.0,0.0,220.0,97.0,117.43725470865553,453.0,97.0,428.0,219.0,398.0,571.0,571.0,0.0,0.0,30,1,False,False,1,0,False,False
b7_partial,direct,260,202,458.0,542.0,458.0,542.0,542.0,0.0,203.0,97.0,109.20308892062151,467.0,97.0,458.0,202.0,452.0,541.0,541.0,0.0,0.0,6,1,False,True,5,1,False,False
b7_partial,direct,261,187,495.0,505.0,495.0,505.0,505.0,0.0,187.0,86.0,102.43393676140342,418.0,86.0,495.0,187.0,495.0,505.0,505.0,0.0,0.0,0,0,False,False,2,0,False,False
b7_partial,direct,262,213,449.0,551.0,449.0,551.0,551.0,0.0,213.0,99.0,110.1843129705728,463.0,99.0,449.0,213.0,449.0,551.0,551.0,0.0,0.0,0,0,False,True,6,4,False,False
b7_partial,direct,263,212,419.0,581.0,419.0,581.0,581.0,0.0,213.0,99.0,111.36057902739482,468.0,99.0,419.0,212.0,419.0,580.0,580.0,0.0,0.0,0,1,False,False,1,0,False,False
b7_partial,direct,264,193,499.0,501.0,499.0,501.0,501.0,0.0,194.0,93.0,102.66198487446799,446.0,93.0,499.0,193.0,499.0,498.0,498.0,0.0,0.0,0,3,False,False,2,0,False,False
b7_partial,direct,265,213,455.0,545.0,455.0,545.0,545.0,0.0,214.0,94.0,115.5600153441703,447.0,94.0,455.0,213.0,451.0,543.0,543.0,0.0,0.0,4,2,False,True,7,7,False,False
b7_partial,direct,266,208,440.0,560.0,440.0,560.0,560.0,0.0,209.0,99.0,111.82591225965666,474.0,98.0,438.0,208.0,438.0,560.0,560.0,0.0,0.0,2,0,True,True,8,12,False,False
b7_partial,direct,267,186,493.0,507.0,493.0,507.0,507.0,0.0,187.0,102.0,98.95181500739274,512.0,102.0,493.0,186.0,488.0,505.0,505.0,0.0,0.0,5,2,False,True,7,15,False,False
b7_partial,direct,268,213,437.0,563.0,437.0,563.0,563.0,0.0,213.0,100.0,116.37350108835835,452.0,100.0,437.0,213.0,437.0,563.0,563.0,0.0,0.0,0,0,False,True,3,6,False,False
b7_partial,direct,269,198,467.0,533.0,467.0,533.0,533.0,0.0,199.0,85.0,109.24257604953188,415.0,85.0,467.0,198.0,463.0,532.0,532.0,0.0,0.0,4,1,False,True,4,13,False,False
b7_partial,direct,270,194,457.0,543.0,457.0,543.0,543.0,0.0,194.0,100.0,99.37139882951728,458.0,100.0,457.0,194.0,457.0,543.0,543.0,0.0,0.0,0,0,False,False,1,0,False,False
b7_partial,direct,271,191,497.0,503.0,497.0,503.0,503.0,0.0,192.0,91.0,100.98090239429584,431.0,90.0,484.0,191.0,484.0,503.0,503.0,0.0,0.0,13,0,True,True,4,1,False,False
b7_partial,direct,272,175,548.0,452.0,548.0,452.0,452.0,0.0,176.0,86.0,93.22147490321707,404.0,86.0,548.0,175.0,544.0,449.0,449.0,0.0,0.0,4,3,False,True,4,8,False,False
b7_partial,direct,273,183,502.0,498.0,502.0,498.0,498.0,0.0,184.0,90.0,95.74564328131595,418.0,90.0,502.0,183.0,502.0,496.0,496.0,0.0,0.0,0,2,False,False,1,0,False,False
b7_partial,direct,274,193,480.0,520.0,480.0,520.0,520.0,0.0,194.0,94.0,99.30250036789616,447.0,93.0,476.0,193.0,476.0,520.0,520.0,0.0,0.0,4,0,True,False,3,0,False,False
b7_partial,direct,275,194,468.0,532.0,468.0,532.0,532.0,0.0,194.0,96.0,103.23932868816769,446.0,96.0,468.0,194.0,468.0,532.0,532.0,0.0,0.0,0,0,False,True,4,3,False,False
b7_partial,direct,276,222,418.0,582.0,418.0,582.0,582.0,0.0,223.0,93.0,119.09449643176245,436.0,93.0,418.0,222.0,413.0,580.0,580.0,0.0,0.0,5,2,False,True,7,7,False,False
b7_partial,direct,277,208,451.0,549.0,451.0,549.0,549.0,0.0,209.0,92.0,113.25009251154754,439.0,91.0,446.0,208.0,446.0,549.0,549.0,0.0,0.0,5,0,True,False,3,0,False,False
b7_partial,direct,278,209,447.0,553.0,447.0,553.0,553.0,0.0,209.0,95.0,110.69481342848381,445.0,95.0,447.0,209.0,447.0,553.0,553.0,0.0,0.0,0,0,False,False,1,0,False,False
b7_partial,direct,279,187,476.0,524.0,476.0,524.0,524.0,0.0,187.0,94.0,94.89888230964075,445.0,94.0,476.0,187.0,476.0,524.0,524.0,0.0,0.0,0,0,False,False,1,0,False,False
b7_partial,direct,280,198,473.0,527.0,473.0,527.0,527.0,0.0,199.0,95.0,104.80468260295959,444.0,94.0,472.0,198.0,472.0,527.0,527.0,0.0,0.0,1,0,True,False,2,0,False,False
b7_partial,direct,281,212,451.0,549.0,451.0,549.0,549.0,0.0,213.0,91.0,114.84494527865603,439.0,91.0,451.0,212.0,451.0,548.0,548.0,0.0,0.0,0,1,False,True,6,17,False,False
b7_partial,direct,282,187,500.0,500.0,500.0,500.0,500.0,0.0,188.0,100.0,98.52373640384981,474.0,100.0,500.0,187.0,500.0,499.0,499.0,0.0,0.0,0,1,False,False,4,0,False,False
b7_partial,direct,283,199,471.0,529.0,471.0,529.0,529.0,0.0,200.0,87.0,105.23093777791578,429.0,86.0,462.0,199.0,462.0,529.0,529.0,0.0,0.0,9,0,True,False,2,0,False,False
b7_partial,direct,284,208,463.0,537.0,463.0,537.0,537.0,0.0,209.0,84.0,113.68945887311418,394.0,84.0,463.0,208.0,462.0,534.0,534.0,0.0,0.0,1,3,False,True,3,18,False,False
b7_partial,direct,285,192,489.0,511.0,489.0,511.0,511.0,0.0,193.0,97.0,101.0978976438527,456.0,96.0,485.0,192.0,485.0,511.0,511.0,0.0,0.0,4,0,True,True,3,1,False,False
b7_partial,direct,286,192,486.0,514.0,486.0,514.0,514.0,0.0,193.0,93.0,100.59630552737973,416.0,93.0,486.0,192.0,486.0,512.0,512.0,0.0,0.0,0,2,False,True,6,7,False,False
b7_partial,direct,287,200,485.0,515.0,485.0,515.0,515.0,0.0,201.0,97.0,109.94178938629908,441.0,97.0,485.0,200.0,483.0,514.0,514.0,0.0,0.0,2,1,False,False,1,0,False,False
b7_partial,direct,288,181,508.0,492.0,508.0,492.0,492.0,0.0,182.0,101.0,93.38631542848795,485.0,100.0,506.0,181.0,506.0,492.0,492.0,0.0,0.0,2,0,True,False,3,0,False,False
b7_partial,direct,289,200,469.0,531.0,469.0,531.0,531.0,0.0,201.0,102.0,103.77954150663803,480.0,102.0,469.0,200.0,453.0,529.0,529.0,0.0,0.0,16,2,False,False,3,0,False,False
b7_partial,direct,290,222,432.0,568.0,432.0,568.0,568.0,0.0,223.0,89.0,122.8349146196753,413.0,89.0,432.0,222.0,422.0,567.0,567.0,0.0,0.0,10,1,False,False,1,0,False,False
b7_partial,direct,291,206,467.0,533.0,467.0,533.0,533.0,0.0,207.0,98.0,111.46613413750806,451.0,98.0,467.0,206.0,464.0,532.0,532.0,0.0,0.0,3,1,False,True,4,1,False,False
b7_partial,direct,292,204,476.0,524.0,476.0,524.0,524.0,0.0,205.0,87.0,109.78533474459906,421.0,86.0,470.0,204.0,470.0,524.0,524.0,0.0,0.0,6,0,True,False,2,0,False,False
b7_partial,direct,293,187,497.0,503.0,497.0,503.0,503.0,0.0,188.0,88.0,97.8670032568723,421.0,87.0,494.0,187.0,494.0,503.0,503.0,0.0,0.0,3,0,True,False,3,0,False,False
b7_partial,direct,294,212,461.0,539.0,461.0,539.0,539.0,0.0,212.0,99.0,115.83432182133379,466.0,99.0,461.0,212.0,461.0,539.0,539.0,0.0,0.0,0,0,False,True,4,3,False,False
b7_partial,direct,295,204,466.0,534.0,466.0,534.0,534.0,0.0,205.0,90.0,110.65250012957975,413.0,89.0,465.0,204.0,465.0,534.0,534.0,0.0,0.0,1,0,True,True,4,1,False,False
b7_partial,direct,296,180,507.0,493.0,507.0,493.0,493.0,0.0,181.0,93.0,92.84561826333432,429.0,93.0,507.0,180.0,507.0,491.0,491.0,0.0,0.0,0,2,False,True,4,1,False,False
b7_partial,direct,297,210,435.0,565.0,435.0,565.0,565.0,0.0,211.0,90.0,106.34204077618729,450.0,89.0,433.0,210.0,433.0,565.0,565.0,0.0,0.0,2,0,True,False,3,0,False,False
b7_partial,direct,298,200,452.0,548.0,452.0,548.0,548.0,0.0,200.0,94.0,106.62931201906328,467.0,94.0,452.0,200.0,452.0,548.0,548.0,0.0,0.0,0,0,False,True,3,1,False,False
b7_partial,direct,299,198,447.0,553.0,447.0,553.0,553.0,0.0,199.0,91.0,107.44527021807102,429.0,90.0,441.0,198.0,441.0,553.0,553.0,0.0,0.0,6,0,True,False,1,0,False,False
b7_partial,direct,300,198,493.0,507.0,493.0,507.0,507.0,0.0,199.0,92.0,107.80070697986292,432.0,92.0,493.0,198.0,493.0,506.0,506.0,0.0,0.0,0,1,False,False,1,0,False,False
b7_partial,direct,301,220,444.0,556.0,444.0,556.0,556.0,0.0,221.0,85.0,122.56596798435706,391.0,84.0,437.0,220.0,437.0,556.0,556.0,0.0,0.0,7,0,True,True,4,1,False,False
b7_partial,direct,302,192,498.0,502.0,498.0,502.0,502.0,0.0,193.0,81.0,105.92433946902914,400.0,80.0,494.0,192.0,494.0,502.0,502.0,0.0,0.0,4,0,True,True,5,43,False,False
b7_partial,direct,303,201,466.0,534.0,466.0,534.0,534.0,0.0,202.0,93.0,107.14492998140187,421.0,92.0,464.0,201.0,464.0,534.0,534.0,0.0,0.0,2,0,True,False,3,0,False,False
b7_partial,direct,304,196,475.0,525.0,475.0,525.0,525.0,0.0,197.0,92.0,109.75815738157233,417.0,92.0,475.0,196.0,464.0,522.0,522.0,0.0,0.0,11,3,False,False,3,0,False,False
b7_partial,direct,305,182,512.0,488.0,512.0,488.0,488.0,0.0,182.0,82.0,97.45289912111485,398.0,82.0,512.0,182.0,512.0,488.0,488.0,0.0,0.0,0,0,False,True,5,8,False,False
b7_partial,direct,306,196,472.0,528.0,472.0,528.0,528.0,0.0,197.0,98.0,102.7731410555613,456.0,97.0,464.0,196.0,464.0,528.0,528.0,0.0,0.0,8,0,True,True,4,1,False,False
b7_partial,direct,307,209,458.0,542.0,458.0,542.0,542.0,0.0,209.0,103.0,113.4247464348218,475.0,103.0,458.0,209.0,458.0,542.0,542.0,0.0,0.0,0,0,False,False,3,0,False,False
b7_partial,direct,308,216,441.0,559.0,441.0,559.0,559.0,0.0,217.0,100.0,118.03190751232874,446.0,100.0,441.0,216.0,440.0,557.0,557.0,0.0,0.0,1,2,False,False,2,0,False,False
b7_partial,direct,309,187,486.0,514.0,486.0,514.0,514.0,0.0,187.0,85.0,100.70610577988587,403.0,85.0,486.0,187.0,486.0,514.0,514.0,0.0,0.0,0,0,False,False,1,0,False,False
b7_partial,direct,310,181,509.0,491.0,509.0,491.0,491.0,0.0,182.0,89.0,90.7986111064418,442.0,88.0,506.0,181.0,506.0,491.0,491.0,0.0,0.0,3,0,True,False,1,0,False,False
b7_partial,direct,311,188,505.0,495.0,505.0,495.0,495.0,0.0,189.0,100.0,99.81325001855348,479.0,100.0,505.0,188.0,500.0,493.0,493.0,0.0,0.0,5,2,False,True,4,1,False,False
b7_partial,direct,312,202,482.0,518.0,482.0,518.0,518.0,0.0,203.0,80.0,107.36682342854944,396.0,80.0,482.0,202.0,482.0,516.0,516.0,0.0,0.0,0,2,False,True,3,1,False,False
b7_partial,direct,313,201,478.0,522.0,478.0,522.0,522.0,0.0,202.0,88.0,106.41884325796694,414.0,87.0,476.0,201.0,476.0,522.0,522.0,0.0,0.0,2,0,True,True,3,14,False,False
b7_partial,direct,314,192,480.0,520.0,480.0,520.0,520.0,0.0,193.0,79.0,108.186381372998,363.0,79.0,480.0,192.0,479.0,519.0,519.0,0.0,0.0,1,1,False,False,3,0,False,False
b7_partial,direct,315,198,467.0,533.0,467.0,533.0,533.0,0.0,199.0,98.0,103.94703039179753,458.0,98.0,467.0,198.0,428.0,531.0,531.0,0.0,0.0,39,2,False,True,4,13,False,False
b7_partial,direct,316,199,467.0,533.0,467.0,533.0,533.0,0.0,200.0,85.0,103.93695005768964,439.0,84.0,466.0,199.0,466.0,533.0,533.0,0.0,0.0,1,0,True,True,6,3,False,False
b7_partial,direct,317,186,498.0,502.0,498.0,502.0,502.0,0.0,187.0,101.0,96.32259825620304,481.0,101.0,498.0,186.0,498.0,499.0,499.0,0.0,0.0,0,3,False,True,4,4,False,False
b7_partial,direct,318,213,426.0,574.0,426.0,574.0,574.0,0.0,213.0,89.0,115.13466295318324,424.0,89.0,426.0,213.0,426.0,574.0,574.0,0.0,0.0,0,0,False,False,3,0,False,False
b7_partial,direct,319,197,476.0,524.0,476.0,524.0,524.0,0.0,198.0,92.0,104.16877145771169,423.0,92.0,476.0,197.0,474.0,523.0,523.0,0.0,0.0,2,1,False,False,3,0,False,False
b7_partial,direct,320,175,519.0,481.0,519.0,481.0,481.0,0.0,176.0,89.0,92.29513345514657,418.0,88.0,518.0,175.0,518.0,481.0,481.0,0.0,0.0,1,0,True,True,3,1,False,False
b7_partial,direct,321,204,460.0,540.0,460.0,540.0,540.0,0.0,205.0,90.0,108.37163114943263,419.0,90.0,460.0,204.0,447.0,538.0,538.0,0.0,0.0,13,2,False,False,2,0,False,False
b7_partial,direct,322,217,425.0,575.0,425.0,575.0,575.0,0.0,218.0,97.0,111.37345424370427,474.0,96.0,421.0,217.0,421.0,575.0,575.0,0.0,0.0,4,0,True,True,3,2,False,False
b7_partial,direct,323,209,459.0,541.0,459.0,541.0,541.0,0.0,210.0,96.0,110.78307217471801,473.0,95.0,453.0,209.0,453.0,541.0,541.0,0.0,0.0,6,0,True,False,2,0,False,False
b7_partial,direct,324,213,450.0,550.0,450.0,550.0,550.0,0.0,214.0,103.0,111.16770068129767,492.0,102.0,449.0,213.0,449.0,550.0,550.0,0.0,0.0,1,0,True,False,3,0,False,False
b7_partial,direct,325,190,489.0,511.0,489.0,511.0,511.0,0.0,191.0,83.0,100.82663826280059,397.0,83.0,489.0,190.0,489.0,510.0,510.0,0.0,0.0,0,1,False,False,3,0,False,False
b7_partial,direct,326,218,451.0,549.0,451.0,549.0,549.0,0.0,219.0,91.0,115.30930247046135,441.0,91.0,451.0,218.0,450.0,548.0,548.0,0.0,0.0,1,1,False,False,3,0,False,False
b7_partial,direct,327,201,469.0,531.0,469.0,531.0,531.0,0.0,202.0,95.0,107.6013820959405,450.0,94.0,459.0,201.0,459.0,531.0,531.0,0.0,0.0,10,0,True,False,4,0,False,False
b7_partial,direct,328,190,502.0,498.0,502.0,498.0,498.0,0.0,190.0,90.0,99.51116913851466,432.0,90.0,502.0,190.0,502.0,498.0,498.0,0.0,0.0,0,0,False,True,5,9,False,False
b7_partial,direct,329,207,440.0,560.0,440.0,560.0,560.0,0.0,208.0,86.0,108.79492664945616,413.0,85.0,427.0,207.0,427.0,560.0,560.0,0.0,0.0,13,0,True,False,4,0,False,False
b7_partial,direct,330,191,504.0,496.0,504.0,496.0,496.0,0.0,192.0,98.0,99.10484939859347,453.0,97.0,499.0,191.0,499.0,496.0,496.0,0.0,0.0,5,0,True,True,4,1,False,False
b7_partial,direct,331,198,461.0,539.0,461.0,539.0,539.0,0.0,199.0,100.0,103.0953436758945,462.0,99.0,446.0,198.0,446.0,539.0,539.0,0.0,0.0,15,0,True,False,2,0,False,False
b7_partial,direct,332,184,517.0,483.0,517.0,483.0,483.0,0.0,185.0,88.0,97.23830248287774,406.0,87.0,512.0,184.0,512.0,483.0,483.0,0.0,0.0,5,0,True,False,3,0,False,False
b7_partial,direct,333,200,486.0,514.0,486.0,514.0,514.0,0.0,200.0,99.0,100.81933934789126,483.0,99.0,486.0,200.0,486.0,514.0,514.0,0.0,0.0,0,0,False,False,1,0,False,False
b7_partial,direct,334,181,526.0,474.0,526.0,474.0,474.0,0.0,182.0,88.0,94.81377796292487,411.0,87.0,522.0,181.0,522.0,474.0,474.0,0.0,0.0,4,0,True,True,5,16,False,False
b7_partial,direct,335,201,477.0,523.0,477.0,523.0,523.0,0.0,202.0,104.0,107.68853696855778,494.0,103.0,473.0,201.0,473.0,523.0,523.0,0.0,0.0,4,0,True,True,6,10,False,False
b7_partial,direct,336,180,498.0,502.0,498.0,502.0,502.0,0.0,181.0,95.0,91.31418976358735,448.0,95.0,498.0,180.0,498.0,501.0,501.0,0.0,0.0,0,1,False,True,4,3,False,False
b7_partial,direct,337,203,469.0,531.0,469.0,531.0,531.0,0.0,204.0,82.0,110.92617983805728,395.0,82.0,469.0,203.0,469.0,530.0,530.0,0.0,0.0,0,1,False,True,6,3,False,False
b7_partial,direct,338,186,490.0,510.0,490.0,510.0,510.0,0.0,187.0,89.0,96.84677038311438,413.0,89.0,490.0,186.0,488.0,509.0,509.0,0.0,0.0,2,1,False,False,2,0,False,False
b7_partial,direct,339,189,477.0,523.0,477.0,523.0,523.0,0.0,190.0,91.0,98.5249506095077,425.0,90.0,476.0,189.0,476.0,523.0,523.0,0.0,0.0,1,0,True,True,4,2,False,False
b7_partial,direct,340,207,438.0,562.0,438.0,562.0,562.0,0.0,208.0,89.0,111.90855104965173,426.0,88.0,435.0,207.0,435.0,562.0,562.0,0.0,0.0,3,0,True,False,2,0,False,False
b7_partial,direct,341,210,459.0,541.0,459.0,541.0,541.0,0.0,211.0,99.0,110.84514850922847,466.0,99.0,459.0,210.0,458.0,539.0,539.0,0.0,0.0,1,2,False,False,3,0,False,False
b7_partial,direct,342,210,469.0,531.0,469.0,531.0,531.0,0.0,211.0,95.0,115.67607137780769,445.0,94.0,468.0,210.0,468.0,531.0,531.0,0.0,0.0,1,0,True,True,6,16,False,False
b7_partial,direct,343,194,489.0,511.0,489.0,511.0,511.0,0.0,195.0,88.0,103.81864798951214,420.0,87.0,487.0,194.0,487.0,511.0,511.0,0.0,0.0,2,0,True,False,1,0,False,False
b7_partial,direct,344,206,429.0,571.0,429.0,571.0,571.0,0.0,207.0,98.0,106.31259634515281,448.0,97.0,422.0,206.0,422.0,571.0,571.0,0.0,0.0,7,0,True,False,3,0,False,False
b7_partial,direct,345,197,475.0,525.0,475.0,525.0,525.0,0.0,198.0,98.0,104.36304421001883,458.0,98.0,475.0,197.0,473.0,523.0,523.0,0.0,0.0,2,2,False,False,2,0,False,False
b7_partial,direct,346,200,485.0,515.0,485.0,515.0,515.0,0.0,201.0,90.0,106.2596633599645,435.0,90.0,485.0,200.0,477.0,514.0,514.0,0.0,0.0,8,1,False,True,4,5,False,False
b7_partial,direct,347,195,497.0,503.0,497.0,503.0,503.0,0.0,196.0,85.0,101.13227420565548,403.0,84.0,482.0,195.0,482.0,503.0,503.0,0.0,0.0,15,0,True,True,4,10,False,False
b7_partial,direct,348,197,468.0,532.0,468.0,532.0,532.0,0.0,198.0,105.0,101.36516787212872,471.0,105.0,468.0,197.0,468.0,530.0,530.0,0.0,0.0,0,2,False,False,2,0,False,False
b7_partial,direct,349,191,526.0,474.0,526.0,474.0,474.0,0.0,191.0,89.0,105.52185561910451,412.0,89.0,526.0,191.0,526.0,474.0,474.0,0.0,0.0,0,0,False,True,6,16,False,False
b7_partial,direct,350,197,477.0,523.0,477.0,523.0,523.0,0.0,198.0,87.0,104.19796279908003,419.0,87.0,477.0,197.0,477.0,520.0,520.0,0.0,0.0,0,3,False,False,3,0,False,False
b7_partial,direct,351,172,540.0,460.0,540.0,460.0,460.0,0.0,173.0,95.0,90.85748937090636,452.0,95.0,540.0,172.0,537.0,458.0,458.0,0.0,0.0,3,2,False,False,1,0,False,False
b7_partial,direct,352,211,448.0,552.0,448.0,552.0,552.0,0.0,211.0,91.0,113.61928220278091,433.0,91.0,448.0,211.0,448.0,552.0,552.0,0.0,0.0,0,0,False,True,5,6,False,False
b7_partial,direct,353,229,398.0,602.0,398.0,602.0,602.0,0.0,230.0,88.0,122.03808337476224,400.0,88.0,398.0,229.0,398.0,601.0,601.0,0.0,0.0,0,1,False,False,1,0,False,False
b7_partial,direct,354,197,472.0,528.0,472.0,528.0,528.0,0.0,197.0,95.0,101.55106841062049,440.0,95.0,472.0,197.0,472.0,528.0,528.0,0.0,0.0,0,0,False,False,2,0,False,False
b7_partial,direct,355,187,497.0,503.0,497.0,503.0,503.0,0.0,188.0,97.0,99.70434978771392,455.0,97.0,497.0,187.0,497.0,502.0,502.0,0.0,0.0,0,1,False,True,4,1,False,False
b7_partial,direct,356,206,444.0,556.0,444.0,556.0,556.0,0.0,207.0,97.0,110.67477275009581,457.0,97.0,444.0,206.0,443.0,555.0,555.0,0.0,0.0,1,1,False,False,2,0,False,False
b7_partial,direct,357,197,475.0,525.0,475.0,525.0,525.0,0.0,198.0,100.0,99.61369925411175,460.0,99.0,472.0,197.0,472.0,525.0,525.0,0.0,0.0,3,0,True,True,3,5,False,False
b7_partial,direct,358,210,469.0,531.0,469.0,531.0,531.0,0.0,211.0,97.0,114.53813059687506,449.0,97.0,469.0,210.0,469.0,530.0,530.0,0.0,0.0,0,1,False,True,4,3,False,False
b7_partial,direct,359,205,448.0,552.0,448.0,552.0,552.0,0.0,206.0,97.0,108.81365297237717,467.0,96.0,441.0,205.0,441.0,552.0,552.0,0.0,0.0,7,0,True,True,3,34,False,False
b7_partial,direct,360,201,485.0,515.0,485.0,515.0,515.0,0.0,202.0,91.0,106.07593694108189,435.0,91.0,485.0,201.0,485.0,514.0,514.0,0.0,0.0,0,1,False,True,8,17,False,False
b7_partial,direct,361,197,473.0,527.0,473.0,527.0,527.0,0.0,198.0,90.0,104.71732209344772,406.0,89.0,465.0,197.0,465.0,527.0,527.0,0.0,0.0,8,0,True,False,3,0,False,False
b7_partial,direct,362,209,440.0,560.0,440.0,560.0,560.0,0.0,209.0,101.0,112.65128874188126,478.0,101.0,440.0,209.0,440.0,560.0,560.0,0.0,0.0,0,0,False,True,7,10,False,False
b7_partial,direct,363,201,476.0,524.0,476.0,524.0,524.0,0.0,202.0,93.0,107.28558156333422,443.0,93.0,476.0,201.0,475.0,523.0,523.0,0.0,0.0,1,1,False,True,4,17,False,False
b7_partial,direct,364,213,450.0,550.0,450.0,550.0,550.0,0.0,214.0,94.0,115.07100079199454,423.0,93.0,443.0,213.0,443.0,550.0,550.0,0.0,0.0,7,0,True,False,3,0,False,False
b7_partial,direct,365,186,510.0,490.0,510.0,490.0,490.0,0.0,187.0,96.0,96.68202545218793,426.0,95.0,509.0,186.0,509.0,490.0,490.0,0.0,0.0,1,0,True,True,4,19,False,False
b7_partial,direct,366,215,425.0,575.0,425.0,575.0,575.0,0.0,216.0,102.0,115.36492413320207,470.0,101.0,424.0,215.0,424.0,575.0,575.0,0.0,0.0,1,0,True,False,3,0,False,False
b7_partial,direct,367,200,476.0,524.0,476.0,524.0,524.0,0.0,201.0,93.0,106.52171810611871,430.0,92.0,475.0,200.0,475.0,524.0,524.0,0.0,0.0,1,0,True,False,3,0,False,False
b7_partial,direct,368,185,478.0,522.0,478.0,522.0,522.0,0.0,186.0,85.0,98.62126175226187,414.0,84.0,477.0,185.0,477.0,522.0,522.0,0.0,0.0,1,0,True,False,4,0,False,False
b7_partial,direct,369,194,472.0,528.0,472.0,528.0,528.0,0.0,195.0,108.0,99.33812115517931,518.0,108.0,472.0,194.0,467.0,527.0,527.0,0.0,0.0,5,1,False,True,4,4,False,False
b7_partial,direct,370,197,462.0,538.0,462.0,538.0,538.0,0.0,198.0,95.0,100.08722959897075,471.0,94.0,452.0,197.0,452.0,538.0,538.0,0.0,0.0,10,0,True,False,3,0,False,False
b7_partial,direct,371,195,491.0,509.0,491.0,509.0,509.0,0.0,195.0,95.0,104.15954682609674,462.0,95.0,491.0,195.0,491.0,509.0,509.0,0.0,0.0,0,0,False,False,2,0,False,False
b7_partial,direct,372,205,455.0,545.0,455.0,545.0,545.0,0.0,206.0,87.0,109.30674925293812,414.0,86.0,454.0,205.0,454.0,545.0,545.0,0.0,0.0,1,0,True,False,3,0,False,False
b7_partial,direct,373,189,485.0,515.0,485.0,515.0,515.0,0.0,189.0,93.0,98.29844912046411,436.0,93.0,485.0,189.0,485.0,515.0,515.0,0.0,0.0,0,0,False,True,3,2,False,False
b7_partial,direct,374,184,523.0,477.0,523.0,477.0,477.0,0.0,185.0,89.0,94.74268306662293,440.0,88.0,521.0,184.0,521.0,477.0,477.0,0.0,0.0,2,0,True,True,4,2,False,False
b7_partial,direct,375,198,473.0,527.0,473.0,527.0,527.0,0.0,198.0,91.0,103.40317858862245,426.0,91.0,473.0,198.0,473.0,527.0,527.0,0.0,0.0,0,0,False,False,1,0,False,False
b7_partial,direct,376,197,466.0,534.0,466.0,534.0,534.0,0.0,198.0,90.0,100.41111462459556,431.0,89.0,462.0,197.0,462.0,534.0,534.0,0.0,0.0,4,0,True,True,3,3,False,False
b7_partial,direct,377,225,429.0,571.0,429.0,571.0,571.0,0.0,226.0,91.0,122.38895615142243,430.0,91.0,429.0,225.0,429.0,570.0,570.0,0.0,0.0,0,1,False,False,1,0,False,False
b7_partial,direct,378,175,541.0,459.0,541.0,459.0,459.0,0.0,176.0,97.0,89.33835337816191,456.0,96.0,540.0,175.0,540.0,459.0,459.0,0.0,0.0,1,0,True,False,1,0,False,False
b7_partial,direct,379,187,507.0,493.0,507.0,493.0,493.0,0.0,188.0,94.0,95.57999812365136,448.0,93.0,506.0,187.0,506.0,493.0,493.0,0.0,0.0,1,0,True,True,5,4,False,False
b7_partial,direct,380,208,468.0,532.0,468.0,532.0,532.0,0.0,209.0,100.0,113.00544094932297,464.0,99.0,466.0,208.0,466.0,532.0,532.0,0.0,0.0,2,0,True,False,2,0,False,False
b7_partial,direct,381,207,449.0,551.0,449.0,551.0,551.0,0.0,207.0,94.0,110.25968184890138,434.0,94.0,449.0,207.0,449.0,551.0,551.0,0.0,0.0,0,0,False,False,2,0,False,False
b7_partial,direct,382,182,499.0,501.0,499.0,501.0,501.0,0.0,182.0,95.0,93.7044668469607,449.0,95.0,499.0,182.0,499.0,501.0,501.0,0.0,0.0,0,0,False,False,2,0,False,False
b7_partial,direct,383,193,483.0,517.0,483.0,517.0,517.0,0.0,194.0,102.0,97.21148442051658,504.0,102.0,483.0,193.0,483.0,515.0,515.0,0.0,0.0,0,2,False,False,2,0,False,False
b7_partial,direct,384,191,507.0,493.0,507.0,493.0,493.0,0.0,192.0,101.0,98.91178791893554,495.0,101.0,507.0,191.0,507.0,492.0,492.0,0.0,0.0,0,1,False,False,2,0,False,False
b7_partial,direct,385,172,535.0,465.0,535.0,465.0,465.0,0.0,173.0,96.0,88.72039615553378,469.0,96.0,535.0,172.0,535.0,464.0,464.0,0.0,0.0,0,1,False,True,4,2,False,False
b7_partial,direct,386,193,474.0,526.0,474.0,526.0,526.0,0.0,194.0,92.0,107.0247862513864,439.0,91.0,473.0,193.0,473.0,526.0,526.0,0.0,0.0,1,0,True,True,6,10,False,False
b7_partial,direct,387,204,460.0,540.0,460.0,540.0,540.0,0.0,205.0,97.0,113.7036870009561,443.0,96.0,458.0,204.0,458.0,540.0,540.0,0.0,0.0,2,0,True,False,2,0,False,False
b7_partial,direct,388,205,449.0,551.0,449.0,551.0,551.0,0.0,206.0,98.0,107.0118515768417,467.0,98.0,449.0,205.0,446.0,550.0,550.0,0.0,0.0,3,1,False,True,4,16,False,False
b7_partial,direct,389,217,437.0,563.0,437.0,563.0,563.0,0.0,218.0,89.0,120.93093639937925,417.0,89.0,437.0,217.0,436.0,562.0,562.0,0.0,0.0,1,1,False,True,3,2,False,False
b7_partial,direct,390,192,478.0,522.0,478.0,522.0,522.0,0.0,193.0,95.0,100.46665573922938,442.0,94.0,466.0,192.0,466.0,522.0,522.0,0.0,0.0,12,0,True,False,2,0,False,False
b7_partial,direct,391,199,453.0,547.0,453.0,547.0,547.0,0.0,200.0,100.0,105.31734129173047,474.0,99.0,407.0,199.0,407.0,547.0,547.0,0.0,0.0,46,0,True,False,1,0,False,False
b7_partial,direct,392,204,463.0,537.0,463.0,537.0,537.0,0.0,205.0,102.0,109.24024333827127,473.0,101.0,460.0,204.0,460.0,537.0,537.0,0.0,0.0,3,0,True,False,2,0,False,False
b7_partial,direct,393,210,426.0,574.0,426.0,574.0,574.0,0.0,211.0,99.0,110.58555457420046,458.0,99.0,426.0,210.0,425.0,571.0,571.0,0.0,0.0,1,3,False,True,6,23,False,False
b7_partial,direct,394,191,487.0,513.0,487.0,513.0,513.0,0.0,192.0,93.0,102.308299700479,445.0,92.0,485.0,191.0,485.0,513.0,513.0,0.0,0.0,2,0,True,True,5,1,False,False
b7_partial,direct,395,192,491.0,509.0,491.0,509.0,509.0,0.0,193.0,92.0,101.0513907362137,419.0,91.0,484.0,192.0,484.0,509.0,509.0,0.0,0.0,7,0,True,True,4,5,False,False
b7_partial,direct,396,208,445.0,555.0,445.0,555.0,555.0,0.0,209.0,91.0,111.60824793877687,428.0,90.0,441.0,208.0,441.0,555.0,555.0,0.0,0.0,4,0,True,True,6,11,False,False
b7_partial,direct,397,209,460.0,540.0,460.0,540.0,540.0,0.0,210.0,98.0,113.14477385826655,459.0,98.0,460.0,209.0,459.0,538.0,538.0,0.0,0.0,1,2,False,True,4,9,False,False
b7_partial,direct,398,207,456.0,544.0,456.0,544.0,544.0,0.0,208.0,100.0,110.57706675288782,473.0,99.0,443.0,207.0,443.0,544.0,544.0,0.0,0.0,13,0,True,False,2,0,False,False
b7_partial,direct,399,197,475.0,525.0,475.0,525.0,525.0,0.0,198.0,102.0,102.23122187596867,472.0,102.0,475.0,197.0,474.0,523.0,523.0,0.0,0.0,1,2,False,True,5,1,False,False
b7_partial,direct,400,191,464.0,536.0,464.0,536.0,536.0,0.0,191.0,92.0,101.90355032543917,432.0,92.0,464.0,191.0,464.0,536.0,536.0,0.0,0.0,0,0,False,False,2,0,False,False
b7_partial,direct,401,197,477.0,523.0,477.0,523.0,523.0,0.0,198.0,86.0,105.56724411377793,415.0,85.0,473.0,197.0,473.0,523.0,523.0,0.0,0.0,4,0,True,True,4,4,False,False
b7_partial,direct,402,205,448.0,552.0,448.0,552.0,552.0,0.0,206.0,101.0,107.99467855677472,476.0,100.0,437.0,205.0,437.0,552.0,552.0,0.0,0.0,11,0,True,False,1,0,False,False
b7_partial,direct,403,206,468.0,532.0,468.0,532.0,532.0,0.0,207.0,88.0,108.30564098036837,403.0,88.0,468.0,206.0,468.0,531.0,531.0,0.0,0.0,0,1,False,True,4,4,False,False
b7_partial,direct,404,195,458.0,542.0,458.0,542.0,542.0,0.0,196.0,96.0,107.15881027727,468.0,95.0,449.0,195.0,449.0,542.0,542.0,0.0,0.0,9,0,True,False,2,0,False,False
b7_partial,direct,405,206,463.0,537.0,463.0,537.0,537.0,0.0,207.0,102.0,106.76392716293435,487.0,101.0,458.0,206.0,458.0,537.0,537.0,0.0,0.0,5,0,True,False,2,0,False,False
b7_partial,direct,406,220,435.0,565.0,435.0,565.0,565.0,0.0,221.0,98.0,120.12781421346328,445.0,98.0,435.0,220.0,435.0,564.0,564.0,0.0,0.0,0,1,False,True,3,3,False,False
b7_partial,direct,407,211,446.0,554.0,446.0,554.0,554.0,0.0,212.0,98.0,112.49548597145514,468.0,98.0,446.0,211.0,446.0,553.0,553.0,0.0,0.0,0,1,False,False,3,0,False,False
b7_partial,direct,408,218,411.0,589.0,411.0,589.0,589.0,0.0,219.0,94.0,117.98344732939387,432.0,94.0,411.0,218.0,408.0,586.0,586.0,0.0,0.0,3,3,False,False,1,0,False,False
b7_partial,direct,409,198,476.0,524.0,476.0,524.0,524.0,0.0,199.0,85.0,105.892078263565,405.0,85.0,476.0,198.0,472.0,523.0,523.0,0.0,0.0,4,1,False,False,4,0,False,False
b7_partial,direct,410,193,503.0,497.0,503.0,497.0,497.0,0.0,194.0,91.0,102.97495898606405,437.0,91.0,503.0,193.0,503.0,494.0,494.0,0.0,0.0,0,3,False,False,2,0,False,False
b7_partial,direct,411,184,491.0,509.0,491.0,509.0,509.0,0.0,185.0,92.0,95.69488920764992,438.0,91.0,489.0,184.0,489.0,509.0,509.0,0.0,0.0,2,0,True,True,5,9,False,False
b7_partial,direct,412,194,462.0,538.0,462.0,538.0,538.0,0.0,195.0,101.0,101.06941688846885,495.0,100.0,461.0,194.0,461.0,538.0,538.0,0.0,0.0,1,0,True,False,3,0,False,False
b7_partial,direct,413,176,520.0,480.0,520.0,480.0,480.0,0.0,177.0,93.0,91.26183079625831,448.0,93.0,520.0,176.0,520.0,479.0,479.0,0.0,0.0,0,1,False,False,1,0,False,False
b7_partial,direct,414,216,420.0,580.0,420.0,580.0,580.0,0.0,217.0,98.0,116.02529097486011,451.0,98.0,420.0,216.0,420.0,577.0,577.0,0.0,0.0,0,3,False,False,3,0,False,False
b7_partial,direct,415,196,493.0,507.0,493.0,507.0,507.0,0.0,196.0,86.0,102.12596391153886,394.0,86.0,493.0,196.0,493.0,507.0,507.0,0.0,0.0,0,0,False,True,5,6,False,False
b7_partial,direct,416,196,463.0,537.0,463.0,537.0,537.0,0.0,197.0,103.0,102.17197934112214,493.0,102.0,459.0,196.0,459.0,537.0,537.0,0.0,0.0,4,0,True,True,3,5,False,False
b7_partial,direct,417,208,442.0,558.0,442.0,558.0,558.0,0.0,208.0,98.0,111.71795734757605,451.0,98.0,442.0,208.0,442.0,558.0,558.0,0.0,0.0,0,0,False,False,4,0,False,False
b7_partial,direct,418,202,459.0,541.0,459.0,541.0,541.0,0.0,202.0,94.0,104.86230119994417,450.0,94.0,459.0,202.0,459.0,541.0,541.0,0.0,0.0,0,0,False,True,5,1,False,False
b7_partial,direct,419,192,494.0,506.0,494.0,506.0,506.0,0.0,193.0,92.0,102.0735804669224,444.0,91.0,493.0,192.0,493.0,506.0,506.0,0.0,0.0,1,0,True,False,3,0,False,False
b7_partial,direct,420,193,496.0,504.0,496.0,504.0,504.0,0.0,194.0,96.0,99.37106547806,447.0,95.0,493.0,193.0,493.0,504.0,504.0,0.0,0.0,3,0,True,False,2,0,False,False
b7_partial,direct,421,197,470.0,530.0,470.0,530.0,530.0,0.0,198.0,86.0,105.43894618210635,398.0,86.0,470.0,197.0,467.0,528.0,528.0,0.0,0.0,3,2,False,False,4,0,False,False
b7_partial,direct,422,219,437.0,563.0,437.0,563.0,563.0,0.0,220.0,81.0,120.09993225000119,399.0,80.0,434.0,219.0,434.0,563.0,563.0,0.0,0.0,3,0,True,False,4,0,False,False
b7_partial,direct,423,215,443.0,557.0,443.0,557.0,557.0,0.0,216.0,90.0,116.39682004479423,410.0,90.0,443.0,215.0,440.0,555.0,555.0,0.0,0.0,3,2,False,False,1,0,False,False
b7_partial,direct,424,185,511.0,489.0,511.0,489.0,489.0,0.0,185.0,86.0,99.97781612597028,401.0,86.0,511.0,185.0,511.0,489.0,489.0,0.0,0.0,0,0,False,True,4,2,False,False
b7_partial,direct,425,198,488.0,512.0,488.0,512.0,512.0,0.0,199.0,95.0,106.89542151791608,459.0,94.0,479.0,198.0,479.0,512.0,512.0,0.0,0.0,9,0,True,True,5,3,False,False
b7_partial,direct,426,186,500.0,500.0,500.0,500.0,500.0,0.0,187.0,92.0,97.80608796686326,444.0,91.0,476.0,186.0,476.0,500.0,500.0,0.0,0.0,24,0,True,False,2,0,False,False
b7_partial,direct,427,200,454.0,546.0,454.0,546.0,546.0,0.0,201.0,93.0,104.37239439790245,435.0,93.0,454.0,200.0,453.0,544.0,544.0,0.0,0.0,1,2,False,False,2,0,False,False
b7_partial,direct,428,188,486.0,514.0,486.0,514.0,514.0,0.0,188.0,92.0,99.31289008549068,427.0,92.0,486.0,188.0,486.0,514.0,514.0,0.0,0.0,0,0,False,True,3,1,False,False
b7_partial,direct,429,198,480.0,520.0,480.0,520.0,520.0,0.0,199.0,94.0,102.5187114985641,445.0,94.0,480.0,198.0,479.0,519.0,519.0,0.0,0.0,1,1,False,False,1,0,False,False
b7_partial,direct,430,214,432.0,568.0,432.0,568.0,568.0,0.0,215.0,100.0,114.5018874759047,456.0,99.0,426.0,214.0,426.0,568.0,568.0,0.0,0.0,6,0,True,False,3,0,False,False
b7_partial,direct,431,199,480.0,520.0,480.0,520.0,520.0,0.0,200.0,93.0,106.37624062869715,438.0,93.0,480.0,199.0,480.0,517.0,517.0,0.0,0.0,0,3,False,False,3,0,False,False
b7_partial,direct,432,205,476.0,524.0,476.0,524.0,524.0,0.0,206.0,95.0,111.57405063957586,439.0,94.0,466.0,205.0,466.0,524.0,524.0,0.0,0.0,10,0,True,False,2,0,False,False
b7_partial,direct,433,194,489.0,511.0,489.0,511.0,511.0,0.0,195.0,96.0,108.45251355205414,450.0,95.0,486.0,194.0,486.0,511.0,511.0,0.0,0.0,3,0,True,False,2,0,False,False
b7_partial,direct,434,222,442.0,558.0,442.0,558.0,558.0,0.0,223.0,99.0,123.00987164261834,459.0,99.0,442.0,222.0,442.0,556.0,556.0,0.0,0.0,0,2,False,False,4,0,False,False
b7_partial,direct,435,198,465.0,535.0,465.0,535.0,535.0,0.0,199.0,97.0,104.49552528411891,458.0,96.0,461.0,198.0,461.0,535.0,535.0,0.0,0.0,4,0,True,False,4,0,False,False
b7_partial,direct,436,191,507.0,493.0,507.0,493.0,493.0,0.0,192.0,102.0,100.022284159806,490.0,102.0,507.0,191.0,507.0,492.0,492.0,0.0,0.0,0,1,False,False,1,0,False,False
b7_partial,direct,437,207,463.0,537.0,463.0,537.0,537.0,0.0,208.0,100.0,106.30467865206386,477.0,99.0,459.0,207.0,459.0,537.0,537.0,0.0,0.0,4,0,True,False,1,0,False,False
b7_partial,direct,438,209,452.0,548.0,452.0,548.0,548.0,0.0,209.0,95.0,115.82602967058813,418.0,95.0,452.0,209.0,452.0,548.0,548.0,0.0,0.0,0,0,False,True,4,3,False,False
b7_partial,direct,439,195,491.0,509.0,491.0,509.0,509.0,0.0,195.0,91.0,103.73199971869708,443.0,91.0,491.0,195.0,491.0,509.0,509.0,0.0,0.0,0,0,False,True,6,22,False,False
b7_partial,direct,440,176,511.0,489.0,511.0,489.0,489.0,0.0,176.0,94.0,90.26735761901156,444.0,94.0,511.0,176.0,511.0,489.0,489.0,0.0,0.0,0,0,False,False,2,0,False,False
b7_partial,direct,441,182,503.0,497.0,503.0,497.0,497.0,0.0,183.0,90.0,97.21422222839307,416.0,90.0,503.0,182.0,498.0,495.0,495.0,0.0,0.0,5,2,False,False,4,0,False,False
b7_partial,direct,442,214,426.0,574.0,426.0,574.0,574.0,0.0,215.0,83.0,118.56832330839765,396.0,82.0,420.0,214.0,420.0,574.0,574.0,0.0,0.0,6,0,True,True,5,5,False,False
b7_partial,direct,443,192,493.0,507.0,493.0,507.0,507.0,0.0,193.0,100.0,101.80432929269915,488.0,99.0,492.0,192.0,492.0,507.0,507.0,0.0,0.0,1,0,True,False,4,0,False,False
b7_partial,direct,444,197,469.0,531.0,469.0,531.0,531.0,0.0,198.0,99.0,98.94589854291029,473.0,99.0,469.0,197.0,462.0,529.0,529.0,0.0,0.0,7,2,False,False,2,0,False,False
b7_partial,direct,445,199,465.0,535.0,465.0,535.0,535.0,0.0,200.0,102.0,101.91521890543466,465.0,101.0,457.0,199.0,457.0,535.0,535.0,0.0,0.0,8,0,True,False,1,0,False,False
b7_partial,direct,446,207,463.0,537.0,463.0,537.0,537.0,0.0,208.0,96.0,115.71307048962012,467.0,96.0,463.0,207.0,463.0,536.0,536.0,0.0,0.0,0,1,False,True,6,6,False,False
b7_partial,direct,447,204,459.0,541.0,459.0,541.0,541.0,0.0,205.0,102.0,108.90672226604552,480.0,102.0,459.0,204.0,458.0,540.0,540.0,0.0,0.0,1,1,False,False,2,0,False,False
b7_partial,direct,448,204,458.0,542.0,458.0,542.0,542.0,0.0,205.0,96.0,107.72899457689972,485.0,96.0,458.0,204.0,458.0,541.0,541.0,0.0,0.0,0,1,False,True,4,30,False,False
b7_partial,direct,449,152,570.0,430.0,570.0,430.0,430.0,0.0,153.0,92.0,75.79385213935791,447.0,91.0,569.0,152.0,569.0,430.0,430.0,0.0,0.0,1,0,True,True,6,5,False,False
b7_partial,direct,450,196,505.0,495.0,505.0,495.0,495.0,0.0,197.0,96.0,101.40364721016557,444.0,96.0,505.0,196.0,505.0,494.0,494.0,0.0,0.0,0,1,False,True,3,1,False,False
b7_partial,direct,451,201,461.0,539.0,461.0,539.0,539.0,0.0,202.0,90.0,105.59247666267115,433.0,89.0,452.0,201.0,452.0,539.0,539.0,0.0,0.0,9,0,True,False,2,0,False,False
b7_partial,direct,452,204,457.0,543.0,457.0,543.0,543.0,0.0,205.0,101.0,110.00778739589474,458.0,100.0,453.0,204.0,453.0,543.0,543.0,0.0,0.0,4,0,True,False,3,0,False,False
b7_partial,direct,453,200,467.0,533.0,467.0,533.0,533.0,0.0,201.0,95.0,111.12125323712343,455.0,94.0,463.0,200.0,463.0,533.0,533.0,0.0,0.0,4,0,True,True,6,26,False,False
b7_partial,direct,454,198,504.0,496.0,504.0,496.0,496.0,0.0,199.0,102.0,108.875482270007,468.0,102.0,504.0,198.0,499.0,495.0,495.0,0.0,0.0,5,1,False,True,6,2,False,False
b7_partial,direct,455,197,487.0,513.0,487.0,513.0,513.0,0.0,198.0,100.0,106.06908875531668,459.0,100.0,487.0,197.0,487.0,512.0,512.0,0.0,0.0,0,1,False,False,2,0,False,False
b7_partial,direct,456,192,479.0,521.0,479.0,521.0,521.0,0.0,193.0,101.0,101.34393406207914,487.0,101.0,479.0,192.0,479.0,520.0,520.0,0.0,0.0,0,1,False,False,3,0,False,False
b7_partial,direct,457,214,447.0,553.0,447.0,553.0,553.0,0.0,215.0,97.0,114.69487670837107,474.0,96.0,446.0,214.0,446.0,553.0,553.0,0.0,0.0,1,0,True,False,2,0,False,False
b7_partial,direct,458,210,459.0,541.0,459.0,541.0,541.0,0.0,211.0,96.0,118.19281737018301,444.0,95.0,453.0,210.0,453.0,541.0,541.0,0.0,0.0,6,0,True,False,2,0,False,False
b7_partial,direct,459,202,495.0,505.0,495.0,505.0,505.0,0.0,203.0,88.0,105.8965641360479,424.0,87.0,491.0,202.0,491.0,505.0,505.0,0.0,0.0,4,0,True,True,6,30,False,False
b7_partial,direct,460,196,484.0,516.0,484.0,516.0,516.0,0.0,197.0,97.0,105.42047349795025,442.0,96.0,482.0,196.0,482.0,516.0,516.0,0.0,0.0,2,0,True,True,5,19,False,False
b7_partial,direct,461,194,486.0,514.0,486.0,514.0,514.0,0.0,195.0,79.0,107.47448265061828,363.0,78.0,482.0,194.0,482.0,514.0,514.0,0.0,0.0,4,0,True,False,3,0,False,False
b7_partial,direct,462,193,516.0,484.0,516.0,484.0,484.0,0.0,194.0,90.0,102.65976367711797,440.0,90.0,516.0,193.0,515.0,482.0,482.0,0.0,0.0,1,2,False,True,6,2,False,False
b7_partial,direct,463,211,440.0,560.0,440.0,560.0,560.0,0.0,212.0,96.0,115.24504060143947,455.0,95.0,438.0,211.0,438.0,560.0,560.0,0.0,0.0,2,0,True,False,2,0,False,False
b7_partial,direct,464,189,493.0,507.0,493.0,507.0,507.0,0.0,190.0,95.0,98.61829033950443,451.0,95.0,493.0,189.0,487.0,506.0,506.0,0.0,0.0,6,1,False,False,1,0,False,False
b7_partial,direct,465,195,474.0,526.0,474.0,526.0,526.0,0.0,196.0,98.0,104.00005940481941,463.0,97.0,472.0,195.0,472.0,526.0,526.0,0.0,0.0,2,0,True,False,3,0,False,False
b7_partial,direct,466,188,513.0,487.0,513.0,487.0,487.0,0.0,189.0,96.0,100.09304906834686,442.0,95.0,501.0,188.0,501.0,487.0,487.0,0.0,0.0,12,0,True,False,3,0,False,False
b7_partial,direct,467,209,445.0,555.0,445.0,555.0,555.0,0.0,210.0,99.0,115.92124787892884,454.0,99.0,445.0,209.0,445.0,554.0,554.0,0.0,0.0,0,1,False,False,3,0,False,False
b7_partial,direct,468,212,454.0,546.0,454.0,546.0,546.0,0.0,213.0,97.0,117.50010875086083,450.0,96.0,453.0,212.0,453.0,546.0,546.0,0.0,0.0,1,0,True,True,5,11,False,False
b7_partial,direct,469,213,449.0,551.0,449.0,551.0,551.0,0.0,213.0,87.0,114.21726207995049,421.0,87.0,449.0,213.0,449.0,551.0,551.0,0.0,0.0,0,0,False,True,7,29,False,False
b7_partial,direct,470,205,467.0,533.0,467.0,533.0,533.0,0.0,205.0,96.0,110.65168719589735,440.0,96.0,467.0,205.0,467.0,533.0,533.0,0.0,0.0,0,0,False,False,2,0,False,False
b7_partial,direct,471,204,466.0,534.0,466.0,534.0,534.0,0.0,205.0,102.0,109.0661254408309,478.0,101.0,464.0,204.0,464.0,534.0,534.0,0.0,0.0,2,0,True,False,4,0,False,False
b7_partial,direct,472,189,493.0,507.0,493.0,507.0,507.0,0.0,190.0,92.0,96.86250170444708,442.0,92.0,493.0,189.0,493.0,506.0,506.0,0.0,0.0,0,1,False,True,5,9,False,False
b7_partial,direct,473,195,497.0,503.0,497.0,503.0,503.0,0.0,196.0,96.0,102.05320689185777,453.0,95.0,496.0,195.0,496.0,503.0,503.0,0.0,0.0,1,0,True,False,2,0,False,False
b7_partial,direct,474,188,496.0,504.0,496.0,504.0,504.0,0.0,189.0,100.0,95.54299849281007,472.0,99.0,493.0,188.0,493.0,504.0,504.0,0.0,0.0,3,0,True,True,4,2,False,False
b7_partial,direct,475,188,489.0,511.0,489.0,511.0,511.0,0.0,189.0,97.0,102.22435181179623,450.0,97.0,489.0,188.0,489.0,508.0,508.0,0.0,0.0,0,3,False,True,3,5,False,False
b7_partial,direct,476,207,456.0,544.0,456.0,544.0,544.0,0.0,208.0,92.0,115.96617155727563,433.0,92.0,456.0,207.0,449.0,542.0,542.0,0.0,0.0,7,2,False,True,4,29,False,False
b7_partial,direct,477,176,522.0,478.0,522.0,478.0,478.0,0.0,177.0,90.0,89.20078875466373,433.0,89.0,520.0,176.0,520.0,478.0,478.0,0.0,0.0,2,0,True,False,2,0,False,False
b7_partial,direct,478,192,484.0,516.0,484.0,516.0,516.0,0.0,193.0,104.0,100.8722496700589,510.0,103.0,468.0,192.0,468.0,516.0,516.0,0.0,0.0,16,0,True,True,5,7,False,False
b7_partial,direct,479,221,409.0,591.0,409.0,591.0,591.0,0.0,222.0,91.0,121.71523320814774,434.0,91.0,409.0,221.0,399.0,590.0,590.0,0.0,0.0,10,1,False,False,2,0,False,False
b7_partial,direct,480,194,472.0,528.0,472.0,528.0,528.0,0.0,195.0,91.0,99.28917129444783,434.0,90.0,446.0,194.0,446.0,528.0,528.0,0.0,0.0,26,0,True,False,2,0,False,False
b7_partial,direct,481,211,447.0,553.0,447.0,553.0,553.0,0.0,212.0,95.0,114.34667131712149,441.0,94.0,446.0,211.0,446.0,553.0,553.0,0.0,0.0,1,0,True,False,3,0,False,False
b7_partial,direct,482,200,487.0,513.0,487.0,513.0,513.0,0.0,200.0,97.0,108.8185244096251,449.0,97.0,487.0,200.0,487.0,513.0,513.0,0.0,0.0,0,0,False,True,5,3,False,False
b7_partial,direct,483,212,444.0,556.0,444.0,556.0,556.0,0.0,213.0,97.0,110.54237604762227,466.0,97.0,444.0,212.0,437.0,555.0,555.0,0.0,0.0,7,1,False,False,4,0,False,False
b7_partial,direct,484,216,458.0,542.0,458.0,542.0,542.0,0.0,216.0,93.0,118.55792336337313,438.0,93.0,458.0,216.0,458.0,542.0,542.0,0.0,0.0,0,0,False,False,1,0,False,False
b7_partial,direct,485,206,464.0,536.0,464.0,536.0,536.0,0.0,207.0,83.0,107.07831903797876,395.0,82.0,438.0,206.0,438.0,536.0,536.0,0.0,0.0,26,0,True,True,3,1,False,False
b7_partial,direct,486,192,502.0,498.0,502.0,498.0,498.0,0.0,192.0,99.0,102.02419448437918,472.0,99.0,502.0,192.0,502.0,498.0,498.0,0.0,0.0,0,0,False,False,3,0,False,False
b7_partial,direct,487,198,490.0,510.0,490.0,510.0,510.0,0.0,198.0,94.0,106.35124443540779,438.0,94.0,490.0,198.0,490.0,510.0,510.0,0.0,0.0,0,0,False,True,3,4,False,False
b7_partial,direct,488,204,452.0,548.0,452.0,548.0,548.0,0.0,205.0,96.0,104.50515561131547,470.0,95.0,448.0,204.0,448.0,548.0,548.0,0.0,0.0,4,0,True,False,3,0,False,False
b7_partial,direct,489,179,529.0,471.0,529.0,471.0,471.0,0.0,179.0,80.0,91.73495149632079,392.0,80.0,529.0,179.0,529.0,471.0,471.0,0.0,0.0,0,0,False,False,4,0,False,False
b7_partial,direct,490,190,518.0,482.0,518.0,482.0,482.0,0.0,191.0,89.0,98.27506465618251,425.0,88.0,513.0,190.0,513.0,482.0,482.0,0.0,0.0,5,0,True,True,6,43,False,False
b7_partial,direct,491,201,459.0,541.0,459.0,541.0,541.0,0.0,201.0,94.0,107.54701769491777,448.0,94.0,459.0,201.0,459.0,541.0,541.0,0.0,0.0,0,0,False,False,2,0,False,False
b7_partial,direct,492,203,464.0,536.0,464.0,536.0,536.0,0.0,203.0,106.0,102.42139236472087,506.0,106.0,464.0,203.0,464.0,536.0,536.0,0.0,0.0,0,0,False,True,5,24,False,False
b7_partial,direct,493,205,464.0,536.0,464.0,536.0,536.0,0.0,206.0,94.0,108.95009260362427,438.0,94.0,464.0,205.0,464.0,535.0,535.0,0.0,0.0,0,1,False,True,5,1,False,False
b7_partial,direct,494,217,402.0,598.0,402.0,598.0,598.0,0.0,218.0,94.0,118.74812678796049,459.0,94.0,402.0,217.0,401.0,597.0,597.0,0.0,0.0,1,1,False,True,4,12,False,False
b7_partial,direct,495,188,492.0,508.0,492.0,508.0,508.0,0.0,189.0,95.0,99.97324085275183,473.0,94.0,490.0,188.0,490.0,508.0,508.0,0.0,0.0,2,0,True,False,3,0,False,False
b7_partial,direct,496,210,422.0,578.0,422.0,578.0,578.0,0.0,211.0,89.0,109.85820639068376,412.0,89.0,422.0,210.0,422.0,576.0,576.0,0.0,0.0,0,2,False,False,4,0,False,False
b7_partial,direct,497,209,458.0,542.0,458.0,542.0,542.0,0.0,210.0,95.0,112.27322053610081,454.0,95.0,458.0,209.0,458.0,540.0,540.0,0.0,0.0,0,2,False,True,6,5,False,False
b7_partial,direct,498,195,478.0,522.0,478.0,522.0,522.0,0.0,196.0,90.0,102.3452742337754,418.0,90.0,478.0,195.0,478.0,521.0,521.0,0.0,0.0,0,1,False,True,6,6,False,False
b7_partial,direct,499,205,466.0,534.0,466.0,534.0,534.0,0.0,206.0,94.0,106.81389917533741,450.0,94.0,466.0,205.0,462.0,532.0,532.0,0.0,0.0,4,2,False,True,8,13,False,False
b7_partial,dqn_2048000,0,266,281.0,719.0,281.0,719.0,719.0,0.0,267.0,130.0,134.1037362719167,623.0,129.0,280.0,266.0,280.0,719.0,719.0,0.0,0.0,1,0,True,True,4,2,False,False
b7_partial,dqn_2048000,1,250,282.0,718.0,282.0,718.0,718.0,0.0,251.0,134.0,123.46044991225703,653.0,134.0,282.0,250.0,282.0,716.0,716.0,0.0,0.0,0,2,False,True,3,2,False,False
b7_partial,dqn_2048000,2,265,261.0,739.0,261.0,739.0,739.0,0.0,266.0,127.0,136.30408375594132,593.0,127.0,261.0,265.0,261.0,736.0,736.0,0.0,0.0,0,3,False,True,3,1,False,False
b7_partial,dqn_2048000,3,258,282.0,718.0,282.0,718.0,718.0,0.0,259.0,137.0,128.6613083975968,627.0,137.0,282.0,258.0,279.0,717.0,717.0,0.0,0.0,3,1,False,True,6,2,False,False
b7_partial,dqn_2048000,4,270,284.0,716.0,286.0,714.0,713.0,1.0,271.0,127.0,134.90998016394101,617.0,127.0,284.0,270.0,280.0,714.0,712.0,2.0,1.0,4,2,False,True,5,2,False,False
b7_partial,dqn_2048000,5,262,277.0,723.0,277.0,723.0,723.0,0.0,263.0,136.0,135.25040050678587,647.0,136.0,277.0,262.0,276.0,720.0,720.0,0.0,0.0,1,3,False,False,1,0,False,False
b7_partial,dqn_2048000,6,255,284.0,716.0,284.0,716.0,716.0,0.0,256.0,118.0,126.24859941699012,580.0,118.0,284.0,255.0,280.0,715.0,715.0,0.0,0.0,4,1,False,False,4,0,False,False
b7_partial,dqn_2048000,7,265,268.0,732.0,268.0,732.0,732.0,0.0,266.0,130.0,132.70366059920846,632.0,130.0,268.0,265.0,267.0,729.0,729.0,0.0,0.0,1,3,False,False,3,0,False,False
b7_partial,dqn_2048000,8,256,298.0,702.0,298.0,702.0,702.0,0.0,257.0,130.0,128.5880477589892,650.0,129.0,296.0,256.0,296.0,702.0,702.0,0.0,0.0,2,0,True,False,2,0,False,False
b7_partial,dqn_2048000,9,278,263.0,737.0,263.0,737.0,737.0,0.0,278.0,128.0,146.89970330648254,617.0,128.0,263.0,278.0,263.0,737.0,737.0,0.0,0.0,0,0,False,True,4,2,False,False
b7_partial,dqn_2048000,10,280,263.0,737.0,263.0,737.0,737.0,0.0,281.0,131.0,142.46921555546197,622.0,131.0,263.0,280.0,263.0,734.0,734.0,0.0,0.0,0,3,False,True,4,2,False,False
b7_partial,dqn_2048000,11,270,270.0,730.0,270.0,730.0,730.0,0.0,271.0,120.0,137.26428806962014,583.0,120.0,270.0,270.0,268.0,728.0,728.0,0.0,0.0,2,2,False,True,7,3,False,False
b7_partial,dqn_2048000,12,259,296.0,704.0,296.0,704.0,704.0,0.0,260.0,132.0,127.82125007625748,630.0,131.0,292.0,259.0,292.0,704.0,704.0,0.0,0.0,4,0,True,False,1,0,False,False
b7_partial,dqn_2048000,13,254,301.0,699.0,301.0,699.0,699.0,0.0,255.0,139.0,127.19263102943773,681.0,138.0,298.0,254.0,298.0,699.0,699.0,0.0,0.0,3,0,True,False,2,0,False,False
b7_partial,dqn_2048000,14,268,285.0,715.0,285.0,715.0,715.0,0.0,269.0,137.0,136.8744433949188,651.0,137.0,285.0,268.0,284.0,713.0,713.0,0.0,0.0,1,2,False,True,3,3,False,False
b7_partial,dqn_2048000,15,258,284.0,716.0,284.0,716.0,716.0,0.0,259.0,125.0,125.84886727741072,622.0,125.0,284.0,258.0,281.0,715.0,715.0,0.0,0.0,3,1,False,False,1,0,False,False
b7_partial,dqn_2048000,16,274,270.0,730.0,270.0,730.0,730.0,0.0,274.0,127.0,138.13021544962402,589.0,127.0,270.0,274.0,270.0,730.0,730.0,0.0,0.0,0,0,False,True,4,1,False,False
b7_partial,dqn_2048000,17,264,275.0,725.0,275.0,725.0,725.0,0.0,265.0,132.0,134.5796016723513,643.0,132.0,275.0,264.0,275.0,724.0,724.0,0.0,0.0,0,1,False,True,5,3,False,False
b7_partial,dqn_2048000,18,271,252.0,748.0,252.0,748.0,748.0,0.0,272.0,121.0,140.75674773656667,581.0,121.0,252.0,271.0,252.0,747.0,747.0,0.0,0.0,0,1,False,False,2,0,False,False
b7_partial,dqn_2048000,19,258,284.0,716.0,284.0,716.0,716.0,0.0,258.0,133.0,129.82397391965796,633.0,133.0,284.0,258.0,284.0,716.0,716.0,0.0,0.0,0,0,False,False,1,0,False,False
b7_partial,dqn_2048000,20,260,295.0,705.0,295.0,705.0,705.0,0.0,261.0,139.0,130.15559263185622,651.0,139.0,295.0,260.0,293.0,703.0,703.0,0.0,0.0,2,2,False,False,3,0,False,False
b7_partial,dqn_2048000,21,266,275.0,725.0,275.0,725.0,725.0,0.0,266.0,133.0,132.05997790180376,639.0,133.0,275.0,266.0,275.0,725.0,725.0,0.0,0.0,0,0,False,False,2,0,False,False
b7_partial,dqn_2048000,22,265,284.0,716.0,284.0,716.0,716.0,0.0,266.0,137.0,130.46199707118228,661.0,137.0,284.0,265.0,284.0,714.0,714.0,0.0,0.0,0,2,False,True,6,2,False,False
b7_partial,dqn_2048000,23,265,280.0,720.0,280.0,720.0,720.0,0.0,265.0,123.0,133.58250504263086,581.0,123.0,280.0,265.0,280.0,720.0,720.0,0.0,0.0,0,0,False,True,5,4,False,False
b7_partial,dqn_2048000,24,280,257.0,743.0,257.0,743.0,743.0,0.0,280.0,126.0,146.5024577470061,598.0,126.0,257.0,280.0,257.0,743.0,743.0,0.0,0.0,0,0,False,True,5,3,False,False
b7_partial,dqn_2048000,25,273,277.0,723.0,277.0,723.0,723.0,0.0,274.0,133.0,140.63677140806132,645.0,133.0,277.0,273.0,276.0,722.0,722.0,0.0,0.0,1,1,False,False,1,0,False,False
b7_partial,dqn_2048000,26,247,296.0,704.0,296.0,704.0,704.0,0.0,248.0,129.0,122.28346963774163,628.0,129.0,296.0,247.0,294.0,703.0,703.0,0.0,0.0,2,1,False,False,3,0,False,False
b7_partial,dqn_2048000,27,278,267.0,733.0,267.0,733.0,733.0,0.0,279.0,132.0,139.11735922970104,617.0,132.0,267.0,278.0,264.0,732.0,732.0,0.0,0.0,3,1,False,True,7,3,False,False
b7_partial,dqn_2048000,28,269,262.0,738.0,262.0,738.0,738.0,0.0,270.0,130.0,137.55768739942246,622.0,129.0,260.0,269.0,260.0,738.0,738.0,0.0,0.0,2,0,True,False,1,0,False,False
b7_partial,dqn_2048000,29,263,304.0,696.0,304.0,696.0,696.0,0.0,264.0,140.0,134.32810641856605,657.0,140.0,304.0,263.0,301.0,695.0,695.0,0.0,0.0,3,1,False,False,3,0,False,False
b7_partial,dqn_2048000,30,285,265.0,735.0,265.0,735.0,735.0,0.0,286.0,124.0,146.8285661943909,589.0,124.0,265.0,285.0,265.0,734.0,734.0,0.0,0.0,0,1,False,False,3,0,False,False
b7_partial,dqn_2048000,31,273,255.0,745.0,255.0,745.0,745.0,0.0,273.0,126.0,140.22557507029845,589.0,126.0,255.0,273.0,255.0,745.0,745.0,0.0,0.0,0,0,False,False,2,0,False,False
b7_partial,dqn_2048000,32,269,281.0,719.0,281.0,719.0,719.0,0.0,270.0,132.0,138.32144871812048,624.0,131.0,280.0,269.0,280.0,719.0,719.0,0.0,0.0,1,0,True,False,1,0,False,False
b7_partial,dqn_2048000,33,279,264.0,736.0,266.0,734.0,733.0,1.0,279.0,124.0,145.0403280981892,580.0,124.0,264.0,279.0,264.0,736.0,734.0,2.0,1.0,0,0,False,True,5,3,False,False
b7_partial,dqn_2048000,34,262,273.0,727.0,273.0,727.0,727.0,0.0,262.0,133.0,131.6966597076066,655.0,133.0,273.0,262.0,273.0,727.0,727.0,0.0,0.0,0,0,False,False,2,0,False,False
b7_partial,dqn_2048000,35,267,287.0,713.0,287.0,713.0,713.0,0.0,268.0,134.0,134.72324192069274,640.0,133.0,284.0,267.0,284.0,713.0,713.0,0.0,0.0,3,0,True,False,1,0,False,False
b7_partial,dqn_2048000,36,265,283.0,717.0,283.0,717.0,717.0,0.0,266.0,136.0,135.42082336177592,634.0,136.0,283.0,265.0,283.0,716.0,716.0,0.0,0.0,0,1,False,True,4,3,False,False
b7_partial,dqn_2048000,37,282,247.0,753.0,247.0,753.0,753.0,0.0,283.0,122.0,145.01027031664717,574.0,121.0,246.0,282.0,246.0,753.0,753.0,0.0,0.0,1,0,True,False,1,0,False,False
b7_partial,dqn_2048000,38,273,280.0,720.0,280.0,720.0,720.0,0.0,274.0,133.0,136.4035367255348,633.0,132.0,278.0,273.0,278.0,720.0,720.0,0.0,0.0,2,0,True,True,7,3,False,False
b7_partial,dqn_2048000,39,261,291.0,709.0,291.0,709.0,709.0,0.0,262.0,138.0,129.35957028792535,657.0,138.0,291.0,261.0,291.0,708.0,708.0,0.0,0.0,0,1,False,True,5,3,False,False
b7_partial,dqn_2048000,40,264,289.0,711.0,289.0,711.0,711.0,0.0,265.0,137.0,134.61094716182538,638.0,136.0,286.0,264.0,286.0,711.0,711.0,0.0,0.0,3,0,True,False,2,0,False,False
b7_partial,dqn_2048000,41,256,293.0,707.0,293.0,707.0,707.0,0.0,257.0,136.0,129.5819175087262,667.0,136.0,293.0,256.0,293.0,706.0,706.0,0.0,0.0,0,1,False,False,3,0,False,False
b7_partial,dqn_2048000,42,256,274.0,726.0,274.0,726.0,726.0,0.0,257.0,133.0,128.4028642150613,649.0,132.0,272.0,256.0,272.0,726.0,726.0,0.0,0.0,2,0,True,True,4,1,False,False
b7_partial,dqn_2048000,43,272,257.0,743.0,257.0,743.0,743.0,0.0,273.0,123.0,139.56219201727512,593.0,122.0,255.0,272.0,255.0,743.0,743.0,0.0,0.0,2,0,True,True,6,2,False,False
b7_partial,dqn_2048000,44,278,256.0,744.0,256.0,744.0,744.0,0.0,279.0,131.0,143.4953912031867,624.0,131.0,256.0,278.0,256.0,743.0,743.0,0.0,0.0,0,1,False,False,4,0,False,False
b7_partial,dqn_2048000,45,270,263.0,737.0,263.0,737.0,737.0,0.0,271.0,126.0,141.45027042979152,613.0,125.0,261.0,270.0,261.0,737.0,737.0,0.0,0.0,2,0,True,True,5,1,False,False
b7_partial,dqn_2048000,46,265,276.0,724.0,276.0,724.0,724.0,0.0,266.0,125.0,132.15739809371001,601.0,125.0,276.0,265.0,273.0,723.0,723.0,0.0,0.0,3,1,False,False,1,0,False,False
b7_partial,dqn_2048000,47,260,298.0,702.0,300.0,700.0,699.0,1.0,261.0,145.0,130.57526326293308,671.0,144.0,297.0,260.0,297.0,702.0,700.0,2.0,1.0,1,0,True,False,3,0,False,False
b7_partial,dqn_2048000,48,266,269.0,731.0,269.0,731.0,731.0,0.0,267.0,128.0,137.4838166492426,618.0,128.0,269.0,266.0,263.0,730.0,730.0,0.0,0.0,6,1,False,True,5,3,False,False
b7_partial,dqn_2048000,49,262,285.0,715.0,286.0,714.0,713.0,1.0,263.0,140.0,133.37894446081276,661.0,140.0,285.0,262.0,283.0,713.0,711.0,2.0,1.0,2,2,False,True,4,4,False,False
b7_partial,dqn_2048000,50,267,276.0,724.0,276.0,724.0,724.0,0.0,268.0,135.0,138.5786359306701,648.0,135.0,276.0,267.0,273.0,723.0,723.0,0.0,0.0,3,1,False,True,6,3,False,False
b7_partial,dqn_2048000,51,267,274.0,726.0,276.0,724.0,723.0,1.0,268.0,133.0,140.22852695027106,619.0,133.0,274.0,267.0,274.0,725.0,723.0,2.0,1.0,0,1,False,False,3,0,False,False
b7_partial,dqn_2048000,52,277,270.0,730.0,270.0,730.0,730.0,0.0,278.0,129.0,139.87643190554067,589.0,129.0,270.0,277.0,268.0,728.0,728.0,0.0,0.0,2,2,False,True,5,1,False,False
b7_partial,dqn_2048000,53,258,292.0,708.0,292.0,708.0,708.0,0.0,258.0,134.0,128.09823508030533,645.0,134.0,292.0,258.0,292.0,708.0,708.0,0.0,0.0,0,0,False,True,6,2,False,False
b7_partial,dqn_2048000,54,277,278.0,722.0,278.0,722.0,722.0,0.0,277.0,125.0,142.49939540649592,611.0,125.0,278.0,277.0,278.0,722.0,722.0,0.0,0.0,0,0,False,False,3,0,False,False
b7_partial,dqn_2048000,55,270,275.0,725.0,275.0,725.0,725.0,0.0,271.0,130.0,137.40011062956276,608.0,130.0,275.0,270.0,274.0,724.0,724.0,0.0,0.0,1,1,False,True,4,3,False,False
b7_partial,dqn_2048000,56,278,273.0,727.0,273.0,727.0,727.0,0.0,279.0,130.0,140.981400492726,615.0,130.0,273.0,278.0,269.0,725.0,725.0,0.0,0.0,4,2,False,False,3,0,False,False
b7_partial,dqn_2048000,57,271,285.0,715.0,285.0,715.0,715.0,0.0,271.0,136.0,136.44764254997628,645.0,136.0,285.0,271.0,285.0,715.0,715.0,0.0,0.0,0,0,False,False,1,0,False,False
b7_partial,dqn_2048000,58,262,293.0,707.0,293.0,707.0,707.0,0.0,262.0,132.0,133.08116270983922,646.0,132.0,293.0,262.0,293.0,707.0,707.0,0.0,0.0,0,0,False,False,2,0,False,False
b7_partial,dqn_2048000,59,265,284.0,716.0,284.0,716.0,716.0,0.0,265.0,126.0,135.43798539837536,620.0,126.0,284.0,265.0,284.0,716.0,716.0,0.0,0.0,0,0,False,True,5,2,False,False
b7_partial,dqn_2048000,60,275,256.0,744.0,256.0,744.0,744.0,0.0,275.0,122.0,143.19330089807434,592.0,122.0,256.0,275.0,256.0,744.0,744.0,0.0,0.0,0,0,False,False,3,0,False,False
b7_partial,dqn_2048000,61,290,257.0,743.0,257.0,743.0,743.0,0.0,290.0,123.0,145.97809693652852,562.0,123.0,257.0,290.0,257.0,743.0,743.0,0.0,0.0,0,0,False,False,3,0,False,False
b7_partial,dqn_2048000,62,270,271.0,729.0,271.0,729.0,729.0,0.0,270.0,126.0,136.2231650659282,587.0,126.0,271.0,270.0,271.0,729.0,729.0,0.0,0.0,0,0,False,False,3,0,False,False
b7_partial,dqn_2048000,63,265,291.0,709.0,291.0,709.0,709.0,0.0,266.0,133.0,131.5800156591363,632.0,133.0,291.0,265.0,291.0,707.0,707.0,0.0,0.0,0,2,False,False,4,0,False,False
b7_partial,dqn_2048000,64,264,279.0,721.0,279.0,721.0,721.0,0.0,264.0,127.0,134.48254507416564,617.0,127.0,279.0,264.0,279.0,721.0,721.0,0.0,0.0,0,0,False,False,2,0,False,False
b7_partial,dqn_2048000,65,261,291.0,709.0,291.0,709.0,709.0,0.0,262.0,131.0,133.03409397507863,647.0,130.0,290.0,261.0,290.0,709.0,709.0,0.0,0.0,1,0,True,True,4,2,False,False
b7_partial,dqn_2048000,66,265,266.0,734.0,266.0,734.0,734.0,0.0,266.0,134.0,133.5095281808349,636.0,134.0,266.0,265.0,266.0,733.0,733.0,0.0,0.0,0,1,False,False,2,0,False,False
b7_partial,dqn_2048000,67,278,257.0,743.0,257.0,743.0,743.0,0.0,279.0,127.0,144.11300418819596,594.0,127.0,257.0,278.0,256.0,742.0,742.0,0.0,0.0,1,1,False,False,2,0,False,False
b7_partial,dqn_2048000,68,271,283.0,717.0,283.0,717.0,717.0,0.0,271.0,136.0,136.52350715291033,649.0,136.0,283.0,271.0,283.0,717.0,717.0,0.0,0.0,0,0,False,False,4,0,False,False
b7_partial,dqn_2048000,69,283,271.0,729.0,271.0,729.0,729.0,0.0,283.0,126.0,149.45451325588445,612.0,126.0,271.0,283.0,271.0,729.0,729.0,0.0,0.0,0,0,False,False,3,0,False,False
b7_partial,dqn_2048000,70,268,277.0,723.0,277.0,723.0,723.0,0.0,269.0,132.0,137.57599913846045,621.0,131.0,276.0,268.0,276.0,723.0,723.0,0.0,0.0,1,0,True,True,4,1,False,False
b7_partial,dqn_2048000,71,281,263.0,737.0,263.0,737.0,737.0,0.0,282.0,129.0,142.2748234886813,594.0,128.0,262.0,281.0,262.0,737.0,737.0,0.0,0.0,1,0,True,True,5,2,False,False
b7_partial,dqn_2048000,72,265,274.0,726.0,274.0,726.0,726.0,0.0,266.0,131.0,134.70969462086197,596.0,131.0,274.0,265.0,274.0,724.0,724.0,0.0,0.0,0,2,False,False,3,0,False,False
b7_partial,dqn_2048000,73,271,279.0,721.0,279.0,721.0,721.0,0.0,272.0,129.0,136.79849390188943,614.0,129.0,279.0,271.0,279.0,720.0,720.0,0.0,0.0,0,1,False,False,3,0,False,False
b7_partial,dqn_2048000,74,271,284.0,716.0,284.0,716.0,716.0,0.0,271.0,141.0,139.51492370270125,673.0,141.0,284.0,271.0,284.0,716.0,716.0,0.0,0.0,0,0,False,False,4,0,False,False
b7_partial,dqn_2048000,75,262,275.0,725.0,275.0,725.0,725.0,0.0,263.0,138.0,132.0647857969418,632.0,137.0,274.0,262.0,274.0,725.0,725.0,0.0,0.0,1,0,True,True,6,2,False,False
b7_partial,dqn_2048000,76,266,284.0,716.0,284.0,716.0,716.0,0.0,266.0,133.0,135.64804160071682,649.0,133.0,284.0,266.0,284.0,716.0,716.0,0.0,0.0,0,0,False,True,6,3,False,False
b7_partial,dqn_2048000,77,266,265.0,735.0,265.0,735.0,735.0,0.0,267.0,131.0,140.13500421147478,613.0,131.0,265.0,266.0,264.0,733.0,733.0,0.0,0.0,1,2,False,True,5,2,False,False
b7_partial,dqn_2048000,78,260,277.0,723.0,277.0,723.0,723.0,0.0,261.0,136.0,127.69537150361786,660.0,136.0,277.0,260.0,276.0,720.0,720.0,0.0,0.0,1,3,False,False,3,0,False,False
b7_partial,dqn_2048000,79,265,287.0,713.0,287.0,713.0,713.0,0.0,266.0,131.0,134.44317835344378,632.0,130.0,285.0,265.0,285.0,713.0,713.0,0.0,0.0,2,0,True,True,5,3,False,False
b7_partial,dqn_2048000,80,259,281.0,719.0,281.0,719.0,719.0,0.0,260.0,134.0,132.90571022936913,631.0,133.0,280.0,259.0,280.0,719.0,719.0,0.0,0.0,1,0,True,False,2,0,False,False
b7_partial,dqn_2048000,81,272,272.0,728.0,272.0,728.0,728.0,0.0,273.0,126.0,138.2668541431497,636.0,125.0,269.0,272.0,269.0,728.0,728.0,0.0,0.0,3,0,True,False,2,0,False,False
b7_partial,dqn_2048000,82,274,256.0,744.0,256.0,744.0,744.0,0.0,274.0,130.0,142.23929025686328,615.0,130.0,256.0,274.0,256.0,744.0,744.0,0.0,0.0,0,0,False,True,4,1,False,False
b7_partial,dqn_2048000,83,262,277.0,723.0,277.0,723.0,723.0,0.0,263.0,132.0,132.63744073768467,621.0,131.0,273.0,262.0,273.0,723.0,723.0,0.0,0.0,4,0,True,True,5,1,False,False
b7_partial,dqn_2048000,84,253,300.0,700.0,300.0,700.0,700.0,0.0,254.0,143.0,128.90953617022052,685.0,142.0,299.0,253.0,299.0,700.0,700.0,0.0,0.0,1,0,True,True,3,1,False,False
b7_partial,dqn_2048000,85,274,265.0,735.0,265.0,735.0,735.0,0.0,275.0,136.0,145.25103083602198,618.0,136.0,265.0,274.0,264.0,734.0,734.0,0.0,0.0,1,1,False,True,4,1,False,False
b7_partial,dqn_2048000,86,260,285.0,715.0,285.0,715.0,715.0,0.0,261.0,125.0,130.31757439962104,619.0,124.0,282.0,260.0,282.0,715.0,715.0,0.0,0.0,3,0,True,False,3,0,False,False
b7_partial,dqn_2048000,87,254,300.0,700.0,300.0,700.0,700.0,0.0,255.0,142.0,125.62258871234496,702.0,141.0,299.0,254.0,299.0,700.0,700.0,0.0,0.0,1,0,True,True,5,1,False,False
b7_partial,dqn_2048000,88,277,241.0,759.0,241.0,759.0,759.0,0.0,278.0,127.0,144.17009986973136,603.0,127.0,241.0,277.0,241.0,757.0,757.0,0.0,0.0,0,2,False,True,4,1,False,False
b7_partial,dqn_2048000,89,257,301.0,699.0,301.0,699.0,699.0,0.0,258.0,138.0,127.56885847360326,666.0,138.0,301.0,257.0,298.0,698.0,698.0,0.0,0.0,3,1,False,False,2,0,False,False
b7_partial,dqn_2048000,90,268,282.0,718.0,282.0,718.0,718.0,0.0,269.0,136.0,138.99306106708678,645.0,136.0,282.0,268.0,280.0,715.0,715.0,0.0,0.0,2,3,False,True,6,2,False,False
b7_partial,dqn_2048000,91,258,284.0,716.0,284.0,716.0,716.0,0.0,258.0,131.0,131.05026121576623,625.0,131.0,284.0,258.0,284.0,716.0,716.0,0.0,0.0,0,0,False,False,2,0,False,False
b7_partial,dqn_2048000,92,263,282.0,718.0,282.0,718.0,718.0,0.0,264.0,128.0,129.91326772044903,621.0,127.0,279.0,263.0,279.0,718.0,718.0,0.0,0.0,3,0,True,False,1,0,False,False
b7_partial,dqn_2048000,93,264,278.0,722.0,278.0,722.0,722.0,0.0,264.0,124.0,132.92255223949252,603.0,124.0,278.0,264.0,278.0,722.0,722.0,0.0,0.0,0,0,False,True,6,3,False,False
b7_partial,dqn_2048000,94,262,286.0,714.0,286.0,714.0,714.0,0.0,262.0,138.0,129.21964442973146,655.0,138.0,286.0,262.0,286.0,714.0,714.0,0.0,0.0,0,0,False,False,2,0,False,False
b7_partial,dqn_2048000,95,266,285.0,715.0,285.0,715.0,715.0,0.0,267.0,139.0,133.43792457019498,644.0,138.0,284.0,266.0,284.0,715.0,715.0,0.0,0.0,1,0,True,True,5,3,False,False
b7_partial,dqn_2048000,96,260,273.0,727.0,273.0,727.0,727.0,0.0,261.0,129.0,134.459470459918,614.0,129.0,273.0,260.0,273.0,726.0,726.0,0.0,0.0,0,1,False,False,1,0,False,False
b7_partial,dqn_2048000,97,261,296.0,704.0,296.0,704.0,704.0,0.0,262.0,142.0,135.448071522486,678.0,142.0,296.0,261.0,293.0,703.0,703.0,0.0,0.0,3,1,False,True,4,3,False,False
b7_partial,dqn_2048000,98,266,284.0,716.0,284.0,716.0,716.0,0.0,266.0,136.0,133.82978175467898,657.0,136.0,284.0,266.0,284.0,716.0,716.0,0.0,0.0,0,0,False,True,3,1,False,False
b7_partial,dqn_2048000,99,280,258.0,742.0,258.0,742.0,742.0,0.0,281.0,132.0,146.32369717186987,614.0,132.0,258.0,280.0,258.0,740.0,740.0,0.0,0.0,0,2,False,True,3,1,False,False
b7_partial,dqn_2048000,100,271,266.0,734.0,266.0,734.0,734.0,0.0,271.0,132.0,137.02669141368483,604.0,132.0,266.0,271.0,266.0,734.0,734.0,0.0,0.0,0,0,False,True,5,3,False,False
b7_partial,dqn_2048000,101,263,288.0,712.0,288.0,712.0,712.0,0.0,264.0,142.0,135.16388146466394,650.0,141.0,287.0,263.0,287.0,712.0,712.0,0.0,0.0,1,0,True,True,4,2,False,False
b7_partial,dqn_2048000,102,259,286.0,714.0,286.0,714.0,714.0,0.0,260.0,131.0,128.27413091556141,619.0,131.0,286.0,259.0,282.0,712.0,712.0,0.0,0.0,4,2,False,False,2,0,False,False
b7_partial,dqn_2048000,103,272,275.0,725.0,275.0,725.0,725.0,0.0,272.0,137.0,138.71202949508572,636.0,137.0,275.0,272.0,275.0,725.0,725.0,0.0,0.0,0,0,False,False,1,0,False,False
b7_partial,dqn_2048000,104,254,302.0,698.0,302.0,698.0,698.0,0.0,255.0,143.0,123.82720692134471,679.0,143.0,302.0,254.0,302.0,697.0,697.0,0.0,0.0,0,1,False,False,1,0,False,False
b7_partial,dqn_2048000,105,282,256.0,744.0,256.0,744.0,744.0,0.0,282.0,129.0,145.51526907232247,601.0,129.0,256.0,282.0,256.0,744.0,744.0,0.0,0.0,0,0,False,False,3,0,False,False
b7_partial,dqn_2048000,106,258,276.0,724.0,276.0,724.0,724.0,0.0,259.0,125.0,133.98277660554547,614.0,125.0,276.0,258.0,276.0,722.0,722.0,0.0,0.0,0,2,False,False,4,0,False,False
b7_partial,dqn_2048000,107,270,273.0,727.0,273.0,727.0,727.0,0.0,271.0,137.0,140.50118927396306,637.0,136.0,272.0,270.0,272.0,727.0,727.0,0.0,0.0,1,0,True,True,3,2,False,False
b7_partial,dqn_2048000,108,269,270.0,730.0,270.0,730.0,730.0,0.0,269.0,128.0,137.1330449991895,600.0,128.0,270.0,269.0,270.0,730.0,730.0,0.0,0.0,0,0,False,True,3,1,False,False
b7_partial,dqn_2048000,109,282,267.0,733.0,267.0,733.0,733.0,0.0,283.0,128.0,150.00739065062152,621.0,127.0,264.0,282.0,264.0,733.0,733.0,0.0,0.0,3,0,True,True,4,1,False,False
b7_partial,dqn_2048000,110,247,315.0,685.0,315.0,685.0,685.0,0.0,248.0,138.0,124.75583782066474,666.0,138.0,315.0,247.0,315.0,684.0,684.0,0.0,0.0,0,1,False,False,3,0,False,False
b7_partial,dqn_2048000,111,269,269.0,731.0,272.0,728.0,727.0,1.0,270.0,133.0,136.06880380466654,625.0,133.0,269.0,269.0,265.0,729.0,725.0,4.0,1.0,4,2,False,False,2,0,False,False
b7_partial,dqn_2048000,112,271,270.0,730.0,270.0,730.0,730.0,0.0,272.0,132.0,139.71706547572907,638.0,132.0,270.0,271.0,270.0,728.0,728.0,0.0,0.0,0,2,False,True,3,1,False,False
b7_partial,dqn_2048000,113,274,275.0,725.0,275.0,725.0,725.0,0.0,274.0,132.0,142.69675214183223,626.0,132.0,275.0,274.0,275.0,725.0,725.0,0.0,0.0,0,0,False,True,5,2,False,False
b7_partial,dqn_2048000,114,267,275.0,725.0,275.0,725.0,725.0,0.0,268.0,129.0,136.19576432376937,587.0,129.0,275.0,267.0,274.0,722.0,722.0,0.0,0.0,1,3,False,False,3,0,False,False
b7_partial,dqn_2048000,115,258,291.0,709.0,291.0,709.0,709.0,0.0,259.0,127.0,128.59914296230085,637.0,127.0,291.0,258.0,289.0,707.0,707.0,0.0,0.0,2,2,False,False,2,0,False,False
b7_partial,dqn_2048000,116,274,243.0,757.0,245.0,755.0,754.0,1.0,274.0,125.0,139.0386290129981,601.0,125.0,243.0,274.0,243.0,757.0,755.0,2.0,1.0,0,0,False,False,4,0,False,False
b7_partial,dqn_2048000,117,272,262.0,738.0,262.0,738.0,738.0,0.0,272.0,131.0,138.48447712623735,619.0,131.0,262.0,272.0,262.0,738.0,738.0,0.0,0.0,0,0,False,True,5,2,False,False
b7_partial,dqn_2048000,118,262,292.0,708.0,292.0,708.0,708.0,0.0,263.0,132.0,134.24132312812142,631.0,131.0,291.0,262.0,291.0,708.0,708.0,0.0,0.0,1,0,True,False,4,0,False,False
b7_partial,dqn_2048000,119,284,249.0,751.0,249.0,751.0,751.0,0.0,285.0,125.0,151.8497056493035,575.0,125.0,249.0,284.0,247.0,750.0,750.0,0.0,0.0,2,1,False,False,1,0,False,False
b7_partial,dqn_2048000,120,266,283.0,717.0,283.0,717.0,717.0,0.0,267.0,128.0,131.3079928699275,616.0,127.0,280.0,266.0,280.0,717.0,717.0,0.0,0.0,3,0,True,True,4,2,False,False
b7_partial,dqn_2048000,121,280,274.0,726.0,274.0,726.0,726.0,0.0,281.0,131.0,139.4534836721436,617.0,130.0,273.0,280.0,273.0,726.0,726.0,0.0,0.0,1,0,True,False,4,0,False,False
b7_partial,dqn_2048000,122,275,264.0,736.0,264.0,736.0,736.0,0.0,276.0,130.0,138.69254789757872,626.0,129.0,263.0,275.0,263.0,736.0,736.0,0.0,0.0,1,0,True,False,3,0,False,False
b7_partial,dqn_2048000,123,258,274.0,726.0,274.0,726.0,726.0,0.0,259.0,133.0,126.51974874503301,635.0,133.0,274.0,258.0,271.0,725.0,725.0,0.0,0.0,3,1,False,True,4,2,False,False
b7_partial,dqn_2048000,124,272,262.0,738.0,262.0,738.0,738.0,0.0,273.0,126.0,140.8201653951334,602.0,126.0,262.0,272.0,261.0,736.0,736.0,0.0,0.0,1,2,False,False,2,0,False,False
b7_partial,dqn_2048000,125,266,277.0,723.0,277.0,723.0,723.0,0.0,266.0,131.0,134.17816812287634,615.0,131.0,277.0,266.0,277.0,723.0,723.0,0.0,0.0,0,0,False,False,1,0,False,False
b7_partial,dqn_2048000,126,269,259.0,741.0,259.0,741.0,741.0,0.0,269.0,124.0,139.0090139663585,586.0,124.0,259.0,269.0,259.0,741.0,741.0,0.0,0.0,0,0,False,True,6,2,False,False
b7_partial,dqn_2048000,127,283,234.0,766.0,234.0,766.0,766.0,0.0,284.0,117.0,143.72471403108935,538.0,117.0,234.0,283.0,234.0,765.0,765.0,0.0,0.0,0,1,False,True,5,1,False,False
b7_partial,dqn_2048000,128,247,316.0,684.0,316.0,684.0,684.0,0.0,247.0,146.0,116.12919690108578,691.0,146.0,316.0,247.0,316.0,684.0,684.0,0.0,0.0,0,0,False,True,6,2,False,False
b7_partial,dqn_2048000,129,266,286.0,714.0,286.0,714.0,714.0,0.0,267.0,137.0,135.3614482059645,659.0,136.0,284.0,266.0,284.0,714.0,714.0,0.0,0.0,2,0,True,True,3,1,False,False
b7_partial,dqn_2048000,130,256,290.0,710.0,290.0,710.0,710.0,0.0,257.0,140.0,125.76507755473462,671.0,140.0,290.0,256.0,288.0,708.0,708.0,0.0,0.0,2,2,False,False,2,0,False,False
b7_partial,dqn_2048000,131,255,300.0,700.0,300.0,700.0,700.0,0.0,256.0,137.0,130.0075470014273,650.0,137.0,300.0,255.0,300.0,699.0,699.0,0.0,0.0,0,1,False,False,2,0,False,False
b7_partial,dqn_2048000,132,253,293.0,707.0,293.0,707.0,707.0,0.0,254.0,138.0,124.67646215135268,662.0,138.0,293.0,253.0,291.0,704.0,704.0,0.0,0.0,2,3,False,True,5,2,False,False
b7_partial,dqn_2048000,133,256,296.0,704.0,296.0,704.0,704.0,0.0,257.0,138.0,126.91176646355832,666.0,138.0,296.0,256.0,296.0,702.0,702.0,0.0,0.0,0,2,False,False,2,0,False,False
b7_partial,dqn_2048000,134,262,295.0,705.0,295.0,705.0,705.0,0.0,263.0,133.0,131.2487559054442,623.0,132.0,293.0,262.0,293.0,705.0,705.0,0.0,0.0,2,0,True,False,1,0,False,False
b7_partial,dqn_2048000,135,256,289.0,711.0,289.0,711.0,711.0,0.0,257.0,129.0,127.7020680821175,627.0,129.0,289.0,256.0,286.0,708.0,708.0,0.0,0.0,3,3,False,False,2,0,False,False
b7_partial,dqn_2048000,136,265,285.0,715.0,285.0,715.0,715.0,0.0,266.0,127.0,136.5386374373671,607.0,127.0,285.0,265.0,281.0,714.0,714.0,0.0,0.0,4,1,False,True,3,1,False,False
b7_partial,dqn_2048000,137,271,247.0,753.0,247.0,753.0,753.0,0.0,272.0,122.0,141.55692006016739,561.0,122.0,247.0,271.0,246.0,752.0,752.0,0.0,0.0,1,1,False,True,5,1,False,False
b7_partial,dqn_2048000,138,267,296.0,704.0,296.0,704.0,704.0,0.0,268.0,145.0,132.37399879233405,678.0,145.0,296.0,267.0,293.0,702.0,702.0,0.0,0.0,3,2,False,True,5,3,False,False
b7_partial,dqn_2048000,139,259,281.0,719.0,281.0,719.0,719.0,0.0,260.0,133.0,131.52475873220416,619.0,133.0,281.0,259.0,280.0,717.0,717.0,0.0,0.0,1,2,False,True,4,2,False,False
b7_partial,dqn_2048000,140,258,289.0,711.0,289.0,711.0,711.0,0.0,259.0,139.0,127.04145344679385,661.0,139.0,289.0,258.0,289.0,709.0,709.0,0.0,0.0,0,2,False,True,4,1,False,False
b7_partial,dqn_2048000,141,282,254.0,746.0,254.0,746.0,746.0,0.0,283.0,123.0,146.64314748121117,575.0,122.0,252.0,282.0,252.0,746.0,746.0,0.0,0.0,2,0,True,False,1,0,False,False
b7_partial,dqn_2048000,142,264,278.0,722.0,278.0,722.0,722.0,0.0,264.0,130.0,131.80828686912614,635.0,130.0,278.0,264.0,278.0,722.0,722.0,0.0,0.0,0,0,False,False,2,0,False,False
b7_partial,dqn_2048000,143,270,278.0,722.0,278.0,722.0,722.0,0.0,270.0,128.0,137.6276662121324,604.0,128.0,278.0,270.0,278.0,722.0,722.0,0.0,0.0,0,0,False,True,6,3,False,False
b7_partial,dqn_2048000,144,284,242.0,758.0,242.0,758.0,758.0,0.0,284.0,120.0,146.75556984295372,563.0,120.0,242.0,284.0,242.0,758.0,758.0,0.0,0.0,0,0,False,True,4,1,False,False
b7_partial,dqn_2048000,145,275,256.0,744.0,256.0,744.0,744.0,0.0,276.0,127.0,140.44420815458298,600.0,127.0,256.0,275.0,256.0,743.0,743.0,0.0,0.0,0,1,False,False,2,0,False,False
b7_partial,dqn_2048000,146,262,278.0,722.0,278.0,722.0,722.0,0.0,263.0,132.0,130.93471077967808,612.0,132.0,278.0,262.0,274.0,719.0,719.0,0.0,0.0,4,3,False,False,1,0,False,False
b7_partial,dqn_2048000,147,260,289.0,711.0,289.0,711.0,711.0,0.0,260.0,129.0,130.29939536578036,638.0,129.0,289.0,260.0,289.0,711.0,711.0,0.0,0.0,0,0,False,True,5,3,False,False
b7_partial,dqn_2048000,148,267,279.0,721.0,279.0,721.0,721.0,0.0,268.0,127.0,134.17057198477468,610.0,126.0,278.0,267.0,278.0,721.0,721.0,0.0,0.0,1,0,True,False,2,0,False,False
b7_partial,dqn_2048000,149,257,278.0,722.0,278.0,722.0,722.0,0.0,258.0,125.0,128.68106750434615,624.0,124.0,275.0,257.0,275.0,722.0,722.0,0.0,0.0,3,0,True,False,2,0,False,False
b7_partial,dqn_2048000,150,260,295.0,705.0,295.0,705.0,705.0,0.0,261.0,138.0,129.92721837789634,677.0,137.0,294.0,260.0,294.0,705.0,705.0,0.0,0.0,1,0,True,False,2,0,False,False
b7_partial,dqn_2048000,151,288,239.0,761.0,239.0,761.0,761.0,0.0,289.0,124.0,147.89697076379005,568.0,123.0,238.0,288.0,238.0,761.0,761.0,0.0,0.0,1,0,True,False,2,0,False,False
b7_partial,dqn_2048000,152,264,289.0,711.0,289.0,711.0,711.0,0.0,264.0,135.0,132.35453764389686,635.0,135.0,289.0,264.0,289.0,711.0,711.0,0.0,0.0,0,0,False,False,3,0,False,False
b7_partial,dqn_2048000,153,270,280.0,720.0,280.0,720.0,720.0,0.0,271.0,136.0,138.30832097992038,636.0,135.0,279.0,270.0,279.0,720.0,720.0,0.0,0.0,1,0,True,False,1,0,False,False
b7_partial,dqn_2048000,154,267,263.0,737.0,263.0,737.0,737.0,0.0,267.0,129.0,136.1757672639873,610.0,129.0,263.0,267.0,263.0,737.0,737.0,0.0,0.0,0,0,False,False,1,0,False,False
b7_partial,dqn_2048000,155,267,274.0,726.0,274.0,726.0,726.0,0.0,268.0,133.0,136.1538219068438,618.0,133.0,274.0,267.0,274.0,725.0,725.0,0.0,0.0,0,1,False,False,1,0,False,False
b7_partial,dqn_2048000,156,259,306.0,694.0,306.0,694.0,694.0,0.0,260.0,145.0,127.37132944623013,698.0,144.0,304.0,259.0,304.0,694.0,694.0,0.0,0.0,2,0,True,False,2,0,False,False
b7_partial,dqn_2048000,157,264,274.0,726.0,274.0,726.0,726.0,0.0,265.0,138.0,133.53578385689028,664.0,138.0,274.0,264.0,274.0,725.0,725.0,0.0,0.0,0,1,False,True,4,1,False,False
b7_partial,dqn_2048000,158,268,285.0,715.0,285.0,715.0,715.0,0.0,268.0,131.0,135.7285738106137,644.0,131.0,285.0,268.0,285.0,715.0,715.0,0.0,0.0,0,0,False,False,3,0,False,False
b7_partial,dqn_2048000,159,269,263.0,737.0,263.0,737.0,737.0,0.0,270.0,123.0,138.97812652174105,581.0,123.0,263.0,269.0,260.0,735.0,735.0,0.0,0.0,3,2,False,False,1,0,False,False
b7_partial,dqn_2048000,160,283,251.0,749.0,251.0,749.0,749.0,0.0,284.0,124.0,145.48903043233366,568.0,124.0,251.0,283.0,249.0,748.0,748.0,0.0,0.0,2,1,False,True,4,2,False,False
b7_partial,dqn_2048000,161,259,287.0,713.0,287.0,713.0,713.0,0.0,259.0,137.0,127.73067328361945,664.0,137.0,287.0,259.0,287.0,713.0,713.0,0.0,0.0,0,0,False,True,4,1,False,False
b7_partial,dqn_2048000,162,281,267.0,733.0,267.0,733.0,733.0,0.0,282.0,129.0,146.40821821591607,605.0,128.0,265.0,281.0,265.0,733.0,733.0,0.0,0.0,2,0,True,False,2,0,False,False
b7_partial,dqn_2048000,163,282,257.0,743.0,257.0,743.0,743.0,0.0,283.0,130.0,148.55482232578734,601.0,129.0,255.0,282.0,255.0,743.0,743.0,0.0,0.0,2,0,True,True,6,2,False,False
b7_partial,dqn_2048000,164,260,292.0,708.0,292.0,708.0,708.0,0.0,261.0,131.0,127.94780276445704,642.0,131.0,292.0,260.0,292.0,707.0,707.0,0.0,0.0,0,1,False,False,2,0,False,False
b7_partial,dqn_2048000,165,274,261.0,739.0,261.0,739.0,739.0,0.0,275.0,127.0,140.5660194769261,609.0,126.0,259.0,274.0,259.0,739.0,739.0,0.0,0.0,2,0,True,False,2,0,False,False
b7_partial,dqn_2048000,166,271,264.0,736.0,264.0,736.0,736.0,0.0,271.0,129.0,136.559793098348,592.0,129.0,264.0,271.0,264.0,736.0,736.0,0.0,0.0,0,0,False,True,7,3,False,False
b7_partial,dqn_2048000,167,276,259.0,741.0,262.0,738.0,737.0,1.0,277.0,131.0,144.1424769288159,589.0,130.0,258.0,276.0,258.0,741.0,737.0,4.0,1.0,1,0,True,True,5,1,False,False
b7_partial,dqn_2048000,168,266,283.0,717.0,283.0,717.0,717.0,0.0,267.0,126.0,135.4992707005832,620.0,125.0,280.0,266.0,280.0,717.0,717.0,0.0,0.0,3,0,True,False,3,0,False,False
b7_partial,dqn_2048000,169,278,257.0,743.0,257.0,743.0,743.0,0.0,278.0,127.0,141.96349035643016,618.0,127.0,257.0,278.0,257.0,743.0,743.0,0.0,0.0,0,0,False,False,3,0,False,False
b7_partial,dqn_2048000,170,267,285.0,715.0,285.0,715.0,715.0,0.0,268.0,136.0,133.13513636607922,650.0,136.0,285.0,267.0,285.0,713.0,713.0,0.0,0.0,0,2,False,False,2,0,False,False
b7_partial,dqn_2048000,171,259,279.0,721.0,279.0,721.0,721.0,0.0,260.0,146.0,130.0652672989577,696.0,146.0,279.0,259.0,276.0,718.0,718.0,0.0,0.0,3,3,False,True,5,2,False,False
b7_partial,dqn_2048000,172,275,276.0,724.0,276.0,724.0,724.0,0.0,276.0,125.0,141.8329352414609,591.0,124.0,275.0,275.0,275.0,724.0,724.0,0.0,0.0,1,0,True,False,3,0,False,False
b7_partial,dqn_2048000,173,264,275.0,725.0,275.0,725.0,725.0,0.0,264.0,135.0,136.22978599263755,667.0,135.0,275.0,264.0,275.0,725.0,725.0,0.0,0.0,0,0,False,False,2,0,False,False
b7_partial,dqn_2048000,174,261,279.0,721.0,279.0,721.0,721.0,0.0,262.0,136.0,134.35714183234538,627.0,136.0,279.0,261.0,277.0,719.0,719.0,0.0,0.0,2,2,False,True,3,3,False,False
b7_partial,dqn_2048000,175,270,258.0,742.0,258.0,742.0,742.0,0.0,271.0,129.0,137.51964059388501,610.0,129.0,258.0,270.0,258.0,741.0,741.0,0.0,0.0,0,1,False,True,5,2,False,False
b7_partial,dqn_2048000,176,263,294.0,706.0,294.0,706.0,706.0,0.0,264.0,134.0,133.3316972820555,650.0,134.0,294.0,263.0,293.0,705.0,705.0,0.0,0.0,1,1,False,False,2,0,False,False
b7_partial,dqn_2048000,177,275,266.0,734.0,266.0,734.0,734.0,0.0,275.0,131.0,139.3808348872826,600.0,131.0,266.0,275.0,266.0,734.0,734.0,0.0,0.0,0,0,False,False,3,0,False,False
b7_partial,dqn_2048000,178,255,293.0,707.0,293.0,707.0,707.0,0.0,256.0,135.0,126.52355692907913,648.0,135.0,293.0,255.0,290.0,704.0,704.0,0.0,0.0,3,3,False,True,4,1,False,False
b7_partial,dqn_2048000,179,242,305.0,695.0,305.0,695.0,695.0,0.0,242.0,139.0,117.50864274875751,675.0,139.0,305.0,242.0,305.0,695.0,695.0,0.0,0.0,0,0,False,False,2,0,False,False
b7_partial,dqn_2048000,180,266,282.0,718.0,282.0,718.0,718.0,0.0,267.0,141.0,135.60521972960552,660.0,140.0,280.0,266.0,280.0,718.0,718.0,0.0,0.0,2,0,True,False,1,0,False,False
b7_partial,dqn_2048000,181,258,291.0,709.0,291.0,709.0,709.0,0.0,259.0,132.0,132.8780738794267,634.0,131.0,287.0,258.0,287.0,709.0,709.0,0.0,0.0,4,0,True,False,2,0,False,False
b7_partial,dqn_2048000,182,258,283.0,717.0,283.0,717.0,717.0,0.0,258.0,134.0,131.03142991470324,646.0,134.0,283.0,258.0,283.0,717.0,717.0,0.0,0.0,0,0,False,True,3,1,False,False
b7_partial,dqn_2048000,183,262,287.0,713.0,287.0,713.0,713.0,0.0,263.0,129.0,130.74281657399004,613.0,128.0,285.0,262.0,285.0,713.0,713.0,0.0,0.0,2,0,True,False,2,0,False,False
b7_partial,dqn_2048000,184,277,251.0,749.0,251.0,749.0,749.0,0.0,278.0,126.0,144.88770717904015,590.0,126.0,251.0,277.0,251.0,748.0,748.0,0.0,0.0,0,1,False,True,4,1,False,False
b7_partial,dqn_2048000,185,265,267.0,733.0,267.0,733.0,733.0,0.0,266.0,124.0,136.7194228988581,614.0,124.0,267.0,265.0,267.0,732.0,732.0,0.0,0.0,0,1,False,False,4,0,False,False
b7_partial,dqn_2048000,186,279,260.0,740.0,260.0,740.0,740.0,0.0,280.0,126.0,146.02655891411945,597.0,126.0,260.0,279.0,259.0,739.0,739.0,0.0,0.0,1,1,False,False,2,0,False,False
b7_partial,dqn_2048000,187,264,270.0,730.0,270.0,730.0,730.0,0.0,265.0,125.0,137.8908537139338,585.0,124.0,268.0,264.0,268.0,730.0,730.0,0.0,0.0,2,0,True,False,3,0,False,False
b7_partial,dqn_2048000,188,279,272.0,728.0,272.0,728.0,728.0,0.0,279.0,134.0,147.1925120354585,625.0,134.0,272.0,279.0,272.0,728.0,728.0,0.0,0.0,0,0,False,False,3,0,False,False
b7_partial,dqn_2048000,189,264,285.0,715.0,285.0,715.0,715.0,0.0,265.0,137.0,134.72139508836233,657.0,137.0,285.0,264.0,280.0,714.0,714.0,0.0,0.0,5,1,False,True,5,1,False,False
b7_partial,dqn_2048000,190,276,264.0,736.0,264.0,736.0,736.0,0.0,277.0,133.0,141.5039677002004,618.0,132.0,263.0,276.0,263.0,736.0,736.0,0.0,0.0,1,0,True,False,1,0,False,False
b7_partial,dqn_2048000,191,273,282.0,718.0,282.0,718.0,718.0,0.0,274.0,129.0,135.4396828213291,614.0,129.0,282.0,273.0,282.0,717.0,717.0,0.0,0.0,0,1,False,True,3,1,False,False
b7_partial,dqn_2048000,192,279,261.0,739.0,261.0,739.0,739.0,0.0,279.0,125.0,147.40906567240359,573.0,125.0,261.0,279.0,261.0,739.0,739.0,0.0,0.0,0,0,False,True,3,2,False,False
b7_partial,dqn_2048000,193,256,303.0,697.0,303.0,697.0,697.0,0.0,257.0,137.0,128.9698915921203,652.0,137.0,303.0,256.0,302.0,694.0,694.0,0.0,0.0,1,3,False,False,3,0,False,False
b7_partial,dqn_2048000,194,267,283.0,717.0,283.0,717.0,717.0,0.0,268.0,139.0,135.2442508369197,669.0,138.0,282.0,267.0,282.0,717.0,717.0,0.0,0.0,1,0,True,False,1,0,False,False
b7_partial,dqn_2048000,195,255,293.0,707.0,293.0,707.0,707.0,0.0,256.0,129.0,127.59769167021481,634.0,128.0,292.0,255.0,292.0,707.0,707.0,0.0,0.0,1,0,True,False,2,0,False,False
b7_partial,dqn_2048000,196,255,298.0,702.0,298.0,702.0,702.0,0.0,256.0,132.0,126.68157128725493,660.0,131.0,296.0,255.0,296.0,702.0,702.0,0.0,0.0,2,0,True,False,1,0,False,False
b7_partial,dqn_2048000,197,268,254.0,746.0,254.0,746.0,746.0,0.0,269.0,129.0,138.0026773386646,612.0,128.0,252.0,268.0,252.0,746.0,746.0,0.0,0.0,2,0,True,True,6,3,False,False
b7_partial,dqn_2048000,198,264,281.0,719.0,281.0,719.0,719.0,0.0,265.0,138.0,134.19440035648972,642.0,138.0,281.0,264.0,280.0,717.0,717.0,0.0,0.0,1,2,False,False,2,0,False,False
b7_partial,dqn_2048000,199,282,258.0,742.0,258.0,742.0,742.0,0.0,283.0,121.0,145.30139257457367,580.0,121.0,258.0,282.0,258.0,741.0,741.0,0.0,0.0,0,1,False,True,4,1,False,False
b7_partial,dqn_2048000,200,258,285.0,715.0,285.0,715.0,715.0,0.0,259.0,137.0,129.6423174950264,652.0,137.0,285.0,258.0,282.0,713.0,713.0,0.0,0.0,3,2,False,True,5,3,False,False
b7_partial,dqn_2048000,201,270,260.0,740.0,260.0,740.0,740.0,0.0,271.0,135.0,140.97753749854633,624.0,135.0,260.0,270.0,260.0,739.0,739.0,0.0,0.0,0,1,False,True,4,1,False,False
b7_partial,dqn_2048000,202,269,266.0,734.0,266.0,734.0,734.0,0.0,270.0,131.0,137.3365547092562,611.0,130.0,264.0,269.0,264.0,734.0,734.0,0.0,0.0,2,0,True,True,4,1,False,False
b7_partial,dqn_2048000,203,266,283.0,717.0,283.0,717.0,717.0,0.0,267.0,138.0,136.47459105166223,642.0,138.0,283.0,266.0,279.0,716.0,716.0,0.0,0.0,4,1,False,True,3,1,False,False
b7_partial,dqn_2048000,204,283,273.0,727.0,273.0,727.0,727.0,0.0,284.0,125.0,146.75796143701646,596.0,124.0,271.0,283.0,271.0,727.0,727.0,0.0,0.0,2,0,True,False,3,0,False,False
b7_partial,dqn_2048000,205,278,241.0,759.0,241.0,759.0,759.0,0.0,278.0,127.0,145.17660781677293,603.0,127.0,241.0,278.0,241.0,759.0,759.0,0.0,0.0,0,0,False,False,3,0,False,False
b7_partial,dqn_2048000,206,250,284.0,716.0,284.0,716.0,716.0,0.0,251.0,124.0,123.5286889786452,604.0,124.0,284.0,250.0,284.0,715.0,715.0,0.0,0.0,0,1,False,True,3,3,False,False
b7_partial,dqn_2048000,207,265,289.0,711.0,289.0,711.0,711.0,0.0,266.0,134.0,130.28004962985435,639.0,134.0,289.0,265.0,289.0,710.0,710.0,0.0,0.0,0,1,False,False,1,0,False,False
b7_partial,dqn_2048000,208,251,294.0,706.0,294.0,706.0,706.0,0.0,252.0,136.0,124.10892444011458,653.0,136.0,294.0,251.0,293.0,704.0,704.0,0.0,0.0,1,2,False,False,2,0,False,False
b7_partial,dqn_2048000,209,266,272.0,728.0,272.0,728.0,728.0,0.0,267.0,132.0,134.32326933789943,612.0,132.0,272.0,266.0,271.0,726.0,726.0,0.0,0.0,1,2,False,True,5,1,False,False
b7_partial,dqn_2048000,210,265,280.0,720.0,280.0,720.0,720.0,0.0,265.0,132.0,135.47963020549838,626.0,132.0,280.0,265.0,280.0,720.0,720.0,0.0,0.0,0,0,False,False,2,0,False,False
b7_partial,dqn_2048000,211,282,253.0,747.0,253.0,747.0,747.0,0.0,283.0,120.0,144.4135055662768,587.0,120.0,253.0,282.0,253.0,746.0,746.0,0.0,0.0,0,1,False,False,2,0,False,False
b7_partial,dqn_2048000,212,255,295.0,705.0,295.0,705.0,705.0,0.0,256.0,140.0,127.38888366964984,683.0,140.0,295.0,255.0,292.0,702.0,702.0,0.0,0.0,3,3,False,True,5,1,False,False
b7_partial,dqn_2048000,213,273,278.0,722.0,278.0,722.0,722.0,0.0,274.0,138.0,139.55467016755546,630.0,138.0,278.0,273.0,278.0,721.0,721.0,0.0,0.0,0,1,False,False,2,0,False,False
b7_partial,dqn_2048000,214,269,261.0,739.0,261.0,739.0,739.0,0.0,269.0,128.0,137.51330355997032,623.0,128.0,261.0,269.0,261.0,739.0,739.0,0.0,0.0,0,0,False,True,3,2,False,False
b7_partial,dqn_2048000,215,262,284.0,716.0,284.0,716.0,716.0,0.0,262.0,129.0,132.32197592214243,611.0,129.0,284.0,262.0,284.0,716.0,716.0,0.0,0.0,0,0,False,False,1,0,False,False
b7_partial,dqn_2048000,216,257,295.0,705.0,295.0,705.0,705.0,0.0,257.0,133.0,125.9597460305058,633.0,133.0,295.0,257.0,295.0,705.0,705.0,0.0,0.0,0,0,False,False,3,0,False,False
b7_partial,dqn_2048000,217,256,293.0,707.0,293.0,707.0,707.0,0.0,257.0,129.0,125.93194092741123,637.0,128.0,292.0,256.0,292.0,707.0,707.0,0.0,0.0,1,0,True,False,2,0,False,False
b7_partial,dqn_2048000,218,258,291.0,709.0,291.0,709.0,708.0,0.0,259.0,125.0,128.58263366021808,631.0,124.0,290.0,258.0,290.0,709.0,707.0,2.0,0.0,1,0,True,True,7,4,False,False
b7_partial,dqn_2048000,219,270,275.0,725.0,275.0,725.0,725.0,0.0,271.0,135.0,138.9383001473407,633.0,134.0,273.0,270.0,273.0,725.0,725.0,0.0,0.0,2,0,True,False,1,0,False,False
b7_partial,dqn_2048000,220,253,296.0,704.0,298.0,702.0,701.0,1.0,254.0,132.0,127.82606742579146,638.0,132.0,296.0,253.0,296.0,703.0,701.0,2.0,1.0,0,1,False,True,3,1,False,False
b7_partial,dqn_2048000,221,269,289.0,711.0,289.0,711.0,711.0,0.0,269.0,138.0,138.5584741767706,652.0,138.0,289.0,269.0,289.0,711.0,711.0,0.0,0.0,0,0,False,True,4,1,False,False
b7_partial,dqn_2048000,222,267,282.0,718.0,282.0,718.0,718.0,0.0,267.0,126.0,131.67575541186048,623.0,126.0,282.0,267.0,282.0,718.0,718.0,0.0,0.0,0,0,False,False,2,0,False,False
b7_partial,dqn_2048000,223,251,290.0,710.0,290.0,710.0,710.0,0.0,252.0,140.0,128.4766185552008,676.0,140.0,290.0,251.0,288.0,707.0,707.0,0.0,0.0,2,3,False,False,3,0,False,False
b7_partial,dqn_2048000,224,284,253.0,747.0,253.0,747.0,747.0,0.0,285.0,128.0,151.1890935007992,586.0,128.0,253.0,284.0,252.0,745.0,745.0,0.0,0.0,1,2,False,True,5,2,False,False
b7_partial,dqn_2048000,225,272,271.0,729.0,271.0,729.0,729.0,0.0,273.0,128.0,141.35229472801316,601.0,128.0,271.0,272.0,268.0,728.0,728.0,0.0,0.0,3,1,False,True,6,2,False,False
b7_partial,dqn_2048000,226,282,252.0,748.0,252.0,748.0,748.0,0.0,283.0,129.0,145.69268713013992,601.0,129.0,252.0,282.0,249.0,747.0,747.0,0.0,0.0,3,1,False,False,2,0,False,False
b7_partial,dqn_2048000,227,272,265.0,735.0,265.0,735.0,735.0,0.0,273.0,130.0,136.56581602727445,607.0,130.0,265.0,272.0,261.0,733.0,733.0,0.0,0.0,4,2,False,True,3,1,False,False
b7_partial,dqn_2048000,228,276,269.0,731.0,269.0,731.0,731.0,0.0,276.0,123.0,136.8565280072598,601.0,123.0,269.0,276.0,269.0,731.0,731.0,0.0,0.0,0,0,False,True,4,1,False,False
b7_partial,dqn_2048000,229,270,283.0,717.0,283.0,717.0,717.0,0.0,271.0,126.0,134.90715932356625,597.0,126.0,283.0,270.0,281.0,716.0,716.0,0.0,0.0,2,1,False,False,2,0,False,False
b7_partial,dqn_2048000,230,274,274.0,726.0,274.0,726.0,726.0,0.0,275.0,132.0,137.68217979168648,626.0,132.0,274.0,274.0,271.0,723.0,723.0,0.0,0.0,3,3,False,True,4,2,False,False
b7_partial,dqn_2048000,231,273,250.0,750.0,250.0,750.0,750.0,0.0,273.0,121.0,138.42217187510292,564.0,121.0,250.0,273.0,250.0,750.0,750.0,0.0,0.0,0,0,False,True,5,1,False,False
b7_partial,dqn_2048000,232,258,289.0,711.0,289.0,711.0,711.0,0.0,259.0,139.0,131.16802762865822,672.0,138.0,287.0,258.0,287.0,711.0,711.0,0.0,0.0,2,0,True,False,2,0,False,False
b7_partial,dqn_2048000,233,250,310.0,690.0,310.0,690.0,690.0,0.0,250.0,138.0,122.80646981456634,662.0,138.0,310.0,250.0,310.0,690.0,690.0,0.0,0.0,0,0,False,True,4,2,False,False
b7_partial,dqn_2048000,234,262,284.0,716.0,284.0,716.0,716.0,0.0,263.0,133.0,132.67959150132555,633.0,132.0,281.0,262.0,281.0,716.0,716.0,0.0,0.0,3,0,True,True,5,1,False,False
b7_partial,dqn_2048000,235,268,271.0,729.0,271.0,729.0,729.0,0.0,269.0,133.0,134.33910883802184,615.0,132.0,270.0,268.0,270.0,729.0,729.0,0.0,0.0,1,0,True,True,4,1,False,False
b7_partial,dqn_2048000,236,269,268.0,732.0,268.0,732.0,732.0,0.0,269.0,130.0,132.52636082154183,601.0,130.0,268.0,269.0,268.0,732.0,732.0,0.0,0.0,0,0,False,True,3,3,False,False
b7_partial,dqn_2048000,237,264,288.0,712.0,288.0,712.0,712.0,0.0,265.0,135.0,132.54049299177507,640.0,135.0,288.0,264.0,288.0,710.0,710.0,0.0,0.0,0,2,False,False,1,0,False,False
b7_partial,dqn_2048000,238,273,274.0,726.0,274.0,726.0,726.0,0.0,274.0,131.0,141.93791673788132,618.0,131.0,274.0,273.0,272.0,724.0,724.0,0.0,0.0,2,2,False,False,2,0,False,False
b7_partial,dqn_2048000,239,275,285.0,715.0,285.0,715.0,715.0,0.0,276.0,132.0,143.56987359569135,622.0,132.0,285.0,275.0,282.0,714.0,714.0,0.0,0.0,3,1,False,True,3,1,False,False
b7_partial,dqn_2048000,240,259,292.0,708.0,292.0,708.0,708.0,0.0,260.0,136.0,130.4006823511063,662.0,136.0,292.0,259.0,292.0,707.0,707.0,0.0,0.0,0,1,False,True,5,1,False,False
b7_partial,dqn_2048000,241,278,254.0,746.0,254.0,746.0,746.0,0.0,279.0,129.0,143.5721208440382,588.0,128.0,252.0,278.0,252.0,746.0,746.0,0.0,0.0,2,0,True,False,2,0,False,False
b7_partial,dqn_2048000,242,263,284.0,716.0,284.0,716.0,716.0,0.0,264.0,134.0,132.17834779225933,627.0,133.0,283.0,263.0,283.0,716.0,716.0,0.0,0.0,1,0,True,False,3,0,False,False
b7_partial,dqn_2048000,243,256,297.0,703.0,297.0,703.0,703.0,0.0,257.0,136.0,126.06047832736647,654.0,135.0,295.0,256.0,295.0,703.0,703.0,0.0,0.0,2,0,True,False,3,0,False,False
b7_partial,dqn_2048000,244,282,257.0,743.0,259.0,741.0,740.0,1.0,283.0,118.0,146.12868098253574,567.0,117.0,256.0,282.0,256.0,743.0,741.0,2.0,1.0,1,0,True,False,1,0,False,False
b7_partial,dqn_2048000,245,261,286.0,714.0,286.0,714.0,714.0,0.0,262.0,135.0,132.32611680395695,626.0,135.0,286.0,261.0,286.0,713.0,713.0,0.0,0.0,0,1,False,False,2,0,False,False
b7_partial,dqn_2048000,246,271,260.0,740.0,260.0,740.0,740.0,0.0,272.0,127.0,136.54337860095367,621.0,126.0,257.0,271.0,257.0,740.0,740.0,0.0,0.0,3,0,True,False,1,0,False,False
b7_partial,dqn_2048000,247,270,249.0,751.0,249.0,751.0,751.0,0.0,271.0,120.0,137.1288404645115,581.0,120.0,249.0,270.0,249.0,749.0,749.0,0.0,0.0,0,2,False,False,3,0,False,False
b7_partial,dqn_2048000,248,276,279.0,721.0,279.0,721.0,721.0,0.0,277.0,134.0,135.28638083734646,625.0,134.0,279.0,276.0,278.0,719.0,719.0,0.0,0.0,1,2,False,False,2,0,False,False
b7_partial,dqn_2048000,249,273,270.0,730.0,270.0,730.0,730.0,0.0,273.0,124.0,138.13012305125804,584.0,124.0,270.0,273.0,270.0,730.0,730.0,0.0,0.0,0,0,False,False,2,0,False,False
b7_partial,dqn_2048000,250,255,285.0,715.0,285.0,715.0,715.0,0.0,256.0,141.0,128.39003722063515,645.0,141.0,285.0,255.0,285.0,714.0,714.0,0.0,0.0,0,1,False,False,2,0,False,False
b7_partial,dqn_2048000,251,266,300.0,700.0,300.0,700.0,700.0,0.0,267.0,138.0,129.88595651293846,644.0,137.0,299.0,266.0,299.0,700.0,700.0,0.0,0.0,1,0,True,True,4,2,False,False
b7_partial,dqn_2048000,252,265,263.0,737.0,263.0,737.0,737.0,0.0,266.0,131.0,133.95704221034347,621.0,130.0,260.0,265.0,260.0,737.0,737.0,0.0,0.0,3,0,True,False,3,0,False,False
b7_partial,dqn_2048000,253,279,269.0,731.0,269.0,731.0,731.0,0.0,280.0,135.0,141.0802208128613,633.0,135.0,269.0,279.0,266.0,730.0,730.0,0.0,0.0,3,1,False,False,1,0,False,False
b7_partial,dqn_2048000,254,261,297.0,703.0,297.0,703.0,703.0,0.0,262.0,139.0,131.24430342264327,661.0,138.0,295.0,261.0,295.0,703.0,703.0,0.0,0.0,2,0,True,False,3,0,False,False
b7_partial,dqn_2048000,255,278,268.0,732.0,268.0,732.0,732.0,0.0,279.0,131.0,142.06785122024883,620.0,130.0,267.0,278.0,267.0,732.0,732.0,0.0,0.0,1,0,True,False,2,0,False,False
b7_partial,dqn_2048000,256,281,269.0,731.0,269.0,731.0,731.0,0.0,282.0,132.0,145.88847407864262,603.0,132.0,269.0,281.0,269.0,730.0,730.0,0.0,0.0,0,1,False,True,6,3,False,False
b7_partial,dqn_2048000,257,263,277.0,723.0,277.0,723.0,723.0,0.0,264.0,130.0,137.68266824484337,620.0,129.0,276.0,263.0,276.0,723.0,723.0,0.0,0.0,1,0,True,True,4,1,False,False
b7_partial,dqn_2048000,258,258,278.0,722.0,278.0,722.0,722.0,0.0,259.0,138.0,131.48650093680706,648.0,137.0,277.0,258.0,277.0,722.0,722.0,0.0,0.0,1,0,True,False,2,0,False,False
b7_partial,dqn_2048000,259,281,255.0,745.0,255.0,745.0,745.0,0.0,282.0,122.0,144.91133805564917,577.0,122.0,255.0,281.0,253.0,743.0,743.0,0.0,0.0,2,2,False,False,1,0,False,False
b7_partial,dqn_2048000,260,251,287.0,713.0,287.0,713.0,713.0,0.0,252.0,131.0,121.81994664934822,647.0,131.0,287.0,251.0,285.0,710.0,710.0,0.0,0.0,2,3,False,True,5,2,False,False
b7_partial,dqn_2048000,261,262,285.0,715.0,285.0,715.0,715.0,0.0,263.0,135.0,131.81039900296528,617.0,134.0,284.0,262.0,284.0,715.0,715.0,0.0,0.0,1,0,True,False,2,0,False,False
b7_partial,dqn_2048000,262,261,275.0,725.0,275.0,725.0,725.0,0.0,262.0,128.0,130.66371575900953,628.0,128.0,275.0,261.0,275.0,723.0,723.0,0.0,0.0,0,2,False,True,6,2,False,False
b7_partial,dqn_2048000,263,264,264.0,736.0,264.0,736.0,736.0,0.0,265.0,126.0,133.075683855151,595.0,126.0,264.0,264.0,263.0,734.0,734.0,0.0,0.0,1,2,False,False,1,0,False,False
b7_partial,dqn_2048000,264,270,241.0,759.0,241.0,759.0,759.0,0.0,271.0,120.0,139.0366530728137,602.0,120.0,241.0,270.0,238.0,758.0,758.0,0.0,0.0,3,1,False,False,2,0,False,False
b7_partial,dqn_2048000,265,259,281.0,719.0,281.0,719.0,719.0,0.0,260.0,137.0,130.72034367626807,616.0,137.0,281.0,259.0,277.0,717.0,717.0,0.0,0.0,4,2,False,True,7,3,False,False
b7_partial,dqn_2048000,266,260,295.0,705.0,295.0,705.0,705.0,0.0,261.0,138.0,125.65754503513108,657.0,138.0,295.0,260.0,294.0,704.0,704.0,0.0,0.0,1,1,False,True,8,4,False,False
b7_partial,dqn_2048000,267,269,275.0,725.0,275.0,725.0,725.0,0.0,270.0,129.0,139.4569375573649,626.0,129.0,275.0,269.0,273.0,723.0,723.0,0.0,0.0,2,2,False,True,7,3,False,False
b7_partial,dqn_2048000,268,274,260.0,740.0,260.0,740.0,740.0,0.0,274.0,135.0,141.62968736480303,629.0,135.0,260.0,274.0,260.0,740.0,740.0,0.0,0.0,0,0,False,True,3,2,False,False
b7_partial,dqn_2048000,269,254,302.0,698.0,302.0,698.0,698.0,0.0,255.0,135.0,125.31047387929362,637.0,135.0,302.0,254.0,302.0,697.0,697.0,0.0,0.0,0,1,False,True,4,1,False,False
b7_partial,dqn_2048000,270,276,264.0,736.0,264.0,736.0,736.0,0.0,276.0,131.0,140.68522349720692,628.0,131.0,264.0,276.0,264.0,736.0,736.0,0.0,0.0,0,0,False,False,1,0,False,False
b7_partial,dqn_2048000,271,284,260.0,740.0,260.0,740.0,740.0,0.0,285.0,125.0,149.95980370622493,584.0,125.0,260.0,284.0,257.0,739.0,739.0,0.0,0.0,3,1,False,True,4,2,False,False
b7_partial,dqn_2048000,272,256,297.0,703.0,299.0,701.0,700.0,1.0,256.0,136.0,126.0502890057624,666.0,136.0,297.0,256.0,297.0,703.0,701.0,2.0,1.0,0,0,False,True,4,2,False,False
b7_partial,dqn_2048000,273,260,288.0,712.0,288.0,712.0,712.0,0.0,260.0,127.0,134.3102824845993,614.0,127.0,288.0,260.0,288.0,712.0,712.0,0.0,0.0,0,0,False,False,1,0,False,False
b7_partial,dqn_2048000,274,257,293.0,707.0,293.0,707.0,707.0,0.0,258.0,132.0,127.59947786617593,650.0,131.0,291.0,257.0,291.0,707.0,707.0,0.0,0.0,2,0,True,False,3,0,False,False
b7_partial,dqn_2048000,275,273,288.0,712.0,288.0,712.0,712.0,0.0,273.0,133.0,134.69811815814631,611.0,133.0,288.0,273.0,288.0,712.0,712.0,0.0,0.0,0,0,False,True,4,2,False,False
b7_partial,dqn_2048000,276,251,311.0,689.0,311.0,689.0,689.0,0.0,251.0,139.0,122.64250716846446,675.0,139.0,311.0,251.0,311.0,689.0,689.0,0.0,0.0,0,0,False,True,7,3,False,False
b7_partial,dqn_2048000,277,266,279.0,721.0,279.0,721.0,721.0,0.0,266.0,129.0,135.0045712231486,622.0,129.0,279.0,266.0,279.0,721.0,721.0,0.0,0.0,0,0,False,False,3,0,False,False
b7_partial,dqn_2048000,278,271,272.0,728.0,272.0,728.0,728.0,0.0,272.0,126.0,137.56173232642976,593.0,126.0,272.0,271.0,271.0,725.0,725.0,0.0,0.0,1,3,False,False,1,0,False,False
b7_partial,dqn_2048000,279,261,291.0,709.0,291.0,709.0,709.0,0.0,262.0,136.0,127.89562188140884,622.0,136.0,291.0,261.0,288.0,707.0,707.0,0.0,0.0,3,2,False,False,1,0,False,False
b7_partial,dqn_2048000,280,283,246.0,754.0,246.0,754.0,754.0,0.0,283.0,121.0,147.4383117084826,591.0,121.0,246.0,283.0,246.0,754.0,754.0,0.0,0.0,0,0,False,False,2,0,False,False
b7_partial,dqn_2048000,281,243,306.0,694.0,306.0,694.0,694.0,0.0,244.0,142.0,119.57269930193937,702.0,142.0,306.0,243.0,304.0,692.0,692.0,0.0,0.0,2,2,False,True,6,2,False,False
b7_partial,dqn_2048000,282,273,293.0,707.0,293.0,707.0,707.0,0.0,274.0,134.0,138.94712698927424,641.0,134.0,293.0,273.0,291.0,704.0,704.0,0.0,0.0,2,3,False,False,4,0,False,False
b7_partial,dqn_2048000,283,267,265.0,735.0,265.0,735.0,734.0,0.0,267.0,123.0,136.7471226254339,600.0,123.0,265.0,267.0,265.0,735.0,734.0,1.0,0.0,0,0,False,False,2,0,False,False
b7_partial,dqn_2048000,284,257,279.0,721.0,279.0,721.0,721.0,0.0,258.0,133.0,127.28868154567941,646.0,132.0,278.0,257.0,278.0,721.0,721.0,0.0,0.0,1,0,True,True,3,2,False,False
b7_partial,dqn_2048000,285,266,283.0,717.0,283.0,717.0,717.0,0.0,267.0,131.0,138.28454669535893,614.0,131.0,283.0,266.0,283.0,716.0,716.0,0.0,0.0,0,1,False,True,3,2,False,False
b7_partial,dqn_2048000,286,261,270.0,730.0,270.0,730.0,730.0,0.0,262.0,128.0,132.65517212835323,620.0,128.0,270.0,261.0,270.0,728.0,728.0,0.0,0.0,0,2,False,True,6,2,False,False
b7_partial,dqn_2048000,287,276,250.0,750.0,250.0,750.0,750.0,0.0,277.0,119.0,141.03618657762712,559.0,119.0,250.0,276.0,249.0,749.0,749.0,0.0,0.0,1,1,False,False,1,0,False,False
b7_partial,dqn_2048000,288,265,275.0,725.0,275.0,725.0,725.0,0.0,265.0,135.0,137.7047369037761,623.0,135.0,275.0,265.0,275.0,725.0,725.0,0.0,0.0,0,0,False,False,3,0,False,False
b7_partial,dqn_2048000,289,247,315.0,685.0,315.0,685.0,685.0,0.0,248.0,141.0,120.69680698633115,668.0,141.0,315.0,247.0,314.0,684.0,684.0,0.0,0.0,1,1,False,False,3,0,False,False
b7_partial,dqn_2048000,290,273,266.0,734.0,268.0,732.0,731.0,1.0,274.0,131.0,142.93044408236057,611.0,131.0,266.0,273.0,265.0,733.0,731.0,2.0,1.0,1,1,False,False,1,0,False,False
b7_partial,dqn_2048000,291,274,276.0,724.0,276.0,724.0,724.0,0.0,275.0,138.0,141.7797947797106,648.0,137.0,274.0,274.0,274.0,724.0,724.0,0.0,0.0,2,0,True,True,4,1,False,False
b7_partial,dqn_2048000,292,268,275.0,725.0,275.0,725.0,725.0,0.0,269.0,130.0,134.38366847048195,640.0,130.0,275.0,268.0,273.0,724.0,724.0,0.0,0.0,2,1,False,False,2,0,False,False
b7_partial,dqn_2048000,293,264,254.0,746.0,254.0,746.0,746.0,0.0,264.0,121.0,138.25754642263246,583.0,121.0,254.0,264.0,254.0,746.0,746.0,0.0,0.0,0,0,False,False,3,0,False,False
b7_partial,dqn_2048000,294,293,250.0,750.0,250.0,750.0,750.0,0.0,294.0,127.0,153.11142839863058,591.0,127.0,250.0,293.0,249.0,749.0,749.0,0.0,0.0,1,1,False,True,4,2,False,False
b7_partial,dqn_2048000,295,272,271.0,729.0,271.0,729.0,729.0,0.0,272.0,125.0,143.7686693610303,596.0,125.0,271.0,272.0,271.0,729.0,729.0,0.0,0.0,0,0,False,True,4,1,False,False
b7_partial,dqn_2048000,296,257,284.0,716.0,284.0,716.0,716.0,0.0,257.0,142.0,127.99391653350453,663.0,142.0,284.0,257.0,284.0,716.0,716.0,0.0,0.0,0,0,False,True,4,1,False,False
b7_partial,dqn_2048000,297,274,274.0,726.0,274.0,726.0,726.0,0.0,274.0,130.0,140.89516843646769,612.0,130.0,274.0,274.0,274.0,726.0,726.0,0.0,0.0,0,0,False,False,3,0,False,False
b7_partial,dqn_2048000,298,265,262.0,738.0,262.0,738.0,738.0,0.0,266.0,132.0,137.2406307781897,623.0,132.0,262.0,265.0,259.0,736.0,736.0,0.0,0.0,3,2,False,True,3,1,False,False
b7_partial,dqn_2048000,299,265,285.0,715.0,285.0,715.0,715.0,0.0,266.0,134.0,137.00662990484633,639.0,134.0,285.0,265.0,284.0,713.0,713.0,0.0,0.0,1,2,False,False,1,0,False,False
b7_partial,dqn_2048000,300,263,287.0,713.0,287.0,713.0,713.0,0.0,264.0,134.0,131.04678470711917,642.0,133.0,285.0,263.0,285.0,713.0,713.0,0.0,0.0,2,0,True,False,1,0,False,False
b7_partial,dqn_2048000,301,266,282.0,718.0,282.0,718.0,718.0,0.0,267.0,132.0,141.41236970952946,632.0,132.0,282.0,266.0,281.0,715.0,715.0,0.0,0.0,1,3,False,True,4,3,False,False
b7_partial,dqn_2048000,302,265,265.0,735.0,265.0,735.0,735.0,0.0,266.0,132.0,136.72714220278155,636.0,132.0,265.0,265.0,265.0,734.0,734.0,0.0,0.0,0,1,False,True,5,1,False,False
b7_partial,dqn_2048000,303,256,292.0,708.0,292.0,708.0,708.0,0.0,257.0,140.0,125.91050923116309,665.0,139.0,291.0,256.0,291.0,708.0,708.0,0.0,0.0,1,0,True,False,3,0,False,False
b7_partial,dqn_2048000,304,264,282.0,718.0,282.0,718.0,718.0,0.0,264.0,136.0,134.43579707317252,638.0,136.0,282.0,264.0,282.0,718.0,718.0,0.0,0.0,0,0,False,False,3,0,False,False
b7_partial,dqn_2048000,305,282,243.0,757.0,243.0,757.0,757.0,0.0,282.0,125.0,145.89835696919255,588.0,125.0,243.0,282.0,243.0,757.0,757.0,0.0,0.0,0,0,False,True,5,3,False,False
b7_partial,dqn_2048000,306,277,271.0,729.0,271.0,729.0,729.0,0.0,278.0,124.0,140.91742395685546,583.0,123.0,269.0,277.0,269.0,729.0,729.0,0.0,0.0,2,0,True,True,4,2,False,False
b7_partial,dqn_2048000,307,268,271.0,729.0,271.0,729.0,729.0,0.0,268.0,125.0,138.45414204033784,606.0,125.0,271.0,268.0,271.0,729.0,729.0,0.0,0.0,0,0,False,False,3,0,False,False
b7_partial,dqn_2048000,308,255,292.0,708.0,292.0,708.0,708.0,0.0,255.0,132.0,126.09799066583787,642.0,132.0,292.0,255.0,292.0,708.0,708.0,0.0,0.0,0,0,False,False,2,0,False,False
b7_partial,dqn_2048000,309,258,285.0,715.0,285.0,715.0,715.0,0.0,258.0,136.0,126.62046722066906,657.0,136.0,285.0,258.0,285.0,715.0,715.0,0.0,0.0,0,0,False,False,1,0,False,False
b7_partial,dqn_2048000,310,251,293.0,707.0,293.0,707.0,707.0,0.0,251.0,134.0,123.70351780049405,666.0,134.0,293.0,251.0,293.0,707.0,707.0,0.0,0.0,0,0,False,False,1,0,False,False
b7_partial,dqn_2048000,311,275,257.0,743.0,257.0,743.0,743.0,0.0,276.0,126.0,139.556257950071,592.0,125.0,256.0,275.0,256.0,743.0,743.0,0.0,0.0,1,0,True,True,4,1,False,False
b7_partial,dqn_2048000,312,257,293.0,707.0,293.0,707.0,707.0,0.0,258.0,139.0,126.06217175478685,649.0,138.0,291.0,257.0,291.0,707.0,707.0,0.0,0.0,2,0,True,True,3,3,False,False
b7_partial,dqn_2048000,313,267,275.0,725.0,275.0,725.0,725.0,0.0,268.0,136.0,135.90172237500607,620.0,136.0,275.0,267.0,275.0,724.0,724.0,0.0,0.0,0,1,False,True,3,2,False,False
b7_partial,dqn_2048000,314,265,263.0,737.0,263.0,737.0,737.0,0.0,266.0,127.0,133.70681039115385,604.0,127.0,263.0,265.0,263.0,736.0,736.0,0.0,0.0,0,1,False,False,3,0,False,False
b7_partial,dqn_2048000,315,274,256.0,744.0,256.0,744.0,744.0,0.0,275.0,126.0,140.07449401023726,608.0,126.0,256.0,274.0,255.0,742.0,742.0,0.0,0.0,1,2,False,True,4,2,False,False
b7_partial,dqn_2048000,316,284,243.0,757.0,243.0,757.0,757.0,0.0,284.0,122.0,149.1321227270732,559.0,122.0,243.0,284.0,243.0,757.0,757.0,0.0,0.0,0,0,False,True,6,2,False,False
b7_partial,dqn_2048000,317,254,298.0,702.0,298.0,702.0,702.0,0.0,254.0,136.0,128.93536921193387,645.0,136.0,298.0,254.0,298.0,702.0,702.0,0.0,0.0,0,0,False,True,4,2,False,False
b7_partial,dqn_2048000,318,263,277.0,723.0,277.0,723.0,723.0,0.0,263.0,131.0,133.30552536502682,614.0,131.0,277.0,263.0,277.0,723.0,723.0,0.0,0.0,0,0,False,False,3,0,False,False
b7_partial,dqn_2048000,319,268,258.0,742.0,258.0,742.0,742.0,0.0,269.0,120.0,141.56498496194277,561.0,120.0,258.0,268.0,257.0,741.0,741.0,0.0,0.0,1,1,False,False,3,0,False,False
b7_partial,dqn_2048000,320,266,295.0,705.0,295.0,705.0,705.0,0.0,266.0,134.0,129.5770453531676,631.0,134.0,295.0,266.0,295.0,705.0,705.0,0.0,0.0,0,0,False,True,3,1,False,False
b7_partial,dqn_2048000,321,262,304.0,696.0,304.0,696.0,696.0,0.0,262.0,142.0,128.32633112501526,649.0,142.0,304.0,262.0,304.0,696.0,696.0,0.0,0.0,0,0,False,False,2,0,False,False
b7_partial,dqn_2048000,322,271,264.0,736.0,264.0,736.0,736.0,0.0,272.0,136.0,137.66175587267753,621.0,136.0,264.0,271.0,263.0,733.0,733.0,0.0,0.0,1,3,False,True,3,3,False,False
b7_partial,dqn_2048000,323,272,287.0,713.0,287.0,713.0,713.0,0.0,273.0,136.0,140.10114804804533,637.0,136.0,287.0,272.0,285.0,712.0,712.0,0.0,0.0,2,1,False,False,2,0,False,False
b7_partial,dqn_2048000,324,274,246.0,754.0,246.0,754.0,754.0,0.0,274.0,121.0,146.0418314920821,569.0,121.0,246.0,274.0,246.0,754.0,754.0,0.0,0.0,0,0,False,False,3,0,False,False
b7_partial,dqn_2048000,325,285,235.0,765.0,235.0,765.0,765.0,0.0,285.0,115.0,150.5169861668297,517.0,115.0,235.0,285.0,235.0,765.0,765.0,0.0,0.0,0,0,False,False,3,0,False,False
b7_partial,dqn_2048000,326,259,284.0,716.0,284.0,716.0,716.0,0.0,260.0,142.0,131.46446325525773,653.0,142.0,284.0,259.0,282.0,715.0,715.0,0.0,0.0,2,1,False,False,3,0,False,False
b7_partial,dqn_2048000,327,267,273.0,727.0,273.0,727.0,727.0,0.0,268.0,142.0,137.70241927797454,643.0,142.0,273.0,267.0,273.0,725.0,725.0,0.0,0.0,0,2,False,False,4,0,False,False
b7_partial,dqn_2048000,328,277,259.0,741.0,259.0,741.0,741.0,0.0,278.0,130.0,146.23394765839734,611.0,129.0,257.0,277.0,257.0,741.0,741.0,0.0,0.0,2,0,True,True,5,2,False,False
b7_partial,dqn_2048000,329,264,281.0,719.0,281.0,719.0,719.0,0.0,265.0,137.0,134.78913822544683,638.0,137.0,281.0,264.0,281.0,718.0,718.0,0.0,0.0,0,1,False,False,4,0,False,False
b7_partial,dqn_2048000,330,270,279.0,721.0,279.0,721.0,721.0,0.0,271.0,130.0,134.40371412699113,615.0,129.0,276.0,270.0,276.0,721.0,721.0,0.0,0.0,3,0,True,True,4,1,False,False
b7_partial,dqn_2048000,331,270,289.0,711.0,289.0,711.0,711.0,0.0,271.0,134.0,137.35287474654987,622.0,134.0,289.0,270.0,287.0,709.0,709.0,0.0,0.0,2,2,False,False,2,0,False,False
b7_partial,dqn_2048000,332,271,261.0,739.0,261.0,739.0,739.0,0.0,271.0,132.0,137.7023905278027,623.0,132.0,261.0,271.0,261.0,739.0,739.0,0.0,0.0,0,0,False,False,3,0,False,False
b7_partial,dqn_2048000,333,261,294.0,706.0,294.0,706.0,706.0,0.0,261.0,127.0,131.94274185379976,623.0,127.0,294.0,261.0,294.0,706.0,706.0,0.0,0.0,0,0,False,False,1,0,False,False
b7_partial,dqn_2048000,334,264,274.0,726.0,274.0,726.0,726.0,0.0,265.0,131.0,131.8958534807724,627.0,130.0,271.0,264.0,271.0,726.0,726.0,0.0,0.0,3,0,True,True,5,3,False,False
b7_partial,dqn_2048000,335,266,282.0,718.0,282.0,718.0,718.0,0.0,267.0,134.0,134.63642117368718,648.0,134.0,282.0,266.0,279.0,716.0,716.0,0.0,0.0,3,2,False,True,6,4,False,False
b7_partial,dqn_2048000,336,258,277.0,723.0,277.0,723.0,723.0,0.0,259.0,134.0,131.91719421303478,617.0,134.0,277.0,258.0,277.0,722.0,722.0,0.0,0.0,0,1,False,True,4,1,False,False
b7_partial,dqn_2048000,337,273,269.0,731.0,269.0,731.0,731.0,0.0,274.0,129.0,137.72252172118564,626.0,128.0,265.0,273.0,265.0,731.0,731.0,0.0,0.0,4,0,True,True,6,2,False,False
b7_partial,dqn_2048000,338,253,295.0,705.0,295.0,705.0,705.0,0.0,254.0,128.0,126.1485997287064,641.0,127.0,294.0,253.0,294.0,705.0,705.0,0.0,0.0,1,0,True,False,2,0,False,False
b7_partial,dqn_2048000,339,273,259.0,741.0,259.0,741.0,741.0,0.0,274.0,125.0,138.14515756057847,587.0,125.0,259.0,273.0,256.0,740.0,740.0,0.0,0.0,3,1,False,True,4,1,False,False
b7_partial,dqn_2048000,340,277,264.0,736.0,264.0,736.0,736.0,0.0,277.0,131.0,141.93794795488827,617.0,131.0,264.0,277.0,264.0,736.0,736.0,0.0,0.0,0,0,False,False,2,0,False,False
b7_partial,dqn_2048000,341,267,281.0,719.0,281.0,719.0,719.0,0.0,268.0,134.0,135.5623842929553,632.0,133.0,280.0,267.0,280.0,719.0,719.0,0.0,0.0,1,0,True,False,3,0,False,False
b7_partial,dqn_2048000,342,274,275.0,725.0,275.0,725.0,724.0,0.0,275.0,129.0,137.5982275259028,622.0,128.0,274.0,274.0,274.0,725.0,723.0,2.0,0.0,1,0,True,True,6,2,False,False
b7_partial,dqn_2048000,343,277,248.0,752.0,248.0,752.0,752.0,0.0,278.0,131.0,145.28316910781746,624.0,131.0,248.0,277.0,247.0,749.0,749.0,0.0,0.0,1,3,False,False,1,0,False,False
b7_partial,dqn_2048000,344,284,242.0,758.0,242.0,758.0,758.0,0.0,285.0,115.0,145.91185473658703,538.0,115.0,242.0,284.0,240.0,757.0,757.0,0.0,0.0,2,1,False,False,3,0,False,False
b7_partial,dqn_2048000,345,255,290.0,710.0,290.0,710.0,710.0,0.0,256.0,137.0,125.26444296176588,632.0,137.0,290.0,255.0,290.0,709.0,709.0,0.0,0.0,0,1,False,False,2,0,False,False
b7_partial,dqn_2048000,346,259,279.0,721.0,279.0,721.0,721.0,0.0,259.0,135.0,131.72426501442348,664.0,135.0,279.0,259.0,279.0,721.0,721.0,0.0,0.0,0,0,False,True,4,1,False,False
b7_partial,dqn_2048000,347,270,302.0,698.0,302.0,698.0,698.0,0.0,271.0,130.0,132.08426471525812,633.0,129.0,300.0,270.0,300.0,698.0,698.0,0.0,0.0,2,0,True,True,4,1,False,False
b7_partial,dqn_2048000,348,259,286.0,714.0,286.0,714.0,714.0,0.0,260.0,135.0,128.1809102839473,644.0,135.0,286.0,259.0,284.0,712.0,712.0,0.0,0.0,2,2,False,False,2,0,False,False
b7_partial,dqn_2048000,349,267,270.0,730.0,270.0,730.0,730.0,0.0,267.0,122.0,137.3122427945217,605.0,122.0,270.0,267.0,270.0,730.0,730.0,0.0,0.0,0,0,False,True,6,2,False,False
b7_partial,dqn_2048000,350,273,263.0,737.0,263.0,737.0,737.0,0.0,274.0,125.0,138.5632501761859,603.0,125.0,263.0,273.0,261.0,734.0,734.0,0.0,0.0,2,3,False,False,3,0,False,False
b7_partial,dqn_2048000,351,264,273.0,727.0,273.0,727.0,727.0,0.0,265.0,119.0,133.50566026998078,588.0,118.0,269.0,264.0,269.0,727.0,727.0,0.0,0.0,4,0,True,False,1,0,False,False
b7_partial,dqn_2048000,352,264,294.0,706.0,294.0,706.0,706.0,0.0,265.0,135.0,133.20109169838105,660.0,135.0,294.0,264.0,290.0,705.0,705.0,0.0,0.0,4,1,False,True,5,3,False,False
b7_partial,dqn_2048000,353,265,281.0,719.0,281.0,719.0,719.0,0.0,266.0,129.0,137.59116966437932,615.0,129.0,281.0,265.0,281.0,718.0,718.0,0.0,0.0,0,1,False,False,1,0,False,False
b7_partial,dqn_2048000,354,256,297.0,703.0,297.0,703.0,703.0,0.0,256.0,138.0,126.83008288450307,666.0,138.0,297.0,256.0,297.0,703.0,703.0,0.0,0.0,0,0,False,False,2,0,False,False
b7_partial,dqn_2048000,355,256,286.0,714.0,286.0,714.0,714.0,0.0,257.0,136.0,130.57389511951536,652.0,136.0,286.0,256.0,286.0,713.0,713.0,0.0,0.0,0,1,False,True,4,2,False,False
b7_partial,dqn_2048000,356,263,289.0,711.0,289.0,711.0,709.0,0.0,263.0,133.0,131.8539181434843,643.0,133.0,289.0,263.0,289.0,711.0,709.0,2.0,0.0,0,0,False,False,2,0,False,False
b7_partial,dqn_2048000,357,276,262.0,738.0,262.0,738.0,738.0,0.0,277.0,127.0,140.1654047839285,601.0,127.0,262.0,276.0,261.0,736.0,736.0,0.0,0.0,1,2,False,True,3,1,False,False
b7_partial,dqn_2048000,358,267,269.0,731.0,269.0,731.0,731.0,0.0,268.0,131.0,135.07570248696567,615.0,130.0,267.0,267.0,267.0,731.0,731.0,0.0,0.0,2,0,True,True,4,2,False,False
b7_partial,dqn_2048000,359,278,279.0,721.0,279.0,721.0,720.0,0.0,278.0,136.0,140.7842874683011,635.0,136.0,279.0,278.0,279.0,721.0,720.0,1.0,0.0,0,0,False,True,3,1,False,False
b7_partial,dqn_2048000,360,282,245.0,755.0,245.0,755.0,755.0,0.0,282.0,123.0,148.8892831064406,586.0,123.0,245.0,282.0,245.0,755.0,755.0,0.0,0.0,0,0,False,True,8,4,False,False
b7_partial,dqn_2048000,361,271,275.0,725.0,275.0,725.0,725.0,0.0,272.0,131.0,131.55345121163367,642.0,131.0,275.0,271.0,274.0,724.0,724.0,0.0,0.0,1,1,False,False,3,0,False,False
b7_partial,dqn_2048000,362,266,253.0,747.0,253.0,747.0,747.0,0.0,267.0,119.0,135.10509708785543,579.0,118.0,252.0,266.0,252.0,747.0,747.0,0.0,0.0,1,0,True,True,7,4,False,False
b7_partial,dqn_2048000,363,254,300.0,700.0,300.0,700.0,700.0,0.0,255.0,139.0,130.69598820885662,658.0,139.0,300.0,254.0,299.0,698.0,698.0,0.0,0.0,1,2,False,True,4,4,False,False
b7_partial,dqn_2048000,364,267,281.0,719.0,281.0,719.0,719.0,0.0,268.0,127.0,139.67442984114638,602.0,127.0,281.0,267.0,278.0,718.0,718.0,0.0,0.0,3,1,False,False,3,0,False,False
b7_partial,dqn_2048000,365,264,289.0,711.0,289.0,711.0,711.0,0.0,264.0,137.0,134.9585556486333,653.0,137.0,289.0,264.0,289.0,711.0,711.0,0.0,0.0,0,0,False,True,4,2,False,False
b7_partial,dqn_2048000,366,272,286.0,714.0,288.0,712.0,711.0,1.0,272.0,133.0,139.40889418552456,622.0,133.0,286.0,272.0,286.0,714.0,712.0,2.0,1.0,0,0,False,False,3,0,False,False
b7_partial,dqn_2048000,367,268,286.0,714.0,286.0,714.0,714.0,0.0,268.0,138.0,133.64005618937972,663.0,138.0,286.0,268.0,286.0,714.0,714.0,0.0,0.0,0,0,False,False,3,0,False,False
b7_partial,dqn_2048000,368,260,285.0,715.0,285.0,715.0,715.0,0.0,261.0,134.0,132.44000330071796,643.0,134.0,285.0,260.0,282.0,714.0,714.0,0.0,0.0,3,1,False,False,4,0,False,False
b7_partial,dqn_2048000,369,259,282.0,718.0,282.0,718.0,718.0,0.0,260.0,129.0,131.89482506246532,606.0,128.0,280.0,259.0,280.0,718.0,718.0,0.0,0.0,2,0,True,True,4,1,False,False
b7_partial,dqn_2048000,370,276,273.0,727.0,273.0,727.0,727.0,0.0,277.0,130.0,138.62629697892174,618.0,130.0,273.0,276.0,273.0,726.0,726.0,0.0,0.0,0,1,False,False,3,0,False,False
b7_partial,dqn_2048000,371,254,290.0,710.0,290.0,710.0,710.0,0.0,254.0,138.0,126.96440021312647,656.0,138.0,290.0,254.0,290.0,710.0,710.0,0.0,0.0,0,0,False,False,2,0,False,False
b7_partial,dqn_2048000,372,278,279.0,721.0,279.0,721.0,721.0,0.0,278.0,138.0,139.82483719168158,637.0,138.0,279.0,278.0,279.0,721.0,721.0,0.0,0.0,0,0,False,False,3,0,False,False
b7_partial,dqn_2048000,373,254,291.0,709.0,291.0,709.0,709.0,0.0,254.0,137.0,125.18242563586475,663.0,137.0,291.0,254.0,291.0,709.0,709.0,0.0,0.0,0,0,False,True,3,1,False,False
b7_partial,dqn_2048000,374,271,270.0,730.0,270.0,730.0,730.0,0.0,271.0,129.0,137.92312412819376,607.0,129.0,270.0,271.0,270.0,730.0,730.0,0.0,0.0,0,0,False,True,4,2,False,False
b7_partial,dqn_2048000,375,265,303.0,697.0,303.0,697.0,697.0,0.0,266.0,145.0,129.39667136904308,684.0,145.0,303.0,265.0,302.0,695.0,695.0,0.0,0.0,1,2,False,False,1,0,False,False
b7_partial,dqn_2048000,376,274,260.0,740.0,260.0,740.0,740.0,0.0,275.0,133.0,140.4679803691918,621.0,132.0,256.0,274.0,256.0,740.0,740.0,0.0,0.0,4,0,True,True,3,2,False,False
b7_partial,dqn_2048000,377,272,258.0,742.0,261.0,739.0,738.0,1.0,272.0,125.0,137.40433420694555,590.0,125.0,258.0,272.0,258.0,742.0,738.0,4.0,1.0,0,0,False,False,1,0,False,False
b7_partial,dqn_2048000,378,268,285.0,715.0,285.0,715.0,715.0,0.0,269.0,138.0,132.8111734694838,640.0,138.0,285.0,268.0,284.0,713.0,713.0,0.0,0.0,1,2,False,False,1,0,False,False
b7_partial,dqn_2048000,379,250,299.0,701.0,299.0,701.0,701.0,0.0,250.0,137.0,124.18146065918641,669.0,137.0,299.0,250.0,299.0,701.0,701.0,0.0,0.0,0,0,False,True,5,3,False,False
b7_partial,dqn_2048000,380,264,292.0,708.0,292.0,708.0,708.0,0.0,265.0,132.0,129.51476202190287,608.0,132.0,292.0,264.0,289.0,706.0,706.0,0.0,0.0,3,2,False,False,2,0,False,False
b7_partial,dqn_2048000,381,278,260.0,740.0,260.0,740.0,740.0,0.0,278.0,130.0,140.5445902783297,620.0,130.0,260.0,278.0,260.0,740.0,740.0,0.0,0.0,0,0,False,False,2,0,False,False
b7_partial,dqn_2048000,382,261,291.0,709.0,291.0,709.0,709.0,0.0,262.0,132.0,129.90905222602282,622.0,131.0,289.0,261.0,289.0,709.0,709.0,0.0,0.0,2,0,True,False,2,0,False,False
b7_partial,dqn_2048000,383,265,281.0,719.0,281.0,719.0,719.0,0.0,265.0,127.0,133.0372520225544,633.0,127.0,281.0,265.0,281.0,719.0,719.0,0.0,0.0,0,0,False,False,2,0,False,False
b7_partial,dqn_2048000,384,265,276.0,724.0,276.0,724.0,724.0,0.0,265.0,132.0,133.59248404674108,620.0,132.0,276.0,265.0,276.0,724.0,724.0,0.0,0.0,0,0,False,False,2,0,False,False
b7_partial,dqn_2048000,385,263,273.0,727.0,273.0,727.0,727.0,0.0,264.0,131.0,129.49697908188784,624.0,131.0,273.0,263.0,273.0,726.0,726.0,0.0,0.0,0,1,False,True,4,2,False,False
b7_partial,dqn_2048000,386,284,252.0,748.0,252.0,748.0,748.0,0.0,285.0,128.0,148.18887048829336,592.0,127.0,251.0,284.0,251.0,748.0,748.0,0.0,0.0,1,0,True,True,6,4,False,False
b7_partial,dqn_2048000,387,270,270.0,730.0,270.0,730.0,730.0,0.0,271.0,131.0,135.97192696271134,615.0,131.0,270.0,270.0,268.0,727.0,727.0,0.0,0.0,2,3,False,False,2,0,False,False
b7_partial,dqn_2048000,388,277,267.0,733.0,267.0,733.0,733.0,0.0,277.0,126.0,138.52610721863653,591.0,126.0,267.0,277.0,267.0,733.0,733.0,0.0,0.0,0,0,False,True,4,3,False,False
b7_partial,dqn_2048000,389,259,281.0,719.0,281.0,719.0,719.0,0.0,260.0,129.0,129.2833815320572,631.0,128.0,280.0,259.0,280.0,719.0,719.0,0.0,0.0,1,0,True,True,3,1,False,False
b7_partial,dqn_2048000,390,273,268.0,732.0,268.0,732.0,732.0,0.0,274.0,127.0,144.0607507811656,608.0,127.0,268.0,273.0,265.0,731.0,731.0,0.0,0.0,3,1,False,False,2,0,False,False
b7_partial,dqn_2048000,391,266,290.0,710.0,290.0,710.0,710.0,0.0,267.0,136.0,130.24691401799015,641.0,135.0,289.0,266.0,289.0,710.0,710.0,0.0,0.0,1,0,True,False,1,0,False,False
b7_partial,dqn_2048000,392,271,263.0,737.0,263.0,737.0,737.0,0.0,272.0,129.0,135.13800329264222,621.0,129.0,263.0,271.0,263.0,736.0,736.0,0.0,0.0,0,1,False,False,2,0,False,False
b7_partial,dqn_2048000,393,257,278.0,722.0,278.0,722.0,722.0,0.0,258.0,133.0,129.70601084016408,639.0,132.0,277.0,257.0,277.0,722.0,722.0,0.0,0.0,1,0,True,True,6,4,False,False
b7_partial,dqn_2048000,394,274,269.0,731.0,269.0,731.0,731.0,0.0,275.0,128.0,140.98095196259135,616.0,128.0,269.0,274.0,268.0,729.0,729.0,0.0,0.0,1,2,False,True,5,2,False,False
b7_partial,dqn_2048000,395,254,297.0,703.0,297.0,703.0,703.0,0.0,255.0,135.0,126.01241498887872,671.0,135.0,297.0,254.0,297.0,701.0,701.0,0.0,0.0,0,2,False,True,4,3,False,False
b7_partial,dqn_2048000,396,256,303.0,697.0,303.0,697.0,697.0,0.0,257.0,142.0,124.2591605531065,659.0,141.0,301.0,256.0,301.0,697.0,697.0,0.0,0.0,2,0,True,True,6,2,False,False
b7_partial,dqn_2048000,397,274,263.0,737.0,263.0,737.0,737.0,0.0,274.0,127.0,143.85086193252158,608.0,127.0,263.0,274.0,263.0,737.0,737.0,0.0,0.0,0,0,False,True,4,2,False,False
b7_partial,dqn_2048000,398,270,282.0,718.0,282.0,718.0,718.0,0.0,271.0,132.0,135.89639302569364,630.0,131.0,281.0,270.0,281.0,718.0,718.0,0.0,0.0,1,0,True,False,2,0,False,False
b7_partial,dqn_2048000,399,268,281.0,719.0,281.0,719.0,719.0,0.0,268.0,124.0,135.13587799276144,589.0,124.0,281.0,268.0,281.0,719.0,719.0,0.0,0.0,0,0,False,True,5,3,False,False
b7_partial,dqn_2048000,400,272,269.0,731.0,269.0,731.0,731.0,0.0,273.0,125.0,138.37427067331492,613.0,125.0,269.0,272.0,265.0,730.0,730.0,0.0,0.0,4,1,False,False,2,0,False,False
b7_partial,dqn_2048000,401,279,252.0,748.0,252.0,748.0,748.0,0.0,280.0,125.0,143.13188429460638,595.0,124.0,250.0,279.0,250.0,748.0,748.0,0.0,0.0,2,0,True,True,4,1,False,False
b7_partial,dqn_2048000,402,272,260.0,740.0,260.0,740.0,740.0,0.0,273.0,134.0,141.6059659898214,619.0,134.0,260.0,272.0,260.0,739.0,739.0,0.0,0.0,0,1,False,False,1,0,False,False
b7_partial,dqn_2048000,403,261,296.0,704.0,296.0,704.0,704.0,0.0,262.0,137.0,130.11119953915744,658.0,136.0,295.0,261.0,295.0,704.0,704.0,0.0,0.0,1,0,True,True,4,2,False,False
b7_partial,dqn_2048000,404,275,265.0,735.0,265.0,735.0,735.0,0.0,276.0,130.0,140.21220603199157,608.0,130.0,265.0,275.0,264.0,734.0,734.0,0.0,0.0,1,1,False,False,2,0,False,False
b7_partial,dqn_2048000,405,275,262.0,738.0,262.0,738.0,738.0,0.0,276.0,129.0,141.2033895982796,626.0,128.0,260.0,275.0,260.0,738.0,738.0,0.0,0.0,2,0,True,False,2,0,False,False
b7_partial,dqn_2048000,406,261,278.0,722.0,278.0,722.0,722.0,0.0,262.0,135.0,131.4421088812325,647.0,134.0,277.0,261.0,277.0,722.0,722.0,0.0,0.0,1,0,True,True,3,1,False,False
b7_partial,dqn_2048000,407,265,273.0,727.0,273.0,727.0,727.0,0.0,266.0,131.0,136.56606178068355,646.0,131.0,273.0,265.0,270.0,726.0,726.0,0.0,0.0,3,1,False,False,3,0,False,False
b7_partial,dqn_2048000,408,284,262.0,738.0,262.0,738.0,738.0,0.0,285.0,139.0,147.58547986577668,636.0,138.0,260.0,284.0,260.0,738.0,738.0,0.0,0.0,2,0,True,False,1,0,False,False
b7_partial,dqn_2048000,409,257,282.0,718.0,282.0,718.0,718.0,0.0,258.0,134.0,130.96777422989052,621.0,134.0,282.0,257.0,280.0,715.0,715.0,0.0,0.0,2,3,False,False,4,0,False,False
b7_partial,dqn_2048000,410,266,270.0,730.0,270.0,730.0,730.0,0.0,266.0,121.0,133.86129893087417,590.0,121.0,270.0,266.0,270.0,730.0,730.0,0.0,0.0,0,0,False,False,2,0,False,False
b7_partial,dqn_2048000,411,256,296.0,704.0,296.0,704.0,704.0,0.0,256.0,134.0,132.4559439289416,637.0,134.0,296.0,256.0,296.0,704.0,704.0,0.0,0.0,0,0,False,True,5,2,False,False
b7_partial,dqn_2048000,412,260,271.0,729.0,271.0,729.0,729.0,0.0,261.0,129.0,132.69424897297247,614.0,129.0,271.0,260.0,270.0,728.0,728.0,0.0,0.0,1,1,False,False,3,0,False,False
b7_partial,dqn_2048000,413,264,283.0,717.0,283.0,717.0,717.0,0.0,265.0,139.0,134.56704389689818,654.0,139.0,283.0,264.0,281.0,716.0,716.0,0.0,0.0,2,1,False,False,1,0,False,False
b7_partial,dqn_2048000,414,260,300.0,700.0,300.0,700.0,700.0,0.0,261.0,140.0,125.43040317712372,677.0,140.0,300.0,260.0,297.0,699.0,699.0,0.0,0.0,3,1,False,False,3,0,False,False
b7_partial,dqn_2048000,415,249,273.0,727.0,273.0,727.0,727.0,0.0,249.0,125.0,122.04821407093067,631.0,125.0,273.0,249.0,273.0,727.0,727.0,0.0,0.0,0,0,False,True,5,1,False,False
b7_partial,dqn_2048000,416,259,273.0,727.0,273.0,727.0,727.0,0.0,260.0,132.0,130.86398872137858,623.0,131.0,271.0,259.0,271.0,727.0,727.0,0.0,0.0,2,0,True,True,3,1,False,False
b7_partial,dqn_2048000,417,252,292.0,708.0,294.0,706.0,705.0,1.0,252.0,138.0,127.94733076950553,676.0,138.0,292.0,252.0,292.0,708.0,706.0,2.0,1.0,0,0,False,False,4,0,False,False
b7_partial,dqn_2048000,418,260,296.0,704.0,296.0,704.0,704.0,0.0,261.0,136.0,130.34082814237104,660.0,136.0,296.0,260.0,294.0,702.0,702.0,0.0,0.0,2,2,False,True,5,1,False,False
b7_partial,dqn_2048000,419,256,282.0,718.0,282.0,718.0,718.0,0.0,257.0,141.0,125.70465006419369,645.0,140.0,281.0,256.0,281.0,718.0,718.0,0.0,0.0,1,0,True,False,3,0,False,False
b7_partial,dqn_2048000,420,281,259.0,741.0,259.0,741.0,741.0,0.0,282.0,127.0,143.90672159872256,596.0,127.0,259.0,281.0,256.0,740.0,740.0,0.0,0.0,3,1,False,False,2,0,False,False
b7_partial,dqn_2048000,421,268,265.0,735.0,265.0,735.0,735.0,0.0,269.0,126.0,134.59409056771588,583.0,125.0,264.0,268.0,264.0,735.0,735.0,0.0,0.0,1,0,True,False,4,0,False,False
b7_partial,dqn_2048000,422,257,300.0,700.0,300.0,700.0,700.0,0.0,257.0,135.0,130.18019334391994,652.0,135.0,300.0,257.0,300.0,700.0,700.0,0.0,0.0,0,0,False,False,4,0,False,False
b7_partial,dqn_2048000,423,259,300.0,700.0,300.0,700.0,700.0,0.0,259.0,141.0,131.23026615664588,659.0,141.0,300.0,259.0,300.0,700.0,700.0,0.0,0.0,0,0,False,False,1,0,False,False
b7_partial,dqn_2048000,424,265,274.0,726.0,274.0,726.0,726.0,0.0,266.0,140.0,130.4765857549593,635.0,140.0,274.0,265.0,274.0,725.0,725.0,0.0,0.0,0,1,False,True,4,3,False,False
b7_partial,dqn_2048000,425,282,265.0,735.0,265.0,735.0,735.0,0.0,283.0,129.0,150.3540176194335,608.0,129.0,265.0,282.0,262.0,732.0,732.0,0.0,0.0,3,3,False,True,5,3,False,False
b7_partial,dqn_2048000,426,272,265.0,735.0,265.0,735.0,735.0,0.0,272.0,131.0,141.6109606201594,611.0,131.0,265.0,272.0,265.0,735.0,735.0,0.0,0.0,0,0,False,False,2,0,False,False
b7_partial,dqn_2048000,427,261,295.0,705.0,295.0,705.0,705.0,0.0,262.0,142.0,128.83570866679116,683.0,142.0,295.0,261.0,294.0,704.0,704.0,0.0,0.0,1,1,False,False,2,0,False,False
b7_partial,dqn_2048000,428,272,266.0,734.0,266.0,734.0,734.0,0.0,273.0,132.0,140.05741140580452,599.0,132.0,266.0,272.0,266.0,732.0,732.0,0.0,0.0,0,2,False,True,3,2,False,False
b7_partial,dqn_2048000,429,248,291.0,709.0,291.0,709.0,709.0,0.0,249.0,136.0,121.72590529133291,647.0,135.0,290.0,248.0,290.0,709.0,709.0,0.0,0.0,1,0,True,False,1,0,False,False
b7_partial,dqn_2048000,430,256,292.0,708.0,292.0,708.0,708.0,0.0,257.0,137.0,125.95667806939173,656.0,136.0,291.0,256.0,291.0,708.0,708.0,0.0,0.0,1,0,True,False,3,0,False,False
b7_partial,dqn_2048000,431,272,273.0,727.0,273.0,727.0,727.0,0.0,273.0,131.0,135.78925358118036,613.0,130.0,270.0,272.0,270.0,727.0,727.0,0.0,0.0,3,0,True,False,3,0,False,False
b7_partial,dqn_2048000,432,262,295.0,705.0,295.0,705.0,705.0,0.0,263.0,142.0,131.19180099207856,668.0,141.0,293.0,262.0,293.0,705.0,705.0,0.0,0.0,2,0,True,False,2,0,False,False
b7_partial,dqn_2048000,433,258,292.0,708.0,292.0,708.0,708.0,0.0,259.0,137.0,127.48666754679337,648.0,136.0,290.0,258.0,290.0,708.0,708.0,0.0,0.0,2,0,True,False,2,0,False,False
b7_partial,dqn_2048000,434,274,252.0,748.0,252.0,748.0,748.0,0.0,275.0,122.0,140.48100510264328,598.0,121.0,249.0,274.0,249.0,748.0,748.0,0.0,0.0,3,0,True,False,4,0,False,False
b7_partial,dqn_2048000,435,274,261.0,739.0,261.0,739.0,739.0,0.0,275.0,125.0,141.76554369879685,594.0,124.0,258.0,274.0,258.0,739.0,739.0,0.0,0.0,3,0,True,False,4,0,False,False
b7_partial,dqn_2048000,436,282,275.0,725.0,275.0,725.0,725.0,0.0,282.0,128.0,146.17330764612365,589.0,128.0,275.0,282.0,275.0,725.0,725.0,0.0,0.0,0,0,False,False,1,0,False,False
b7_partial,dqn_2048000,437,269,270.0,730.0,270.0,730.0,730.0,0.0,269.0,129.0,137.4008199724177,603.0,129.0,270.0,269.0,270.0,730.0,730.0,0.0,0.0,0,0,False,False,1,0,False,False
b7_partial,dqn_2048000,438,270,251.0,749.0,251.0,749.0,749.0,0.0,271.0,124.0,136.91473972139949,584.0,123.0,249.0,270.0,249.0,749.0,749.0,0.0,0.0,2,0,True,True,4,1,False,False
b7_partial,dqn_2048000,439,262,277.0,723.0,277.0,723.0,723.0,0.0,263.0,130.0,130.9585263043517,619.0,130.0,277.0,262.0,275.0,722.0,722.0,0.0,0.0,2,1,False,True,6,2,False,False
b7_partial,dqn_2048000,440,269,266.0,734.0,266.0,734.0,734.0,0.0,270.0,128.0,139.07027463476686,603.0,127.0,265.0,269.0,265.0,734.0,734.0,0.0,0.0,1,0,True,False,2,0,False,False
b7_partial,dqn_2048000,441,247,295.0,705.0,295.0,705.0,705.0,0.0,248.0,139.0,124.93025202165053,664.0,139.0,295.0,247.0,295.0,704.0,704.0,0.0,0.0,0,1,False,False,4,0,False,False
b7_partial,dqn_2048000,442,275,279.0,721.0,279.0,721.0,721.0,0.0,276.0,142.0,136.91932486046434,666.0,142.0,279.0,275.0,278.0,720.0,720.0,0.0,0.0,1,1,False,True,5,1,False,False
b7_partial,dqn_2048000,443,261,287.0,713.0,287.0,713.0,713.0,0.0,262.0,138.0,126.67077949570209,658.0,138.0,287.0,261.0,287.0,710.0,710.0,0.0,0.0,0,3,False,False,4,0,False,False
b7_partial,dqn_2048000,444,257,287.0,713.0,287.0,713.0,713.0,0.0,258.0,132.0,129.6884254707095,658.0,131.0,286.0,257.0,286.0,713.0,713.0,0.0,0.0,1,0,True,False,2,0,False,False
b7_partial,dqn_2048000,445,268,276.0,724.0,276.0,724.0,724.0,0.0,268.0,129.0,135.38783129943445,609.0,129.0,276.0,268.0,276.0,724.0,724.0,0.0,0.0,0,0,False,False,1,0,False,False
b7_partial,dqn_2048000,446,286,255.0,745.0,255.0,745.0,745.0,0.0,286.0,133.0,149.08010495322722,615.0,133.0,255.0,286.0,255.0,745.0,745.0,0.0,0.0,0,0,False,True,6,2,False,False
b7_partial,dqn_2048000,447,265,276.0,724.0,276.0,724.0,724.0,0.0,266.0,133.0,134.1250865891261,611.0,133.0,276.0,265.0,275.0,723.0,723.0,0.0,0.0,1,1,False,False,2,0,False,False
b7_partial,dqn_2048000,448,271,273.0,727.0,273.0,727.0,727.0,0.0,271.0,133.0,136.0657165214423,620.0,133.0,273.0,271.0,273.0,727.0,727.0,0.0,0.0,0,0,False,True,4,3,False,False
b7_partial,dqn_2048000,449,254,285.0,715.0,285.0,715.0,715.0,0.0,255.0,135.0,126.79001188159884,644.0,135.0,285.0,254.0,283.0,714.0,714.0,0.0,0.0,2,1,False,True,6,4,False,False
b7_partial,dqn_2048000,450,273,268.0,732.0,268.0,732.0,732.0,0.0,274.0,126.0,140.76533110160955,607.0,125.0,265.0,273.0,265.0,732.0,732.0,0.0,0.0,3,0,True,True,3,2,False,False
b7_partial,dqn_2048000,451,264,289.0,711.0,289.0,711.0,711.0,0.0,264.0,131.0,136.24223074565307,612.0,131.0,289.0,264.0,289.0,711.0,711.0,0.0,0.0,0,0,False,False,2,0,False,False
b7_partial,dqn_2048000,452,262,287.0,713.0,287.0,713.0,713.0,0.0,263.0,137.0,126.86705059179309,653.0,137.0,287.0,262.0,287.0,712.0,712.0,0.0,0.0,0,1,False,False,3,0,False,False
b7_partial,dqn_2048000,453,270,283.0,717.0,283.0,717.0,717.0,0.0,271.0,131.0,139.44332302469667,611.0,130.0,282.0,270.0,282.0,717.0,717.0,0.0,0.0,1,0,True,True,6,3,False,False
b7_partial,dqn_2048000,454,255,293.0,707.0,293.0,707.0,707.0,0.0,256.0,131.0,129.3006035341544,636.0,131.0,293.0,255.0,293.0,704.0,704.0,0.0,0.0,0,3,False,True,6,3,False,False
b7_partial,dqn_2048000,455,254,288.0,712.0,288.0,712.0,712.0,0.0,255.0,128.0,128.2613768812213,614.0,128.0,288.0,254.0,288.0,711.0,711.0,0.0,0.0,0,1,False,False,2,0,False,False
b7_partial,dqn_2048000,456,269,286.0,714.0,286.0,714.0,714.0,0.0,270.0,138.0,135.23542175283316,670.0,137.0,283.0,269.0,283.0,714.0,714.0,0.0,0.0,3,0,True,False,3,0,False,False
b7_partial,dqn_2048000,457,252,305.0,695.0,305.0,695.0,695.0,0.0,253.0,137.0,127.9791651183578,662.0,137.0,305.0,252.0,302.0,694.0,694.0,0.0,0.0,3,1,False,False,2,0,False,False
b7_partial,dqn_2048000,458,267,284.0,716.0,284.0,716.0,716.0,0.0,268.0,139.0,136.4884804797511,656.0,139.0,284.0,267.0,282.0,715.0,715.0,0.0,0.0,2,1,False,False,2,0,False,False
b7_partial,dqn_2048000,459,274,243.0,757.0,243.0,757.0,757.0,0.0,275.0,116.0,142.95636426043103,564.0,116.0,243.0,274.0,239.0,755.0,755.0,0.0,0.0,4,2,False,True,6,3,False,False
b7_partial,dqn_2048000,460,246,325.0,675.0,325.0,675.0,675.0,0.0,247.0,138.0,119.28597463450231,662.0,138.0,325.0,246.0,322.0,674.0,674.0,0.0,0.0,3,1,False,True,5,2,False,False
b7_partial,dqn_2048000,461,274,257.0,743.0,257.0,743.0,743.0,0.0,274.0,133.0,136.46619116159258,620.0,133.0,257.0,274.0,257.0,743.0,743.0,0.0,0.0,0,0,False,False,3,0,False,False
b7_partial,dqn_2048000,462,263,289.0,711.0,289.0,711.0,711.0,0.0,263.0,129.0,132.3709783219053,626.0,129.0,289.0,263.0,289.0,711.0,711.0,0.0,0.0,0,0,False,True,6,4,False,False
b7_partial,dqn_2048000,463,263,278.0,722.0,278.0,722.0,722.0,0.0,264.0,127.0,130.3477863469669,628.0,126.0,277.0,263.0,277.0,722.0,722.0,0.0,0.0,1,0,True,False,2,0,False,False
b7_partial,dqn_2048000,464,253,292.0,708.0,292.0,708.0,708.0,0.0,254.0,127.0,126.40346307590045,608.0,126.0,288.0,253.0,288.0,708.0,708.0,0.0,0.0,4,0,True,False,1,0,False,False
b7_partial,dqn_2048000,465,257,292.0,708.0,292.0,708.0,708.0,0.0,258.0,139.0,134.548799598384,672.0,139.0,292.0,257.0,290.0,706.0,706.0,0.0,0.0,2,2,False,False,3,0,False,False
b7_partial,dqn_2048000,466,264,280.0,720.0,280.0,720.0,720.0,0.0,265.0,138.0,133.2589963397306,651.0,137.0,279.0,264.0,279.0,720.0,720.0,0.0,0.0,1,0,True,False,3,0,False,False
b7_partial,dqn_2048000,467,265,251.0,749.0,251.0,749.0,749.0,0.0,266.0,117.0,135.40555321833753,572.0,117.0,251.0,265.0,247.0,748.0,748.0,0.0,0.0,4,1,False,False,3,0,False,False
b7_partial,dqn_2048000,468,255,281.0,719.0,283.0,717.0,716.0,1.0,256.0,131.0,130.19092434875515,630.0,131.0,281.0,255.0,280.0,718.0,716.0,2.0,1.0,1,1,False,True,5,2,False,False
b7_partial,dqn_2048000,469,261,279.0,721.0,279.0,721.0,721.0,0.0,262.0,136.0,132.91325468570548,642.0,136.0,279.0,261.0,278.0,719.0,719.0,0.0,0.0,1,2,False,True,7,4,False,False
b7_partial,dqn_2048000,470,288,266.0,734.0,266.0,734.0,734.0,0.0,289.0,134.0,149.15595798306626,602.0,133.0,265.0,288.0,265.0,734.0,734.0,0.0,0.0,1,0,True,False,2,0,False,False
b7_partial,dqn_2048000,471,282,263.0,737.0,263.0,737.0,737.0,0.0,283.0,126.0,147.77127087159562,593.0,126.0,263.0,282.0,260.0,735.0,735.0,0.0,0.0,3,2,False,False,4,0,False,False
b7_partial,dqn_2048000,472,277,268.0,732.0,268.0,732.0,731.0,0.0,278.0,132.0,140.1295709760544,624.0,132.0,268.0,277.0,264.0,730.0,728.0,2.0,0.0,4,2,False,True,5,3,False,False
b7_partial,dqn_2048000,473,259,289.0,711.0,289.0,711.0,711.0,0.0,260.0,142.0,131.16509033453943,666.0,142.0,289.0,259.0,288.0,710.0,710.0,0.0,0.0,1,1,False,False,2,0,False,False
b7_partial,dqn_2048000,474,277,261.0,739.0,261.0,739.0,739.0,0.0,277.0,124.0,143.16837105346147,577.0,124.0,261.0,277.0,261.0,739.0,739.0,0.0,0.0,0,0,False,True,4,1,False,False
b7_partial,dqn_2048000,475,269,253.0,747.0,253.0,747.0,747.0,0.0,269.0,125.0,135.39940406750037,573.0,125.0,253.0,269.0,253.0,747.0,747.0,0.0,0.0,0,0,False,True,3,2,False,False
b7_partial,dqn_2048000,476,272,255.0,745.0,255.0,745.0,745.0,0.0,272.0,122.0,140.08821255769686,569.0,122.0,255.0,272.0,255.0,745.0,745.0,0.0,0.0,0,0,False,True,4,2,False,False
b7_partial,dqn_2048000,477,272,280.0,720.0,280.0,720.0,720.0,0.0,273.0,132.0,140.7064700155291,622.0,132.0,280.0,272.0,280.0,718.0,718.0,0.0,0.0,0,2,False,False,2,0,False,False
b7_partial,dqn_2048000,478,249,317.0,683.0,317.0,683.0,683.0,0.0,250.0,135.0,123.54237226649899,659.0,135.0,317.0,249.0,317.0,681.0,681.0,0.0,0.0,0,2,False,True,5,3,False,False
b7_partial,dqn_2048000,479,268,277.0,723.0,277.0,723.0,723.0,0.0,269.0,135.0,137.37023476870866,661.0,134.0,274.0,268.0,274.0,723.0,723.0,0.0,0.0,3,0,True,False,2,0,False,False
b7_partial,dqn_2048000,480,269,272.0,728.0,272.0,728.0,728.0,0.0,270.0,136.0,136.83228688161708,647.0,135.0,271.0,269.0,271.0,728.0,728.0,0.0,0.0,1,0,True,False,2,0,False,False
b7_partial,dqn_2048000,481,263,274.0,726.0,274.0,726.0,726.0,0.0,264.0,130.0,136.09346913798717,630.0,129.0,272.0,263.0,272.0,726.0,726.0,0.0,0.0,2,0,True,False,3,0,False,False
b7_partial,dqn_2048000,482,265,291.0,709.0,291.0,709.0,709.0,0.0,265.0,136.0,133.83391053932687,653.0,136.0,291.0,265.0,291.0,709.0,709.0,0.0,0.0,0,0,False,True,5,2,False,False
b7_partial,dqn_2048000,483,261,283.0,717.0,283.0,717.0,717.0,0.0,262.0,136.0,131.8676602213164,657.0,136.0,283.0,261.0,283.0,716.0,716.0,0.0,0.0,0,1,False,False,4,0,False,False
b7_partial,dqn_2048000,484,255,290.0,710.0,290.0,710.0,710.0,0.0,256.0,133.0,125.44958817580464,639.0,133.0,290.0,255.0,290.0,708.0,708.0,0.0,0.0,0,2,False,False,1,0,False,False
b7_partial,dqn_2048000,485,251,304.0,696.0,304.0,696.0,696.0,0.0,252.0,127.0,121.13688159535681,607.0,126.0,302.0,251.0,302.0,696.0,696.0,0.0,0.0,2,0,True,True,3,1,False,False
b7_partial,dqn_2048000,486,268,265.0,735.0,265.0,735.0,735.0,0.0,269.0,140.0,137.5015491481941,627.0,140.0,265.0,268.0,261.0,732.0,732.0,0.0,0.0,4,3,False,False,3,0,False,False
b7_partial,dqn_2048000,487,250,299.0,701.0,299.0,701.0,701.0,0.0,251.0,150.0,122.99699322902298,717.0,150.0,299.0,250.0,299.0,700.0,700.0,0.0,0.0,0,1,False,True,3,1,False,False
b7_partial,dqn_2048000,488,272,253.0,747.0,253.0,747.0,747.0,0.0,273.0,130.0,139.3334635197739,618.0,129.0,249.0,272.0,249.0,747.0,747.0,0.0,0.0,4,0,True,False,3,0,False,False
b7_partial,dqn_2048000,489,257,266.0,734.0,266.0,734.0,734.0,0.0,257.0,131.0,129.65164375640214,633.0,131.0,266.0,257.0,266.0,734.0,734.0,0.0,0.0,0,0,False,False,4,0,False,False
b7_partial,dqn_2048000,490,259,303.0,697.0,303.0,697.0,697.0,0.0,259.0,136.0,129.27427658677152,642.0,136.0,303.0,259.0,303.0,697.0,697.0,0.0,0.0,0,0,False,True,6,2,False,False
b7_partial,dqn_2048000,491,267,284.0,716.0,284.0,716.0,716.0,0.0,268.0,136.0,138.40319000726018,655.0,136.0,284.0,267.0,283.0,715.0,715.0,0.0,0.0,1,1,False,False,2,0,False,False
b7_partial,dqn_2048000,492,255,303.0,697.0,303.0,697.0,697.0,0.0,256.0,138.0,128.39200190709806,647.0,137.0,301.0,255.0,301.0,697.0,697.0,0.0,0.0,2,0,True,True,5,4,False,False
b7_partial,dqn_2048000,493,251,300.0,700.0,300.0,700.0,700.0,0.0,251.0,136.0,121.32743718849014,659.0,136.0,300.0,251.0,300.0,700.0,700.0,0.0,0.0,0,0,False,True,5,1,False,False
b7_partial,dqn_2048000,494,271,298.0,702.0,298.0,702.0,702.0,0.0,271.0,137.0,137.37986529219856,651.0,137.0,298.0,271.0,298.0,702.0,702.0,0.0,0.0,0,0,False,True,4,1,False,False
b7_partial,dqn_2048000,495,262,292.0,708.0,292.0,708.0,708.0,0.0,262.0,130.0,131.3070213544923,621.0,130.0,292.0,262.0,292.0,708.0,708.0,0.0,0.0,0,0,False,False,3,0,False,False
b7_partial,dqn_2048000,496,257,292.0,708.0,292.0,708.0,708.0,0.0,258.0,129.0,127.22770784875375,626.0,129.0,292.0,257.0,292.0,707.0,707.0,0.0,0.0,0,1,False,False,4,0,False,False
b7_partial,dqn_2048000,497,261,278.0,722.0,280.0,720.0,719.0,1.0,261.0,135.0,127.5173288776179,648.0,135.0,278.0,261.0,278.0,722.0,720.0,2.0,1.0,0,0,False,True,6,3,False,False
b7_partial,dqn_2048000,498,252,296.0,704.0,296.0,704.0,704.0,0.0,253.0,142.0,124.22748480076167,681.0,141.0,295.0,252.0,295.0,704.0,704.0,0.0,0.0,1,0,True,True,6,3,False,False
b7_partial,dqn_2048000,499,279,262.0,738.0,262.0,738.0,738.0,0.0,279.0,132.0,145.31103153139756,609.0,132.0,262.0,279.0,262.0,738.0,738.0,0.0,0.0,0,0,False,True,8,4,False,False
b11_partial,direct,0,31,911.0,89.0,911.0,89.0,89.0,0.0,32.0,27.0,6.367561861886623,204.0,26.0,814.0,31.0,814.0,89.0,89.0,0.0,0.0,97,0,True,False,2,0,False,False
b11_partial,direct,1,43,866.0,134.0,866.0,134.0,134.0,0.0,43.0,36.0,8.596622841199954,254.0,36.0,866.0,43.0,866.0,134.0,134.0,0.0,0.0,0,0,False,True,6,14,False,False
b11_partial,direct,2,39,873.0,127.0,873.0,127.0,127.0,0.0,40.0,35.0,7.783752413502417,243.0,34.0,855.0,39.0,855.0,127.0,127.0,0.0,0.0,18,0,True,True,5,23,False,False
b11_partial,direct,3,45,860.0,140.0,860.0,140.0,140.0,0.0,46.0,38.0,8.874485509508917,288.0,37.0,838.0,45.0,838.0,140.0,140.0,0.0,0.0,22,0,True,True,6,8,False,False
b11_partial,direct,4,46,866.0,134.0,866.0,134.0,134.0,0.0,47.0,39.0,10.193599182512896,262.0,38.0,786.0,46.0,786.0,134.0,134.0,0.0,0.0,80,0,True,True,6,2,False,False
b11_partial,direct,5,42,880.0,120.0,880.0,120.0,120.0,0.0,43.0,36.0,8.261522702407245,264.0,35.0,856.0,42.0,856.0,120.0,120.0,0.0,0.0,24,0,True,False,1,0,False,False
b11_partial,direct,6,35,894.0,106.0,894.0,106.0,106.0,0.0,36.0,29.0,6.589762070927646,212.0,28.0,829.0,35.0,829.0,106.0,106.0,0.0,0.0,65,0,True,True,6,12,False,False
b11_partial,direct,7,31,905.0,95.0,905.0,95.0,95.0,0.0,32.0,28.0,6.65355613732962,201.0,27.0,839.0,31.0,839.0,95.0,95.0,0.0,0.0,66,0,True,True,10,63,False,False
b11_partial,direct,8,18,942.0,58.0,942.0,58.0,58.0,0.0,19.0,16.0,3.4431454131085886,130.0,15.0,938.0,18.0,938.0,58.0,58.0,0.0,0.0,4,0,True,True,8,171,False,False
b11_partial,direct,9,30,904.0,96.0,904.0,96.0,96.0,0.0,31.0,25.0,6.26396492812792,207.0,24.0,899.0,30.0,899.0,96.0,96.0,0.0,0.0,5,0,True,False,4,0,False,False
b11_partial,direct,10,40,886.0,114.0,886.0,114.0,114.0,0.0,41.0,31.0,7.917804429419478,228.0,30.0,854.0,40.0,854.0,114.0,114.0,0.0,0.0,32,0,True,False,2,0,False,False
b11_partial,direct,11,30,906.0,94.0,906.0,94.0,94.0,0.0,31.0,26.0,6.185367727925701,167.0,25.0,779.0,30.0,779.0,94.0,94.0,0.0,0.0,127,0,True,True,8,61,False,False
b11_partial,direct,12,48,856.0,144.0,856.0,144.0,144.0,0.0,49.0,41.0,10.15908962520655,286.0,40.0,847.0,48.0,847.0,144.0,144.0,0.0,0.0,9,0,True,True,5,10,False,False
b11_partial,direct,13,31,905.0,95.0,905.0,95.0,95.0,0.0,32.0,27.0,5.936711684328169,227.0,26.0,821.0,31.0,821.0,95.0,95.0,0.0,0.0,84,0,True,False,3,0,False,False
b11_partial,direct,14,38,884.0,116.0,884.0,116.0,116.0,0.0,39.0,33.0,7.89707813544958,219.0,32.0,868.0,38.0,868.0,116.0,116.0,0.0,0.0,16,0,True,True,10,37,False,False
b11_partial,direct,15,29,914.0,86.0,914.0,86.0,86.0,0.0,30.0,25.0,5.861107825783465,171.0,24.0,812.0,29.0,812.0,86.0,86.0,0.0,0.0,102,0,True,True,4,70,False,False
b11_partial,direct,16,29,917.0,83.0,917.0,83.0,83.0,0.0,30.0,25.0,6.286078674671477,178.0,24.0,879.0,29.0,879.0,83.0,83.0,0.0,0.0,38,0,True,False,3,0,False,False
b11_partial,direct,17,30,903.0,97.0,903.0,97.0,97.0,0.0,31.0,25.0,7.150110648974635,161.0,24.0,762.0,30.0,762.0,97.0,97.0,0.0,0.0,141,0,True,True,7,126,False,False
b11_partial,direct,18,38,880.0,120.0,880.0,120.0,120.0,0.0,39.0,31.0,8.099693899489,203.0,30.0,837.0,38.0,837.0,120.0,120.0,0.0,0.0,43,0,True,True,7,7,False,False
b11_partial,direct,19,28,920.0,80.0,920.0,80.0,80.0,0.0,29.0,23.0,5.514948340802786,180.0,22.0,917.0,28.0,917.0,80.0,80.0,0.0,0.0,3,0,True,True,7,5,False,False
b11_partial,direct,20,44,867.0,133.0,867.0,133.0,133.0,0.0,45.0,35.0,9.199043992060998,255.0,34.0,865.0,44.0,865.0,133.0,133.0,0.0,0.0,2,0,True,True,8,23,False,False
b11_partial,direct,21,42,873.0,127.0,873.0,127.0,127.0,0.0,43.0,36.0,8.81888859118012,250.0,35.0,870.0,42.0,870.0,127.0,127.0,0.0,0.0,3,0,True,True,4,2,False,False
b11_partial,direct,22,27,920.0,80.0,920.0,80.0,80.0,0.0,28.0,26.0,5.012123214937682,195.0,25.0,869.0,27.0,869.0,80.0,80.0,0.0,0.0,51,0,True,True,12,64,False,False
b11_partial,direct,23,34,901.0,99.0,901.0,99.0,99.0,0.0,35.0,29.0,6.692306509040249,228.0,28.0,798.0,34.0,798.0,99.0,99.0,0.0,0.0,103,0,True,True,6,40,False,False
b11_partial,direct,24,46,870.0,130.0,870.0,130.0,130.0,0.0,47.0,36.0,9.00591430419184,259.0,35.0,859.0,46.0,859.0,130.0,130.0,0.0,0.0,11,0,True,True,7,39,False,False
b11_partial,direct,25,56,840.0,160.0,840.0,160.0,160.0,0.0,57.0,44.0,11.698287535427408,308.0,43.0,831.0,56.0,831.0,160.0,160.0,0.0,0.0,9,0,True,True,6,16,False,False
b11_partial,direct,26,47,852.0,148.0,852.0,148.0,148.0,0.0,48.0,40.0,9.66112972203455,263.0,39.0,842.0,47.0,842.0,148.0,148.0,0.0,0.0,10,0,True,False,3,0,False,False
b11_partial,direct,27,31,907.0,93.0,907.0,93.0,93.0,0.0,32.0,26.0,6.2264661211010095,177.0,25.0,900.0,31.0,900.0,93.0,93.0,0.0,0.0,7,0,True,True,8,133,False,False
b11_partial,direct,28,39,886.0,114.0,886.0,114.0,114.0,0.0,40.0,32.0,7.409177459665981,253.0,31.0,861.0,39.0,861.0,114.0,114.0,0.0,0.0,25,0,True,False,3,0,False,False
b11_partial,direct,29,48,860.0,140.0,860.0,140.0,140.0,0.0,49.0,37.0,10.645833868624758,237.0,36.0,847.0,48.0,847.0,140.0,140.0,0.0,0.0,13,0,True,True,3,8,False,False
b11_partial,direct,30,34,895.0,105.0,895.0,105.0,105.0,0.0,35.0,27.0,7.400494091977678,199.0,26.0,815.0,34.0,815.0,105.0,105.0,0.0,0.0,80,0,True,True,7,71,False,False
b11_partial,direct,31,37,885.0,115.0,885.0,115.0,115.0,0.0,38.0,29.0,7.309380423847029,232.0,28.0,862.0,37.0,862.0,115.0,115.0,0.0,0.0,23,0,True,True,6,42,False,False
b11_partial,direct,32,28,919.0,81.0,919.0,81.0,81.0,0.0,29.0,16.0,5.877565367909252,113.0,15.0,898.0,28.0,898.0,81.0,81.0,0.0,0.0,21,0,True,True,10,245,False,False
b11_partial,direct,33,26,917.0,83.0,917.0,83.0,83.0,0.0,27.0,24.0,5.39606920337764,173.0,23.0,908.0,26.0,908.0,83.0,83.0,0.0,0.0,9,0,True,True,8,32,False,False
b11_partial,direct,34,48,856.0,144.0,856.0,144.0,144.0,0.0,49.0,38.0,9.722665235620118,247.0,37.0,834.0,48.0,834.0,144.0,144.0,0.0,0.0,22,0,True,True,6,16,False,False
b11_partial,direct,35,35,887.0,113.0,887.0,113.0,113.0,0.0,36.0,31.0,6.928762450641923,217.0,30.0,859.0,35.0,859.0,113.0,113.0,0.0,0.0,28,0,True,True,10,115,False,False
b11_partial,direct,36,43,868.0,132.0,868.0,132.0,132.0,0.0,44.0,34.0,9.021470217777411,230.0,33.0,838.0,43.0,838.0,132.0,132.0,0.0,0.0,30,0,True,True,4,10,False,False
b11_partial,direct,37,26,926.0,74.0,926.0,74.0,74.0,0.0,27.0,23.0,4.830370883919932,191.0,23.0,926.0,26.0,919.0,71.0,71.0,0.0,0.0,7,3,False,True,7,34,False,False
b11_partial,direct,38,39,876.0,124.0,876.0,124.0,124.0,0.0,40.0,30.0,8.21911091274544,203.0,29.0,803.0,39.0,803.0,124.0,124.0,0.0,0.0,73,0,True,True,3,5,False,False
b11_partial,direct,39,37,890.0,110.0,890.0,110.0,110.0,0.0,38.0,32.0,7.152065442615046,240.0,31.0,787.0,37.0,787.0,110.0,110.0,0.0,0.0,103,0,True,True,9,59,False,False
b11_partial,direct,40,34,909.0,91.0,909.0,91.0,91.0,0.0,35.0,29.0,7.332873741197477,220.0,28.0,878.0,34.0,878.0,91.0,91.0,0.0,0.0,31,0,True,True,7,36,False,False
b11_partial,direct,41,31,906.0,94.0,906.0,94.0,94.0,0.0,32.0,23.0,6.6913560999895205,170.0,22.0,873.0,31.0,873.0,94.0,94.0,0.0,0.0,33,0,True,True,8,78,False,False
b11_partial,direct,42,46,857.0,143.0,857.0,143.0,143.0,0.0,47.0,38.0,8.6473057452594,283.0,37.0,812.0,46.0,812.0,143.0,143.0,0.0,0.0,45,0,True,True,4,4,False,False
b11_partial,direct,43,41,869.0,131.0,869.0,131.0,131.0,0.0,42.0,35.0,7.828072730236461,259.0,34.0,806.0,41.0,806.0,131.0,131.0,0.0,0.0,63,0,True,True,7,43,False,False
b11_partial,direct,44,31,909.0,91.0,909.0,91.0,91.0,0.0,32.0,27.0,6.280379440154047,201.0,26.0,832.0,31.0,832.0,91.0,91.0,0.0,0.0,77,0,True,True,8,55,False,False
b11_partial,direct,45,49,846.0,154.0,846.0,154.0,154.0,0.0,50.0,34.0,11.020991496222079,228.0,33.0,837.0,49.0,837.0,154.0,154.0,0.0,0.0,9,0,True,True,8,22,False,False
b11_partial,direct,46,39,883.0,117.0,883.0,117.0,117.0,0.0,40.0,33.0,8.28803990086399,223.0,32.0,826.0,39.0,826.0,117.0,117.0,0.0,0.0,57,0,True,True,8,138,False,False
b11_partial,direct,47,39,881.0,119.0,881.0,119.0,119.0,0.0,40.0,32.0,8.041475765964877,197.0,31.0,873.0,39.0,873.0,119.0,119.0,0.0,0.0,8,0,True,True,9,25,False,False
b11_partial,direct,48,59,830.0,170.0,830.0,170.0,170.0,0.0,60.0,45.0,12.044258637310799,322.0,44.0,819.0,59.0,819.0,170.0,170.0,0.0,0.0,11,0,True,False,1,0,False,False
b11_partial,direct,49,27,928.0,72.0,928.0,72.0,72.0,0.0,28.0,20.0,5.591216312774379,130.0,19.0,416.0,27.0,416.0,72.0,72.0,0.0,0.0,512,0,True,False,2,0,False,False
b11_partial,direct,50,36,892.0,108.0,892.0,108.0,108.0,0.0,37.0,32.0,7.200302423136961,246.0,31.0,876.0,36.0,876.0,108.0,108.0,0.0,0.0,16,0,True,True,6,13,False,False
b11_partial,direct,51,22,936.0,64.0,936.0,64.0,64.0,0.0,23.0,21.0,3.6662385566101725,148.0,20.0,845.0,22.0,845.0,64.0,64.0,0.0,0.0,91,0,True,True,11,43,False,False
b11_partial,direct,52,40,875.0,125.0,875.0,125.0,125.0,0.0,41.0,34.0,7.852376252306932,246.0,33.0,832.0,40.0,832.0,125.0,125.0,0.0,0.0,43,0,True,False,2,0,False,False
b11_partial,direct,53,35,900.0,100.0,900.0,100.0,100.0,0.0,36.0,29.0,7.228645935358683,207.0,28.0,898.0,35.0,898.0,100.0,100.0,0.0,0.0,2,0,True,True,11,168,False,False
b11_partial,direct,54,17,942.0,58.0,942.0,58.0,58.0,0.0,18.0,17.0,3.1704321345162296,136.0,16.0,927.0,17.0,927.0,58.0,58.0,0.0,0.0,15,0,True,True,6,215,False,False
b11_partial,direct,55,47,859.0,141.0,859.0,141.0,141.0,0.0,48.0,42.0,9.250675780348011,274.0,42.0,859.0,47.0,842.0,138.0,138.0,0.0,0.0,17,3,False,True,5,14,False,False
b11_partial,direct,56,46,858.0,142.0,858.0,142.0,142.0,0.0,47.0,35.0,9.786211437657073,252.0,35.0,858.0,46.0,851.0,141.0,141.0,0.0,0.0,7,1,False,False,2,0,False,False
b11_partial,direct,57,39,889.0,111.0,889.0,111.0,111.0,0.0,40.0,31.0,7.53405353347207,225.0,30.0,877.0,39.0,877.0,111.0,111.0,0.0,0.0,12,0,True,True,3,6,False,False
b11_partial,direct,58,24,924.0,76.0,924.0,76.0,76.0,0.0,25.0,21.0,4.930605358920752,152.0,20.0,907.0,24.0,907.0,76.0,76.0,0.0,0.0,17,0,True,True,7,129,False,False
b11_partial,direct,59,30,910.0,90.0,910.0,90.0,90.0,0.0,31.0,24.0,5.694629743107101,171.0,23.0,900.0,30.0,900.0,90.0,90.0,0.0,0.0,10,0,True,False,4,0,False,False
b11_partial,direct,60,28,917.0,83.0,917.0,83.0,83.0,0.0,29.0,21.0,5.8961855147059214,164.0,20.0,885.0,28.0,885.0,83.0,83.0,0.0,0.0,32,0,True,True,15,59,False,False
b11_partial,direct,61,31,905.0,95.0,905.0,95.0,95.0,0.0,32.0,26.0,6.262323442773287,172.0,25.0,854.0,31.0,854.0,95.0,95.0,0.0,0.0,51,0,True,True,5,1,False,False
b11_partial,direct,62,35,889.0,111.0,889.0,111.0,111.0,0.0,36.0,30.0,6.949416769395255,222.0,29.0,835.0,35.0,835.0,111.0,111.0,0.0,0.0,54,0,True,True,8,8,False,False
b11_partial,direct,63,41,876.0,124.0,876.0,124.0,124.0,0.0,42.0,33.0,8.896076458171018,211.0,32.0,873.0,41.0,873.0,124.0,124.0,0.0,0.0,3,0,True,True,5,9,False,False
b11_partial,direct,64,32,897.0,103.0,897.0,103.0,103.0,0.0,33.0,25.0,6.783363576772967,160.0,24.0,839.0,32.0,839.0,103.0,103.0,0.0,0.0,58,0,True,True,4,18,False,False
b11_partial,direct,65,34,886.0,114.0,886.0,114.0,114.0,0.0,35.0,33.0,6.7188224884918,254.0,32.0,835.0,34.0,835.0,114.0,114.0,0.0,0.0,51,0,True,True,7,12,False,False
b11_partial,direct,66,32,902.0,98.0,902.0,98.0,98.0,0.0,33.0,26.0,6.162829966215654,190.0,25.0,891.0,32.0,891.0,98.0,98.0,0.0,0.0,11,0,True,True,8,98,False,False
b11_partial,direct,67,47,864.0,136.0,864.0,136.0,136.0,0.0,48.0,38.0,9.849200261645443,279.0,37.0,856.0,47.0,856.0,136.0,136.0,0.0,0.0,8,0,True,True,9,20,False,False
b11_partial,direct,68,38,893.0,107.0,893.0,107.0,107.0,0.0,39.0,28.0,8.088874332948844,193.0,27.0,854.0,38.0,854.0,107.0,107.0,0.0,0.0,39,0,True,False,3,0,False,False
b11_partial,direct,69,27,918.0,82.0,918.0,82.0,82.0,0.0,28.0,23.0,5.4546984111669605,155.0,22.0,907.0,27.0,907.0,82.0,82.0,0.0,0.0,11,0,True,True,6,12,False,False
b11_partial,direct,70,26,916.0,84.0,916.0,84.0,84.0,0.0,27.0,23.0,4.8791490024180035,166.0,22.0,849.0,26.0,849.0,84.0,84.0,0.0,0.0,67,0,True,True,6,101,False,False
b11_partial,direct,71,39,881.0,119.0,881.0,119.0,119.0,0.0,40.0,31.0,7.556236327314459,200.0,30.0,822.0,39.0,822.0,119.0,119.0,0.0,0.0,59,0,True,True,11,61,False,False
b11_partial,direct,72,25,927.0,73.0,927.0,73.0,73.0,0.0,26.0,19.0,4.626164431000593,148.0,18.0,880.0,25.0,880.0,73.0,73.0,0.0,0.0,47,0,True,False,2,0,False,False
b11_partial,direct,73,36,887.0,113.0,887.0,113.0,113.0,0.0,37.0,31.0,7.669356206624815,222.0,30.0,827.0,36.0,827.0,113.0,113.0,0.0,0.0,60,0,True,True,7,61,False,False
b11_partial,direct,74,33,904.0,96.0,904.0,96.0,96.0,0.0,34.0,25.0,6.256419539413661,170.0,24.0,902.0,33.0,902.0,96.0,96.0,0.0,0.0,2,0,True,True,6,327,False,False
b11_partial,direct,75,42,876.0,124.0,876.0,124.0,124.0,0.0,43.0,34.0,8.905655884418719,237.0,33.0,853.0,42.0,853.0,124.0,124.0,0.0,0.0,23,0,True,True,13,104,False,False
b11_partial,direct,76,32,901.0,99.0,901.0,99.0,99.0,0.0,32.0,29.0,6.173942619433384,222.0,29.0,901.0,32.0,901.0,99.0,99.0,0.0,0.0,0,0,False,True,7,36,False,False
b11_partial,direct,77,49,854.0,146.0,854.0,146.0,146.0,0.0,50.0,38.0,10.114789853645163,235.0,37.0,842.0,49.0,842.0,146.0,146.0,0.0,0.0,12,0,True,True,7,9,False,False
b11_partial,direct,78,41,878.0,122.0,878.0,122.0,122.0,0.0,42.0,32.0,9.091662824365066,202.0,31.0,876.0,41.0,876.0,122.0,122.0,0.0,0.0,2,0,True,True,6,60,False,False
b11_partial,direct,79,40,877.0,123.0,877.0,123.0,123.0,0.0,41.0,35.0,8.49318018485062,225.0,34.0,829.0,40.0,829.0,123.0,123.0,0.0,0.0,48,0,True,True,4,13,False,False
b11_partial,direct,80,42,871.0,129.0,871.0,129.0,129.0,0.0,42.0,33.0,7.956084989491113,227.0,33.0,871.0,42.0,871.0,129.0,129.0,0.0,0.0,0,0,False,False,4,0,False,False
b11_partial,direct,81,22,932.0,68.0,932.0,68.0,68.0,0.0,23.0,20.0,4.043614948435958,153.0,19.0,728.0,22.0,728.0,68.0,68.0,0.0,0.0,204,0,True,True,4,5,False,False
b11_partial,direct,82,48,853.0,147.0,853.0,147.0,147.0,0.0,49.0,41.0,10.293237093274014,292.0,40.0,840.0,48.0,840.0,147.0,147.0,0.0,0.0,13,0,True,True,11,33,False,False
b11_partial,direct,83,38,889.0,111.0,889.0,111.0,111.0,0.0,39.0,31.0,8.109581779100774,206.0,30.0,722.0,38.0,722.0,111.0,111.0,0.0,0.0,167,0,True,True,4,1,False,False
b11_partial,direct,84,23,927.0,73.0,927.0,73.0,73.0,0.0,24.0,20.0,4.366553802566803,146.0,19.0,826.0,23.0,826.0,73.0,73.0,0.0,0.0,101,0,True,True,6,4,False,False
b11_partial,direct,85,38,887.0,113.0,887.0,113.0,113.0,0.0,39.0,30.0,7.402823673618375,217.0,29.0,793.0,38.0,793.0,113.0,113.0,0.0,0.0,94,0,True,True,5,100,False,False
b11_partial,direct,86,63,822.0,178.0,822.0,178.0,178.0,0.0,64.0,51.0,13.355902557762649,375.0,50.0,815.0,63.0,815.0,178.0,178.0,0.0,0.0,7,0,True,True,8,125,False,False
b11_partial,direct,87,38,883.0,117.0,883.0,117.0,117.0,0.0,39.0,32.0,7.628788336991735,227.0,31.0,813.0,38.0,813.0,117.0,117.0,0.0,0.0,70,0,True,True,4,1,False,False
b11_partial,direct,88,42,869.0,131.0,869.0,131.0,131.0,0.0,43.0,33.0,8.732295418797662,230.0,32.0,812.0,42.0,812.0,131.0,131.0,0.0,0.0,57,0,True,True,8,22,False,False
b11_partial,direct,89,34,906.0,94.0,906.0,94.0,94.0,0.0,35.0,28.0,6.930961128515728,202.0,27.0,897.0,34.0,897.0,94.0,94.0,0.0,0.0,9,0,True,True,11,132,False,False
b11_partial,direct,90,36,896.0,104.0,896.0,104.0,104.0,0.0,37.0,29.0,7.106705875864515,217.0,28.0,888.0,36.0,888.0,104.0,104.0,0.0,0.0,8,0,True,True,8,40,False,False
b11_partial,direct,91,38,891.0,109.0,891.0,109.0,109.0,0.0,39.0,31.0,7.465731505286445,236.0,30.0,850.0,38.0,850.0,109.0,109.0,0.0,0.0,41,0,True,False,3,0,False,False
b11_partial,direct,92,44,864.0,136.0,864.0,136.0,136.0,0.0,45.0,41.0,8.545579446919156,291.0,40.0,856.0,44.0,856.0,136.0,136.0,0.0,0.0,8,0,True,True,5,6,False,False
b11_partial,direct,93,31,902.0,98.0,902.0,98.0,98.0,0.0,32.0,32.0,6.403899771380929,225.0,31.0,842.0,31.0,842.0,98.0,98.0,0.0,0.0,60,0,True,True,6,24,False,False
b11_partial,direct,94,40,872.0,128.0,872.0,128.0,128.0,0.0,41.0,37.0,8.110816137774005,274.0,36.0,865.0,40.0,865.0,128.0,128.0,0.0,0.0,7,0,True,True,8,32,False,False
b11_partial,direct,95,45,864.0,136.0,864.0,136.0,136.0,0.0,46.0,40.0,9.09607001242632,297.0,39.0,843.0,45.0,843.0,136.0,136.0,0.0,0.0,21,0,True,True,5,6,False,False
b11_partial,direct,96,31,909.0,91.0,909.0,91.0,91.0,0.0,32.0,28.0,6.468212167598204,200.0,27.0,667.0,31.0,667.0,91.0,91.0,0.0,0.0,242,0,True,True,6,5,False,False
b11_partial,direct,97,33,898.0,102.0,898.0,102.0,102.0,0.0,34.0,23.0,6.668262583679497,159.0,22.0,845.0,33.0,845.0,102.0,102.0,0.0,0.0,53,0,True,True,7,11,False,False
b11_partial,direct,98,33,907.0,93.0,907.0,93.0,93.0,0.0,34.0,24.0,6.3559528914816905,170.0,23.0,898.0,33.0,898.0,93.0,93.0,0.0,0.0,9,0,True,False,2,0,False,False
b11_partial,direct,99,37,882.0,118.0,882.0,118.0,118.0,0.0,38.0,32.0,7.60844780777734,223.0,31.0,860.0,37.0,860.0,118.0,118.0,0.0,0.0,22,0,True,False,3,0,False,False
b11_partial,direct,100,30,909.0,91.0,909.0,91.0,91.0,0.0,31.0,22.0,6.14131332981668,162.0,21.0,880.0,30.0,880.0,91.0,91.0,0.0,0.0,29,0,True,True,6,80,False,False
b11_partial,direct,101,27,918.0,82.0,918.0,82.0,82.0,0.0,28.0,24.0,5.155838491027691,175.0,23.0,895.0,27.0,895.0,82.0,82.0,0.0,0.0,23,0,True,True,8,118,False,False
b11_partial,direct,102,37,890.0,110.0,890.0,110.0,110.0,0.0,38.0,30.0,7.1313292542298825,232.0,29.0,870.0,37.0,870.0,110.0,110.0,0.0,0.0,20,0,True,True,5,1,False,False
b11_partial,direct,103,51,841.0,159.0,841.0,159.0,159.0,0.0,51.0,39.0,10.473154682099604,261.0,39.0,841.0,51.0,841.0,159.0,159.0,0.0,0.0,0,0,False,False,1,0,False,False
b11_partial,direct,104,32,902.0,98.0,902.0,98.0,98.0,0.0,33.0,27.0,6.074402056625115,186.0,26.0,901.0,32.0,901.0,98.0,98.0,0.0,0.0,1,0,True,True,6,5,False,False
b11_partial,direct,105,31,907.0,93.0,907.0,93.0,93.0,0.0,32.0,28.0,6.171703498841976,200.0,27.0,868.0,31.0,868.0,93.0,93.0,0.0,0.0,39,0,True,True,9,83,False,False
b11_partial,direct,106,30,909.0,91.0,909.0,91.0,91.0,0.0,31.0,23.0,5.979559095018078,159.0,22.0,841.0,30.0,841.0,91.0,91.0,0.0,0.0,68,0,True,False,4,0,False,False
b11_partial,direct,107,34,904.0,96.0,904.0,96.0,96.0,0.0,35.0,27.0,6.913352356251219,193.0,27.0,904.0,34.0,904.0,95.0,95.0,0.0,0.0,0,1,False,False,1,0,False,False
b11_partial,direct,108,35,903.0,97.0,903.0,97.0,97.0,0.0,36.0,25.0,7.85612626787615,175.0,24.0,873.0,35.0,873.0,97.0,97.0,0.0,0.0,30,0,True,True,5,129,False,False
b11_partial,direct,109,30,909.0,91.0,909.0,91.0,91.0,0.0,31.0,24.0,6.226126264518376,180.0,23.0,877.0,30.0,877.0,91.0,91.0,0.0,0.0,32,0,True,False,3,0,False,False
b11_partial,direct,110,25,920.0,80.0,920.0,80.0,80.0,0.0,26.0,25.0,5.156931903551189,186.0,24.0,797.0,25.0,797.0,80.0,80.0,0.0,0.0,123,0,True,True,4,2,False,False
b11_partial,direct,111,31,904.0,96.0,904.0,96.0,96.0,0.0,32.0,26.0,6.408548047424326,204.0,25.0,866.0,31.0,866.0,96.0,96.0,0.0,0.0,38,0,True,False,3,0,False,False
b11_partial,direct,112,34,900.0,100.0,900.0,100.0,100.0,0.0,35.0,31.0,6.33587619913704,250.0,30.0,894.0,34.0,894.0,100.0,100.0,0.0,0.0,6,0,True,True,10,36,False,False
b11_partial,direct,113,41,871.0,129.0,871.0,129.0,129.0,0.0,42.0,34.0,8.366010879950538,241.0,33.0,832.0,41.0,832.0,129.0,129.0,0.0,0.0,39,0,True,True,8,74,False,False
b11_partial,direct,114,35,892.0,108.0,892.0,108.0,108.0,0.0,36.0,29.0,6.890561163969067,219.0,28.0,887.0,35.0,887.0,108.0,108.0,0.0,0.0,5,0,True,True,11,41,False,False
b11_partial,direct,115,20,945.0,55.0,945.0,55.0,55.0,0.0,21.0,19.0,4.278489946423529,143.0,18.0,776.0,20.0,776.0,55.0,55.0,0.0,0.0,169,0,True,True,9,67,False,False
b11_partial,direct,116,31,908.0,92.0,908.0,92.0,92.0,0.0,32.0,28.0,6.7251182059500385,171.0,27.0,880.0,31.0,880.0,92.0,92.0,0.0,0.0,28,0,True,True,10,91,False,False
b11_partial,direct,117,42,873.0,127.0,873.0,127.0,127.0,0.0,43.0,40.0,8.827313046406626,282.0,40.0,873.0,42.0,856.0,126.0,126.0,0.0,0.0,17,1,False,False,1,0,False,False
b11_partial,direct,118,42,874.0,126.0,874.0,126.0,126.0,0.0,43.0,31.0,8.396394495405117,224.0,30.0,845.0,42.0,845.0,126.0,126.0,0.0,0.0,29,0,True,True,5,9,False,False
b11_partial,direct,119,29,905.0,95.0,905.0,95.0,95.0,0.0,30.0,27.0,5.912549931048469,204.0,26.0,879.0,29.0,879.0,95.0,95.0,0.0,0.0,26,0,True,True,7,63,False,False
b11_partial,direct,120,37,889.0,111.0,889.0,111.0,111.0,0.0,38.0,31.0,7.365096315247374,237.0,30.0,804.0,37.0,804.0,111.0,111.0,0.0,0.0,85,0,True,True,5,1,False,False
b11_partial,direct,121,35,891.0,109.0,891.0,109.0,109.0,0.0,35.0,29.0,6.729073802022688,219.0,29.0,891.0,35.0,891.0,109.0,109.0,0.0,0.0,0,0,False,True,3,10,False,False
b11_partial,direct,122,53,836.0,164.0,836.0,164.0,164.0,0.0,54.0,41.0,11.055086132253795,268.0,40.0,794.0,53.0,794.0,164.0,164.0,0.0,0.0,42,0,True,True,12,86,False,False
b11_partial,direct,123,41,874.0,126.0,874.0,126.0,126.0,0.0,41.0,30.0,8.577744912456886,215.0,30.0,874.0,41.0,874.0,126.0,126.0,0.0,0.0,0,0,False,True,10,9,False,False
b11_partial,direct,124,39,888.0,112.0,888.0,112.0,112.0,0.0,40.0,33.0,8.408151217738682,244.0,32.0,813.0,39.0,813.0,112.0,112.0,0.0,0.0,75,0,True,True,10,64,False,False
b11_partial,direct,125,45,871.0,129.0,871.0,129.0,129.0,0.0,46.0,33.0,9.212320841024855,229.0,32.0,841.0,45.0,841.0,129.0,129.0,0.0,0.0,30,0,True,True,8,22,False,False
b11_partial,direct,126,34,895.0,105.0,895.0,105.0,105.0,0.0,35.0,28.0,6.558298108035148,216.0,27.0,874.0,34.0,874.0,105.0,105.0,0.0,0.0,21,0,True,True,6,14,False,False
b11_partial,direct,127,62,822.0,178.0,822.0,178.0,178.0,0.0,63.0,48.0,12.709978218065052,313.0,47.0,805.0,62.0,805.0,178.0,178.0,0.0,0.0,17,0,True,False,4,0,False,False
b11_partial,direct,128,18,943.0,57.0,943.0,57.0,57.0,0.0,19.0,15.0,3.215975829573431,133.0,14.0,931.0,18.0,931.0,57.0,57.0,0.0,0.0,12,0,True,False,3,0,False,False
b11_partial,direct,129,42,870.0,130.0,870.0,130.0,130.0,0.0,43.0,32.0,8.654367764091104,223.0,31.0,845.0,42.0,845.0,130.0,130.0,0.0,0.0,25,0,True,True,8,4,False,False
b11_partial,direct,130,29,913.0,87.0,913.0,87.0,87.0,0.0,30.0,29.0,5.416371489089369,215.0,28.0,888.0,29.0,888.0,87.0,87.0,0.0,0.0,25,0,True,True,4,24,False,False
b11_partial,direct,131,37,878.0,122.0,878.0,122.0,122.0,0.0,38.0,33.0,7.189319516036495,244.0,32.0,834.0,37.0,834.0,122.0,122.0,0.0,0.0,44,0,True,True,8,74,False,False
b11_partial,direct,132,33,887.0,113.0,887.0,113.0,113.0,0.0,34.0,29.0,6.737104393434457,193.0,28.0,831.0,33.0,831.0,113.0,113.0,0.0,0.0,56,0,True,False,2,0,False,False
b11_partial,direct,133,29,900.0,100.0,900.0,100.0,100.0,0.0,30.0,27.0,5.730380258345212,202.0,26.0,835.0,29.0,835.0,100.0,100.0,0.0,0.0,65,0,True,True,9,14,False,False
b11_partial,direct,134,27,922.0,78.0,922.0,78.0,78.0,0.0,28.0,24.0,5.6287884760844245,172.0,23.0,914.0,27.0,914.0,78.0,78.0,0.0,0.0,8,0,True,True,3,1,False,False
b11_partial,direct,135,39,884.0,116.0,884.0,116.0,116.0,0.0,39.0,30.0,7.490720106802053,229.0,30.0,884.0,39.0,884.0,116.0,116.0,0.0,0.0,0,0,False,True,5,3,False,False
b11_partial,direct,136,35,893.0,107.0,893.0,107.0,107.0,0.0,36.0,28.0,6.795467582343104,222.0,27.0,846.0,35.0,846.0,107.0,107.0,0.0,0.0,47,0,True,True,8,142,False,False
b11_partial,direct,137,39,879.0,121.0,879.0,121.0,121.0,0.0,40.0,29.0,7.87874685278558,212.0,28.0,872.0,39.0,872.0,121.0,121.0,0.0,0.0,7,0,True,True,9,245,False,False
b11_partial,direct,138,28,915.0,85.0,915.0,85.0,85.0,0.0,28.0,21.0,5.761241542660534,143.0,21.0,915.0,28.0,915.0,85.0,85.0,0.0,0.0,0,0,False,True,5,61,False,False
b11_partial,direct,139,33,897.0,103.0,897.0,103.0,103.0,0.0,34.0,28.0,6.735249681897556,217.0,27.0,865.0,33.0,865.0,103.0,103.0,0.0,0.0,32,0,True,True,10,32,False,False
b11_partial,direct,140,26,929.0,71.0,929.0,71.0,71.0,0.0,27.0,22.0,4.673481319023674,192.0,21.0,899.0,26.0,899.0,71.0,71.0,0.0,0.0,30,0,True,False,2,0,False,False
b11_partial,direct,141,35,898.0,102.0,898.0,102.0,102.0,0.0,36.0,29.0,7.427009486801005,203.0,28.0,781.0,35.0,781.0,102.0,102.0,0.0,0.0,117,0,True,True,8,36,False,False
b11_partial,direct,142,31,907.0,93.0,907.0,93.0,93.0,0.0,32.0,26.0,6.1486731517881665,189.0,26.0,907.0,31.0,893.0,92.0,92.0,0.0,0.0,14,1,False,True,8,24,False,False
b11_partial,direct,143,30,916.0,84.0,916.0,84.0,84.0,0.0,31.0,24.0,6.474457992063276,163.0,23.0,900.0,30.0,900.0,84.0,84.0,0.0,0.0,16,0,True,True,5,39,False,False
b11_partial,direct,144,54,844.0,156.0,844.0,156.0,156.0,0.0,55.0,39.0,11.046288484651082,292.0,38.0,832.0,54.0,832.0,156.0,156.0,0.0,0.0,12,0,True,True,3,3,False,False
b11_partial,direct,145,37,891.0,109.0,891.0,109.0,109.0,0.0,38.0,27.0,7.150401763320421,224.0,26.0,808.0,37.0,808.0,109.0,109.0,0.0,0.0,83,0,True,True,5,55,False,False
b11_partial,direct,146,29,916.0,84.0,916.0,84.0,84.0,0.0,30.0,26.0,5.909406699210644,206.0,25.0,895.0,29.0,895.0,84.0,84.0,0.0,0.0,21,0,True,True,8,39,False,False
b11_partial,direct,147,51,840.0,160.0,840.0,160.0,160.0,0.0,52.0,40.0,10.213566817417117,266.0,39.0,837.0,51.0,837.0,160.0,160.0,0.0,0.0,3,0,True,True,5,2,False,False
b11_partial,direct,148,38,886.0,114.0,886.0,114.0,114.0,0.0,39.0,30.0,7.07389375152023,218.0,29.0,882.0,38.0,882.0,114.0,114.0,0.0,0.0,4,0,True,True,4,5,False,False
b11_partial,direct,149,33,896.0,104.0,896.0,104.0,104.0,0.0,34.0,29.0,6.1951099951517,202.0,28.0,837.0,33.0,837.0,104.0,104.0,0.0,0.0,59,0,True,True,10,22,False,False
b11_partial,direct,150,49,864.0,136.0,864.0,136.0,136.0,0.0,50.0,40.0,10.199948140497439,303.0,39.0,852.0,49.0,852.0,136.0,136.0,0.0,0.0,12,0,True,False,1,0,False,False
b11_partial,direct,151,48,859.0,141.0,859.0,141.0,141.0,0.0,49.0,39.0,9.512085641546685,291.0,39.0,859.0,48.0,846.0,139.0,139.0,0.0,0.0,13,2,False,True,11,71,False,False
b11_partial,direct,152,43,875.0,125.0,875.0,125.0,125.0,0.0,44.0,33.0,9.436652688755412,248.0,32.0,869.0,43.0,869.0,125.0,125.0,0.0,0.0,6,0,True,True,6,42,False,False
b11_partial,direct,153,32,914.0,86.0,914.0,86.0,86.0,0.0,33.0,24.0,6.356347621733511,168.0,23.0,880.0,32.0,880.0,86.0,86.0,0.0,0.0,34,0,True,True,4,160,False,False
b11_partial,direct,154,42,865.0,135.0,865.0,135.0,135.0,0.0,43.0,39.0,7.965652097631233,286.0,38.0,855.0,42.0,855.0,135.0,135.0,0.0,0.0,10,0,True,True,3,2,False,False
b11_partial,direct,155,33,908.0,92.0,908.0,92.0,92.0,0.0,34.0,27.0,6.574917107281119,218.0,26.0,842.0,33.0,842.0,92.0,92.0,0.0,0.0,66,0,True,True,13,157,False,False
b11_partial,direct,156,34,893.0,107.0,893.0,107.0,107.0,0.0,35.0,27.0,6.759110630948382,212.0,27.0,893.0,34.0,829.0,105.0,105.0,0.0,0.0,64,2,False,False,3,0,False,False
b11_partial,direct,157,30,905.0,95.0,905.0,95.0,95.0,0.0,31.0,22.0,5.343635494869069,188.0,21.0,755.0,30.0,755.0,95.0,95.0,0.0,0.0,150,0,True,True,10,154,False,False
b11_partial,direct,158,36,889.0,111.0,889.0,111.0,111.0,0.0,37.0,28.0,7.10043471642204,216.0,27.0,858.0,36.0,858.0,111.0,111.0,0.0,0.0,31,0,True,False,3,0,False,False
b11_partial,direct,159,30,916.0,84.0,916.0,84.0,84.0,0.0,31.0,24.0,6.291766111927467,189.0,23.0,907.0,30.0,907.0,84.0,84.0,0.0,0.0,9,0,True,True,10,50,False,False
b11_partial,direct,160,32,902.0,98.0,902.0,98.0,98.0,0.0,33.0,28.0,5.997265105587464,206.0,27.0,886.0,32.0,886.0,98.0,98.0,0.0,0.0,16,0,True,True,8,4,False,False
b11_partial,direct,161,35,892.0,108.0,892.0,108.0,108.0,0.0,36.0,29.0,6.511580404268398,218.0,28.0,889.0,35.0,889.0,108.0,108.0,0.0,0.0,3,0,True,False,2,0,False,False
b11_partial,direct,162,39,879.0,121.0,879.0,121.0,121.0,0.0,40.0,31.0,7.698627208580489,221.0,30.0,854.0,39.0,854.0,121.0,121.0,0.0,0.0,25,0,True,False,1,0,False,False
b11_partial,direct,163,35,882.0,118.0,882.0,118.0,118.0,0.0,36.0,31.0,7.201505704251541,207.0,31.0,882.0,35.0,875.0,116.0,116.0,0.0,0.0,7,2,False,True,5,11,False,False
b11_partial,direct,164,23,926.0,74.0,926.0,74.0,74.0,0.0,24.0,19.0,4.773282380005126,157.0,18.0,828.0,23.0,828.0,74.0,74.0,0.0,0.0,98,0,True,True,10,278,False,False
b11_partial,direct,165,21,942.0,58.0,942.0,58.0,58.0,0.0,22.0,18.0,4.285150897033728,141.0,17.0,747.0,21.0,747.0,58.0,58.0,0.0,0.0,195,0,True,True,10,116,False,False
b11_partial,direct,166,40,881.0,119.0,881.0,119.0,119.0,0.0,41.0,28.0,7.994500264256481,197.0,27.0,879.0,40.0,879.0,119.0,119.0,0.0,0.0,2,0,True,True,7,23,False,False
b11_partial,direct,167,43,877.0,123.0,877.0,123.0,123.0,0.0,44.0,35.0,8.763057013859063,247.0,34.0,875.0,43.0,875.0,123.0,123.0,0.0,0.0,2,0,True,True,10,28,False,False
b11_partial,direct,168,54,839.0,161.0,839.0,161.0,161.0,0.0,55.0,43.0,11.323520529441756,285.0,42.0,837.0,54.0,837.0,161.0,161.0,0.0,0.0,2,0,True,False,2,0,False,False
b11_partial,direct,169,46,868.0,132.0,868.0,132.0,132.0,0.0,47.0,33.0,9.228785884510447,221.0,32.0,759.0,46.0,759.0,132.0,132.0,0.0,0.0,109,0,True,True,6,19,False,False
b11_partial,direct,170,31,906.0,94.0,906.0,94.0,94.0,0.0,32.0,29.0,6.027389694065053,204.0,28.0,902.0,31.0,902.0,94.0,94.0,0.0,0.0,4,0,True,True,8,131,False,False
b11_partial,direct,171,43,871.0,129.0,871.0,129.0,129.0,0.0,44.0,35.0,8.657643059093807,241.0,34.0,842.0,43.0,842.0,129.0,129.0,0.0,0.0,29,0,True,True,7,8,False,False
b11_partial,direct,172,33,894.0,106.0,894.0,106.0,106.0,0.0,34.0,28.0,7.213150878754471,197.0,27.0,864.0,33.0,864.0,106.0,106.0,0.0,0.0,30,0,True,False,2,0,False,False
b11_partial,direct,173,37,891.0,109.0,891.0,109.0,109.0,0.0,38.0,30.0,6.913043141966188,241.0,29.0,858.0,37.0,858.0,109.0,109.0,0.0,0.0,33,0,True,True,6,6,False,False
b11_partial,direct,174,38,887.0,113.0,887.0,113.0,113.0,0.0,39.0,28.0,7.429033500463187,207.0,27.0,853.0,38.0,853.0,113.0,113.0,0.0,0.0,34,0,True,True,10,73,False,False
b11_partial,direct,175,29,913.0,87.0,913.0,87.0,87.0,0.0,30.0,23.0,5.685804552172277,182.0,22.0,908.0,29.0,908.0,87.0,87.0,0.0,0.0,5,0,True,True,9,60,False,False
b11_partial,direct,176,24,932.0,68.0,932.0,68.0,68.0,0.0,25.0,20.0,4.977781762722532,141.0,19.0,740.0,24.0,740.0,68.0,68.0,0.0,0.0,192,0,True,False,1,0,False,False
b11_partial,direct,177,32,906.0,94.0,906.0,94.0,94.0,0.0,33.0,23.0,5.62797482974771,193.0,22.0,890.0,32.0,890.0,94.0,94.0,0.0,0.0,16,0,True,False,2,0,False,False
b11_partial,direct,178,41,868.0,132.0,868.0,132.0,132.0,0.0,42.0,33.0,9.339806133936662,224.0,32.0,824.0,41.0,824.0,132.0,132.0,0.0,0.0,44,0,True,True,9,5,False,False
b11_partial,direct,179,43,866.0,134.0,866.0,134.0,134.0,0.0,44.0,29.0,8.567782857005518,218.0,28.0,859.0,43.0,859.0,134.0,134.0,0.0,0.0,7,0,True,True,7,33,False,False
b11_partial,direct,180,24,928.0,72.0,928.0,72.0,72.0,0.0,25.0,19.0,4.45194079012816,148.0,18.0,903.0,24.0,903.0,72.0,72.0,0.0,0.0,25,0,True,True,9,37,False,False
b11_partial,direct,181,48,861.0,139.0,861.0,139.0,139.0,0.0,49.0,38.0,9.94544724870912,263.0,37.0,854.0,48.0,854.0,139.0,139.0,0.0,0.0,7,0,True,False,3,0,False,False
b11_partial,direct,182,34,897.0,103.0,897.0,103.0,103.0,0.0,35.0,32.0,6.645691606412914,222.0,31.0,892.0,34.0,892.0,103.0,103.0,0.0,0.0,5,0,True,True,8,99,False,False
b11_partial,direct,183,39,873.0,127.0,873.0,127.0,127.0,0.0,39.0,30.0,7.423095041759092,200.0,30.0,873.0,39.0,873.0,127.0,127.0,0.0,0.0,0,0,False,True,7,57,False,False
b11_partial,direct,184,20,942.0,58.0,942.0,58.0,58.0,0.0,21.0,20.0,4.0077012124000895,136.0,19.0,931.0,20.0,931.0,58.0,58.0,0.0,0.0,11,0,True,True,10,199,False,False
b11_partial,direct,185,27,918.0,82.0,918.0,82.0,82.0,0.0,28.0,22.0,5.504284834550689,172.0,21.0,767.0,27.0,767.0,82.0,82.0,0.0,0.0,151,0,True,True,8,56,False,False
b11_partial,direct,186,43,882.0,118.0,882.0,118.0,118.0,0.0,44.0,35.0,8.168460569882836,252.0,34.0,850.0,43.0,850.0,118.0,118.0,0.0,0.0,32,0,True,True,9,14,False,False
b11_partial,direct,187,36,889.0,111.0,889.0,111.0,111.0,0.0,37.0,29.0,7.516899060357869,200.0,28.0,850.0,36.0,850.0,111.0,111.0,0.0,0.0,39,0,True,False,3,0,False,False
b11_partial,direct,188,45,862.0,138.0,862.0,138.0,138.0,0.0,46.0,37.0,9.321834331808471,275.0,36.0,846.0,45.0,846.0,138.0,138.0,0.0,0.0,16,0,True,False,2,0,False,False
b11_partial,direct,189,34,893.0,107.0,893.0,107.0,107.0,0.0,35.0,25.0,6.707833205750931,201.0,24.0,878.0,34.0,878.0,107.0,107.0,0.0,0.0,15,0,True,False,3,0,False,False
b11_partial,direct,190,36,892.0,108.0,892.0,108.0,108.0,0.0,37.0,32.0,7.771554836600216,210.0,31.0,864.0,36.0,864.0,108.0,108.0,0.0,0.0,28,0,True,True,7,26,False,False
b11_partial,direct,191,27,913.0,87.0,913.0,87.0,87.0,0.0,28.0,26.0,5.342790558827643,187.0,25.0,903.0,27.0,903.0,87.0,87.0,0.0,0.0,10,0,True,True,4,20,False,False
b11_partial,direct,192,38,890.0,110.0,890.0,110.0,110.0,0.0,39.0,30.0,7.944221355480452,205.0,29.0,880.0,38.0,880.0,110.0,110.0,0.0,0.0,10,0,True,True,7,55,False,False
b11_partial,direct,193,48,862.0,138.0,862.0,138.0,138.0,0.0,49.0,33.0,9.036357962152955,257.0,32.0,860.0,48.0,860.0,138.0,138.0,0.0,0.0,2,0,True,False,3,0,False,False
b11_partial,direct,194,33,904.0,96.0,904.0,96.0,96.0,0.0,34.0,27.0,7.334941125961597,170.0,26.0,882.0,33.0,882.0,96.0,96.0,0.0,0.0,22,0,True,False,2,0,False,False
b11_partial,direct,195,24,930.0,70.0,930.0,70.0,70.0,0.0,24.0,19.0,4.470058768899953,131.0,19.0,930.0,24.0,930.0,70.0,70.0,0.0,0.0,0,0,False,True,4,49,False,False
b11_partial,direct,196,38,882.0,118.0,882.0,118.0,118.0,0.0,39.0,31.0,7.871555088640067,200.0,31.0,882.0,38.0,882.0,115.0,115.0,0.0,0.0,0,3,False,True,8,16,False,False
b11_partial,direct,197,16,948.0,52.0,948.0,52.0,52.0,0.0,17.0,17.0,2.613191044263692,158.0,16.0,936.0,16.0,936.0,52.0,52.0,0.0,0.0,12,0,True,True,3,1,False,False
b11_partial,direct,198,19,944.0,56.0,944.0,56.0,56.0,0.0,20.0,16.0,3.6364550368302204,119.0,15.0,921.0,19.0,921.0,56.0,56.0,0.0,0.0,23,0,True,False,3,0,False,False
b11_partial,direct,199,45,869.0,131.0,869.0,131.0,131.0,0.0,46.0,32.0,9.502951029050774,219.0,31.0,855.0,45.0,855.0,131.0,131.0,0.0,0.0,14,0,True,True,6,15,False,False
b11_partial,direct,200,33,897.0,103.0,897.0,103.0,103.0,0.0,34.0,31.0,6.630106412812202,225.0,30.0,870.0,33.0,870.0,103.0,103.0,0.0,0.0,27,0,True,True,5,1,False,False
b11_partial,direct,201,26,925.0,75.0,925.0,75.0,75.0,0.0,27.0,22.0,5.142447099025682,149.0,21.0,908.0,26.0,908.0,75.0,75.0,0.0,0.0,17,0,True,False,2,0,False,False
b11_partial,direct,202,36,885.0,115.0,885.0,115.0,115.0,0.0,37.0,33.0,7.39098497031666,217.0,32.0,874.0,36.0,874.0,115.0,115.0,0.0,0.0,11,0,True,True,11,30,False,False
b11_partial,direct,203,24,930.0,70.0,930.0,70.0,70.0,0.0,25.0,23.0,4.682520714230213,174.0,22.0,896.0,24.0,896.0,70.0,70.0,0.0,0.0,34,0,True,True,7,39,False,False
b11_partial,direct,204,45,869.0,131.0,869.0,131.0,131.0,0.0,46.0,38.0,9.362707175364609,255.0,37.0,863.0,45.0,863.0,131.0,131.0,0.0,0.0,6,0,True,True,6,13,False,False
b11_partial,direct,205,32,917.0,83.0,917.0,83.0,83.0,0.0,33.0,27.0,6.357690970317831,199.0,26.0,891.0,32.0,891.0,83.0,83.0,0.0,0.0,26,0,True,False,1,0,False,False
b11_partial,direct,206,41,876.0,124.0,876.0,124.0,124.0,0.0,42.0,30.0,7.622539779994035,210.0,29.0,866.0,41.0,866.0,124.0,124.0,0.0,0.0,10,0,True,True,8,159,False,False
b11_partial,direct,207,36,890.0,110.0,890.0,110.0,110.0,0.0,37.0,29.0,6.823941901781028,214.0,28.0,888.0,36.0,888.0,110.0,110.0,0.0,0.0,2,0,True,True,4,1,False,False
b11_partial,direct,208,33,901.0,99.0,901.0,99.0,99.0,0.0,34.0,25.0,6.592304147382473,164.0,24.0,898.0,33.0,898.0,99.0,99.0,0.0,0.0,3,0,True,False,2,0,False,False
b11_partial,direct,209,36,891.0,109.0,891.0,109.0,109.0,0.0,37.0,30.0,7.162560095169476,201.0,29.0,884.0,36.0,884.0,109.0,109.0,0.0,0.0,7,0,True,True,8,30,False,False
b11_partial,direct,210,34,903.0,97.0,903.0,97.0,97.0,0.0,35.0,27.0,6.73331926996026,189.0,26.0,895.0,34.0,895.0,97.0,97.0,0.0,0.0,8,0,True,True,4,1,False,False
b11_partial,direct,211,36,898.0,102.0,898.0,102.0,102.0,0.0,37.0,27.0,7.3957889979376,188.0,26.0,889.0,36.0,889.0,102.0,102.0,0.0,0.0,9,0,True,True,9,95,False,False
b11_partial,direct,212,44,878.0,122.0,878.0,122.0,122.0,0.0,45.0,37.0,8.622398628272807,263.0,36.0,847.0,44.0,847.0,122.0,122.0,0.0,0.0,31,0,True,True,6,6,False,False
b11_partial,direct,213,35,899.0,101.0,899.0,101.0,101.0,0.0,36.0,32.0,7.324422413881414,221.0,31.0,890.0,35.0,890.0,101.0,101.0,0.0,0.0,9,0,True,True,4,3,False,False
b11_partial,direct,214,29,910.0,90.0,910.0,90.0,90.0,0.0,30.0,22.0,6.165739147793638,154.0,21.0,900.0,29.0,900.0,90.0,90.0,0.0,0.0,10,0,True,True,8,108,False,False
b11_partial,direct,215,25,925.0,75.0,925.0,75.0,75.0,0.0,26.0,25.0,5.234754670501547,184.0,24.0,849.0,25.0,849.0,75.0,75.0,0.0,0.0,76,0,True,True,9,11,False,False
b11_partial,direct,216,41,884.0,116.0,884.0,116.0,116.0,0.0,42.0,35.0,8.592763771023842,228.0,34.0,868.0,41.0,868.0,116.0,116.0,0.0,0.0,16,0,True,False,4,0,False,False
b11_partial,direct,217,36,897.0,103.0,897.0,103.0,103.0,0.0,37.0,30.0,7.393693729106293,200.0,30.0,897.0,36.0,879.0,102.0,102.0,0.0,0.0,18,1,False,True,3,3,False,False
b11_partial,direct,218,39,884.0,116.0,884.0,116.0,116.0,0.0,40.0,32.0,7.836713450763666,253.0,31.0,819.0,39.0,819.0,116.0,116.0,0.0,0.0,65,0,True,False,1,0,False,False
b11_partial,direct,219,39,885.0,115.0,885.0,115.0,115.0,0.0,40.0,31.0,8.024186377504853,222.0,31.0,885.0,39.0,859.0,113.0,113.0,0.0,0.0,26,2,False,True,11,265,False,False
b11_partial,direct,220,35,895.0,105.0,895.0,105.0,105.0,0.0,36.0,30.0,7.493143855327695,197.0,29.0,887.0,35.0,887.0,105.0,105.0,0.0,0.0,8,0,True,True,7,38,False,False
b11_partial,direct,221,43,869.0,131.0,869.0,131.0,131.0,0.0,44.0,36.0,9.06500086818239,250.0,35.0,832.0,43.0,832.0,131.0,131.0,0.0,0.0,37,0,True,True,13,56,False,False
b11_partial,direct,222,28,917.0,83.0,917.0,83.0,83.0,0.0,29.0,23.0,6.017050902045418,161.0,22.0,495.0,28.0,495.0,83.0,83.0,0.0,0.0,422,0,True,True,7,80,False,False
b11_partial,direct,223,28,916.0,84.0,916.0,84.0,84.0,0.0,29.0,19.0,5.965935931935732,127.0,19.0,916.0,28.0,916.0,83.0,83.0,0.0,0.0,0,1,False,True,6,261,False,False
b11_partial,direct,224,31,906.0,94.0,906.0,94.0,94.0,0.0,32.0,27.0,6.101896775596933,190.0,26.0,868.0,31.0,868.0,94.0,94.0,0.0,0.0,38,0,True,False,3,0,False,False
b11_partial,direct,225,34,898.0,102.0,898.0,102.0,102.0,0.0,35.0,26.0,6.8117868517142295,171.0,26.0,898.0,34.0,844.0,100.0,100.0,0.0,0.0,54,2,False,True,6,23,False,False
b11_partial,direct,226,31,909.0,91.0,909.0,91.0,91.0,0.0,32.0,23.0,6.204741517159964,174.0,22.0,904.0,31.0,904.0,91.0,91.0,0.0,0.0,5,0,True,True,4,9,False,False
b11_partial,direct,227,40,875.0,125.0,875.0,125.0,125.0,0.0,41.0,36.0,8.166015749025599,254.0,35.0,773.0,40.0,773.0,125.0,125.0,0.0,0.0,102,0,True,True,4,26,False,False
b11_partial,direct,228,37,887.0,113.0,887.0,113.0,113.0,0.0,38.0,28.0,7.63129606105037,205.0,27.0,879.0,37.0,879.0,113.0,113.0,0.0,0.0,8,0,True,True,7,32,False,False
b11_partial,direct,229,44,863.0,137.0,863.0,137.0,137.0,0.0,45.0,38.0,9.097208589363529,266.0,37.0,835.0,44.0,835.0,137.0,137.0,0.0,0.0,28,0,True,False,1,0,False,False
b11_partial,direct,230,21,932.0,68.0,932.0,68.0,68.0,0.0,22.0,15.0,4.251057061169086,109.0,14.0,752.0,21.0,752.0,68.0,68.0,0.0,0.0,180,0,True,False,3,0,False,False
b11_partial,direct,231,29,909.0,91.0,909.0,91.0,91.0,0.0,30.0,26.0,5.678758286212849,208.0,25.0,848.0,29.0,848.0,91.0,91.0,0.0,0.0,61,0,True,True,4,1,False,False
b11_partial,direct,232,48,856.0,144.0,856.0,144.0,144.0,0.0,49.0,38.0,10.534200580676313,238.0,37.0,852.0,48.0,852.0,144.0,144.0,0.0,0.0,4,0,True,True,4,25,False,False
b11_partial,direct,233,31,917.0,83.0,917.0,83.0,83.0,0.0,32.0,22.0,6.115585357495136,163.0,21.0,848.0,31.0,848.0,83.0,83.0,0.0,0.0,69,0,True,True,7,53,False,False
b11_partial,direct,234,46,868.0,132.0,868.0,132.0,132.0,0.0,47.0,33.0,9.359918039469559,237.0,32.0,849.0,46.0,849.0,132.0,132.0,0.0,0.0,19,0,True,True,8,26,False,False
b11_partial,direct,235,41,883.0,117.0,883.0,117.0,117.0,0.0,42.0,34.0,7.644879371833624,231.0,33.0,880.0,41.0,880.0,117.0,117.0,0.0,0.0,3,0,True,True,5,65,False,False
b11_partial,direct,236,32,900.0,100.0,900.0,100.0,100.0,0.0,33.0,26.0,5.891338579701984,202.0,26.0,900.0,32.0,847.0,97.0,97.0,0.0,0.0,53,3,False,False,1,0,False,False
b11_partial,direct,237,45,862.0,138.0,862.0,138.0,138.0,0.0,46.0,36.0,9.188611468127188,242.0,35.0,783.0,45.0,783.0,138.0,138.0,0.0,0.0,79,0,True,False,1,0,False,False
b11_partial,direct,238,34,894.0,106.0,894.0,106.0,106.0,0.0,35.0,28.0,6.7150534676397475,233.0,28.0,894.0,34.0,894.0,104.0,104.0,0.0,0.0,0,2,False,True,5,65,False,False
b11_partial,direct,239,35,901.0,99.0,901.0,99.0,99.0,0.0,36.0,28.0,6.687239295766686,197.0,27.0,715.0,35.0,715.0,99.0,99.0,0.0,0.0,186,0,True,True,6,32,False,False
b11_partial,direct,240,36,893.0,107.0,893.0,107.0,107.0,0.0,37.0,28.0,7.592633408829542,188.0,27.0,880.0,36.0,880.0,107.0,107.0,0.0,0.0,13,0,True,True,4,15,False,False
b11_partial,direct,241,34,888.0,112.0,888.0,112.0,112.0,0.0,35.0,31.0,6.607657045438322,225.0,30.0,874.0,34.0,874.0,112.0,112.0,0.0,0.0,14,0,True,True,8,22,False,False
b11_partial,direct,242,42,863.0,137.0,863.0,137.0,137.0,0.0,43.0,36.0,8.174492358009546,268.0,35.0,859.0,42.0,859.0,137.0,137.0,0.0,0.0,4,0,True,False,1,0,False,False
b11_partial,direct,243,26,913.0,87.0,913.0,87.0,87.0,0.0,27.0,24.0,4.875825361013458,195.0,23.0,808.0,26.0,808.0,87.0,87.0,0.0,0.0,105,0,True,True,5,156,False,False
b11_partial,direct,244,36,893.0,107.0,893.0,107.0,107.0,0.0,37.0,27.0,7.344978202767755,199.0,26.0,885.0,36.0,885.0,107.0,107.0,0.0,0.0,8,0,True,True,5,8,False,False
b11_partial,direct,245,46,867.0,133.0,867.0,133.0,133.0,0.0,47.0,39.0,9.919374506845042,261.0,38.0,860.0,46.0,860.0,133.0,133.0,0.0,0.0,7,0,True,True,7,90,False,False
b11_partial,direct,246,32,906.0,94.0,906.0,94.0,94.0,0.0,33.0,28.0,6.2699351653941,202.0,27.0,894.0,32.0,894.0,94.0,94.0,0.0,0.0,12,0,True,True,6,11,False,False
b11_partial,direct,247,31,901.0,99.0,901.0,99.0,99.0,0.0,32.0,28.0,5.799033500314061,210.0,27.0,886.0,31.0,886.0,99.0,99.0,0.0,0.0,15,0,True,True,3,3,False,False
b11_partial,direct,248,54,846.0,154.0,846.0,154.0,154.0,0.0,55.0,44.0,10.648001648753864,317.0,43.0,806.0,54.0,806.0,154.0,154.0,0.0,0.0,40,0,True,False,2,0,False,False
b11_partial,direct,249,27,920.0,80.0,920.0,80.0,80.0,0.0,28.0,24.0,5.234264836044468,177.0,23.0,779.0,27.0,779.0,80.0,80.0,0.0,0.0,141,0,True,True,4,4,False,False
b11_partial,direct,250,39,872.0,128.0,872.0,128.0,128.0,0.0,40.0,32.0,7.911934902098459,231.0,32.0,872.0,39.0,871.0,126.0,126.0,0.0,0.0,1,2,False,False,1,0,False,False
b11_partial,direct,251,35,885.0,115.0,885.0,115.0,115.0,0.0,36.0,29.0,6.65676792625513,209.0,29.0,885.0,35.0,864.0,113.0,113.0,0.0,0.0,21,2,False,False,3,0,False,False
b11_partial,direct,252,23,928.0,72.0,928.0,72.0,72.0,0.0,24.0,23.0,4.505823161160028,175.0,23.0,928.0,23.0,918.0,71.0,71.0,0.0,0.0,10,1,False,True,10,116,False,False
b11_partial,direct,253,42,878.0,122.0,878.0,122.0,122.0,0.0,43.0,32.0,8.57263826186296,235.0,31.0,827.0,42.0,827.0,122.0,122.0,0.0,0.0,51,0,True,True,5,5,False,False
b11_partial,direct,254,39,893.0,107.0,893.0,107.0,107.0,0.0,40.0,29.0,8.392985543646258,194.0,28.0,863.0,39.0,863.0,107.0,107.0,0.0,0.0,30,0,True,False,1,0,False,False
b11_partial,direct,255,42,872.0,128.0,872.0,128.0,128.0,0.0,43.0,36.0,8.821886081878757,248.0,35.0,849.0,42.0,849.0,128.0,128.0,0.0,0.0,23,0,True,True,8,110,False,False
b11_partial,direct,256,36,885.0,115.0,885.0,115.0,115.0,0.0,37.0,32.0,6.516498079246684,249.0,31.0,830.0,36.0,830.0,115.0,115.0,0.0,0.0,55,0,True,True,9,45,False,False
b11_partial,direct,257,42,876.0,124.0,876.0,124.0,124.0,0.0,43.0,32.0,8.393564839683977,248.0,31.0,874.0,42.0,874.0,124.0,124.0,0.0,0.0,2,0,True,True,5,17,False,False
b11_partial,direct,258,34,891.0,109.0,891.0,109.0,109.0,0.0,35.0,31.0,6.700933045986876,236.0,30.0,863.0,34.0,863.0,109.0,109.0,0.0,0.0,28,0,True,True,6,26,False,False
b11_partial,direct,259,44,863.0,137.0,863.0,137.0,137.0,0.0,45.0,33.0,9.435400673608441,211.0,32.0,852.0,44.0,852.0,137.0,137.0,0.0,0.0,11,0,True,True,7,37,False,False
b11_partial,direct,260,32,897.0,103.0,897.0,103.0,103.0,0.0,33.0,29.0,6.351369185127771,184.0,28.0,893.0,32.0,893.0,103.0,103.0,0.0,0.0,4,0,True,True,6,183,False,False
b11_partial,direct,261,46,853.0,147.0,853.0,147.0,147.0,0.0,47.0,36.0,9.225633803400987,243.0,36.0,853.0,46.0,853.0,145.0,145.0,0.0,0.0,0,2,False,True,4,3,False,False
b11_partial,direct,262,60,830.0,170.0,830.0,170.0,170.0,0.0,61.0,48.0,12.717439955214939,311.0,48.0,830.0,60.0,827.0,169.0,169.0,0.0,0.0,3,1,False,True,5,8,False,False
b11_partial,direct,263,54,832.0,168.0,832.0,168.0,168.0,0.0,55.0,41.0,10.84000820962222,299.0,40.0,826.0,54.0,826.0,168.0,168.0,0.0,0.0,6,0,True,True,5,10,False,False
b11_partial,direct,264,37,885.0,115.0,885.0,115.0,115.0,0.0,38.0,30.0,7.368543716066331,212.0,29.0,830.0,37.0,830.0,115.0,115.0,0.0,0.0,55,0,True,True,7,9,False,False
b11_partial,direct,265,26,918.0,82.0,918.0,82.0,82.0,0.0,27.0,21.0,5.473012923963065,170.0,20.0,802.0,26.0,802.0,82.0,82.0,0.0,0.0,116,0,True,True,13,129,False,False
b11_partial,direct,266,47,862.0,138.0,862.0,138.0,138.0,0.0,48.0,37.0,9.388428646499918,275.0,36.0,857.0,47.0,857.0,138.0,138.0,0.0,0.0,5,0,True,True,6,13,False,False
b11_partial,direct,267,40,873.0,127.0,873.0,127.0,127.0,0.0,41.0,32.0,7.896861386489134,214.0,31.0,864.0,40.0,864.0,127.0,127.0,0.0,0.0,9,0,True,False,2,0,False,False
b11_partial,direct,268,47,853.0,147.0,853.0,147.0,147.0,0.0,48.0,39.0,9.240034729899682,289.0,38.0,844.0,47.0,844.0,147.0,147.0,0.0,0.0,9,0,True,True,5,24,False,False
b11_partial,direct,269,29,910.0,90.0,910.0,90.0,90.0,0.0,30.0,26.0,5.709028895457903,188.0,25.0,809.0,29.0,809.0,90.0,90.0,0.0,0.0,101,0,True,True,7,164,False,False
b11_partial,direct,270,44,862.0,138.0,862.0,138.0,138.0,0.0,45.0,31.0,8.33559070344163,243.0,30.0,738.0,44.0,738.0,138.0,138.0,0.0,0.0,124,0,True,True,7,3,False,False
b11_partial,direct,271,35,908.0,92.0,908.0,92.0,92.0,0.0,36.0,26.0,7.063735186057075,215.0,25.0,867.0,35.0,867.0,92.0,92.0,0.0,0.0,41,0,True,False,3,0,False,False
b11_partial,direct,272,38,883.0,117.0,883.0,117.0,117.0,0.0,39.0,30.0,7.884689125374827,224.0,29.0,871.0,38.0,871.0,117.0,117.0,0.0,0.0,12,0,True,True,12,51,False,False
b11_partial,direct,273,40,879.0,121.0,879.0,121.0,121.0,0.0,41.0,33.0,7.727513111088071,224.0,32.0,866.0,40.0,866.0,121.0,121.0,0.0,0.0,13,0,True,True,9,77,False,False
b11_partial,direct,274,25,920.0,80.0,920.0,80.0,80.0,0.0,26.0,22.0,4.900883250073027,161.0,21.0,910.0,25.0,910.0,80.0,80.0,0.0,0.0,10,0,True,True,9,43,False,False
b11_partial,direct,275,21,938.0,62.0,938.0,62.0,62.0,0.0,22.0,17.0,4.52552657043435,121.0,16.0,873.0,21.0,873.0,62.0,62.0,0.0,0.0,65,0,True,True,14,370,False,False
b11_partial,direct,276,41,876.0,124.0,876.0,124.0,124.0,0.0,42.0,34.0,8.818127948592881,223.0,33.0,809.0,41.0,809.0,124.0,124.0,0.0,0.0,67,0,True,True,6,60,False,False
b11_partial,direct,277,46,871.0,129.0,871.0,129.0,129.0,0.0,47.0,39.0,9.72571165991689,256.0,38.0,866.0,46.0,866.0,129.0,129.0,0.0,0.0,5,0,True,False,2,0,False,False
b11_partial,direct,278,37,882.0,118.0,882.0,118.0,118.0,0.0,38.0,33.0,7.532007500622688,243.0,32.0,874.0,37.0,874.0,118.0,118.0,0.0,0.0,8,0,True,False,4,0,False,False
b11_partial,direct,279,51,849.0,151.0,849.0,151.0,151.0,0.0,52.0,40.0,10.627297507569912,272.0,39.0,796.0,51.0,796.0,151.0,151.0,0.0,0.0,53,0,True,False,4,0,False,False
b11_partial,direct,280,30,911.0,89.0,911.0,89.0,89.0,0.0,31.0,28.0,6.203437776119196,220.0,27.0,838.0,30.0,838.0,89.0,89.0,0.0,0.0,73,0,True,True,4,1,False,False
b11_partial,direct,281,47,849.0,151.0,849.0,151.0,151.0,0.0,48.0,38.0,9.783018581812652,249.0,37.0,843.0,47.0,843.0,151.0,151.0,0.0,0.0,6,0,True,True,7,41,False,False
b11_partial,direct,282,25,925.0,75.0,925.0,75.0,75.0,0.0,26.0,21.0,4.676195829044252,157.0,20.0,922.0,25.0,922.0,75.0,75.0,0.0,0.0,3,0,True,True,8,256,False,False
b11_partial,direct,283,37,890.0,110.0,890.0,110.0,110.0,0.0,38.0,34.0,6.4924970676976885,262.0,33.0,820.0,37.0,820.0,110.0,110.0,0.0,0.0,70,0,True,True,6,56,False,False
b11_partial,direct,284,58,833.0,167.0,833.0,167.0,167.0,0.0,59.0,41.0,11.597899524582948,281.0,40.0,815.0,58.0,815.0,167.0,167.0,0.0,0.0,18,0,True,False,2,0,False,False
b11_partial,direct,285,32,902.0,98.0,902.0,98.0,98.0,0.0,33.0,26.0,6.485544244715086,169.0,25.0,875.0,32.0,875.0,98.0,98.0,0.0,0.0,27,0,True,True,12,40,False,False
b11_partial,direct,286,48,854.0,146.0,854.0,146.0,146.0,0.0,49.0,44.0,9.712438664294647,316.0,43.0,835.0,48.0,835.0,146.0,146.0,0.0,0.0,19,0,True,True,9,23,False,False
b11_partial,direct,287,43,874.0,126.0,874.0,126.0,126.0,0.0,44.0,33.0,8.834069175685887,245.0,32.0,852.0,43.0,852.0,126.0,126.0,0.0,0.0,22,0,True,True,6,138,False,False
b11_partial,direct,288,35,900.0,100.0,900.0,100.0,100.0,0.0,36.0,29.0,7.0881161962278645,204.0,28.0,890.0,35.0,890.0,100.0,100.0,0.0,0.0,10,0,True,False,2,0,False,False
b11_partial,direct,289,27,918.0,82.0,918.0,82.0,82.0,0.0,28.0,22.0,5.817184926600026,156.0,21.0,912.0,27.0,912.0,82.0,82.0,0.0,0.0,6,0,True,True,8,158,False,False
b11_partial,direct,290,27,913.0,87.0,913.0,87.0,87.0,0.0,28.0,21.0,5.0574502104517665,173.0,20.0,891.0,27.0,891.0,87.0,87.0,0.0,0.0,22,0,True,True,12,111,False,False
b11_partial,direct,291,42,880.0,120.0,880.0,120.0,120.0,0.0,43.0,31.0,8.681963108308679,232.0,30.0,758.0,42.0,758.0,120.0,120.0,0.0,0.0,122,0,True,False,4,0,False,False
b11_partial,direct,292,43,861.0,139.0,861.0,139.0,139.0,0.0,44.0,39.0,8.403589315845496,271.0,38.0,860.0,43.0,860.0,139.0,139.0,0.0,0.0,1,0,True,True,7,3,False,False
b11_partial,direct,293,52,847.0,153.0,847.0,153.0,153.0,0.0,53.0,39.0,11.022888869464182,263.0,38.0,798.0,52.0,798.0,153.0,153.0,0.0,0.0,49,0,True,True,10,70,False,False
b11_partial,direct,294,34,897.0,103.0,897.0,103.0,103.0,0.0,35.0,28.0,7.128092169967879,185.0,27.0,892.0,34.0,892.0,103.0,103.0,0.0,0.0,5,0,True,True,5,44,False,False
b11_partial,direct,295,28,912.0,88.0,912.0,88.0,88.0,0.0,29.0,24.0,5.623096210107628,168.0,23.0,737.0,28.0,737.0,88.0,88.0,0.0,0.0,175,0,True,False,3,0,False,False
b11_partial,direct,296,23,930.0,70.0,930.0,70.0,70.0,0.0,24.0,24.0,4.199352280726386,186.0,23.0,844.0,23.0,844.0,70.0,70.0,0.0,0.0,86,0,True,True,5,3,False,False
b11_partial,direct,297,36,895.0,105.0,895.0,105.0,105.0,0.0,37.0,35.0,6.831949567958759,248.0,34.0,886.0,36.0,886.0,105.0,105.0,0.0,0.0,9,0,True,True,4,10,False,False
b11_partial,direct,298,40,874.0,126.0,874.0,126.0,126.0,0.0,41.0,32.0,7.932774427203803,237.0,31.0,867.0,40.0,867.0,126.0,126.0,0.0,0.0,7,0,True,True,8,46,False,False
b11_partial,direct,299,30,912.0,88.0,912.0,88.0,88.0,0.0,31.0,25.0,6.701260908194977,172.0,24.0,881.0,30.0,881.0,88.0,88.0,0.0,0.0,31,0,True,True,7,10,False,False
b11_partial,direct,300,44,874.0,126.0,874.0,126.0,126.0,0.0,45.0,32.0,9.0255111112486,224.0,31.0,823.0,44.0,823.0,126.0,126.0,0.0,0.0,51,0,True,True,5,7,False,False
b11_partial,direct,301,39,880.0,120.0,880.0,120.0,120.0,0.0,40.0,31.0,7.853949613915205,217.0,30.0,863.0,39.0,863.0,120.0,120.0,0.0,0.0,17,0,True,True,8,28,False,False
b11_partial,direct,302,44,866.0,134.0,866.0,134.0,134.0,0.0,45.0,36.0,8.827961979331462,256.0,36.0,866.0,44.0,858.0,133.0,133.0,0.0,0.0,8,1,False,True,10,154,False,False
b11_partial,direct,303,31,908.0,92.0,908.0,92.0,92.0,0.0,32.0,30.0,6.325522200056403,233.0,29.0,903.0,31.0,903.0,92.0,92.0,0.0,0.0,5,0,True,True,6,14,False,False
b11_partial,direct,304,21,936.0,64.0,936.0,64.0,64.0,0.0,22.0,17.0,4.18221996882422,121.0,16.0,727.0,21.0,727.0,64.0,64.0,0.0,0.0,209,0,True,True,6,36,False,False
b11_partial,direct,305,32,910.0,90.0,910.0,90.0,90.0,0.0,33.0,30.0,6.05611839926637,235.0,30.0,910.0,32.0,873.0,89.0,89.0,0.0,0.0,37,1,False,True,6,2,False,False
b11_partial,direct,306,32,902.0,98.0,902.0,98.0,98.0,0.0,33.0,27.0,7.192860569735769,162.0,26.0,497.0,32.0,497.0,98.0,98.0,0.0,0.0,405,0,True,True,8,12,False,False
b11_partial,direct,307,39,890.0,110.0,890.0,110.0,110.0,0.0,40.0,31.0,8.061809699513997,242.0,30.0,872.0,39.0,872.0,110.0,110.0,0.0,0.0,18,0,True,True,6,2,False,False
b11_partial,direct,308,46,863.0,137.0,863.0,137.0,137.0,0.0,47.0,39.0,9.452087557557224,262.0,38.0,861.0,46.0,861.0,137.0,137.0,0.0,0.0,2,0,True,False,1,0,False,False
b11_partial,direct,309,35,897.0,103.0,897.0,103.0,103.0,0.0,36.0,30.0,6.6901590598630705,240.0,29.0,869.0,35.0,869.0,103.0,103.0,0.0,0.0,28,0,True,False,3,0,False,False
b11_partial,direct,310,37,882.0,118.0,882.0,118.0,118.0,0.0,38.0,29.0,7.314343463812569,221.0,28.0,876.0,37.0,876.0,118.0,118.0,0.0,0.0,6,0,True,True,5,6,False,False
b11_partial,direct,311,45,859.0,141.0,859.0,141.0,141.0,0.0,45.0,38.0,8.967401891526338,248.0,38.0,859.0,45.0,859.0,141.0,141.0,0.0,0.0,0,0,False,True,7,27,False,False
b11_partial,direct,312,30,911.0,89.0,911.0,89.0,89.0,0.0,31.0,26.0,5.7680670317460825,173.0,25.0,882.0,30.0,882.0,89.0,89.0,0.0,0.0,29,0,True,True,3,11,False,False
b11_partial,direct,313,29,914.0,86.0,914.0,86.0,86.0,0.0,29.0,24.0,5.6568030874834925,207.0,24.0,914.0,29.0,914.0,86.0,86.0,0.0,0.0,0,0,False,True,12,194,False,False
b11_partial,direct,314,32,904.0,96.0,904.0,96.0,96.0,0.0,33.0,29.0,6.602803896981299,226.0,28.0,761.0,32.0,761.0,96.0,96.0,0.0,0.0,143,0,True,True,10,66,False,False
b11_partial,direct,315,39,886.0,114.0,886.0,114.0,114.0,0.0,40.0,35.0,7.395313398043955,270.0,34.0,880.0,39.0,880.0,114.0,114.0,0.0,0.0,6,0,True,True,14,135,False,False
b11_partial,direct,316,45,863.0,137.0,863.0,137.0,137.0,0.0,46.0,34.0,9.52190013719894,240.0,33.0,821.0,45.0,821.0,137.0,137.0,0.0,0.0,42,0,True,True,9,17,False,False
b11_partial,direct,317,35,896.0,104.0,896.0,104.0,104.0,0.0,36.0,26.0,7.1754101111010105,157.0,26.0,896.0,35.0,888.0,102.0,102.0,0.0,0.0,8,2,False,True,7,99,False,False
b11_partial,direct,318,30,908.0,92.0,908.0,92.0,92.0,0.0,31.0,28.0,6.210333461082609,208.0,27.0,891.0,30.0,891.0,92.0,92.0,0.0,0.0,17,0,True,True,5,85,False,False
b11_partial,direct,319,34,898.0,102.0,898.0,102.0,102.0,0.0,35.0,28.0,6.558393900984226,218.0,27.0,862.0,34.0,862.0,102.0,102.0,0.0,0.0,36,0,True,True,4,12,False,False
b11_partial,direct,320,48,855.0,145.0,855.0,145.0,145.0,0.0,49.0,37.0,9.142479355296036,276.0,36.0,831.0,48.0,831.0,145.0,145.0,0.0,0.0,24,0,True,True,10,28,False,False
b11_partial,direct,321,44,863.0,137.0,863.0,137.0,137.0,0.0,45.0,38.0,7.925535819098139,304.0,38.0,863.0,44.0,819.0,134.0,134.0,0.0,0.0,44,3,False,True,9,25,False,False
b11_partial,direct,322,33,896.0,104.0,896.0,104.0,104.0,0.0,34.0,28.0,6.214995817253382,209.0,27.0,879.0,33.0,879.0,104.0,104.0,0.0,0.0,17,0,True,True,4,20,False,False
b11_partial,direct,323,34,899.0,101.0,899.0,101.0,101.0,0.0,35.0,25.0,6.701498734039837,192.0,24.0,898.0,34.0,898.0,101.0,101.0,0.0,0.0,1,0,True,True,5,31,False,False
b11_partial,direct,324,43,866.0,134.0,866.0,134.0,134.0,0.0,44.0,36.0,8.838496649117756,237.0,35.0,852.0,43.0,852.0,134.0,134.0,0.0,0.0,14,0,True,False,3,0,False,False
b11_partial,direct,325,29,913.0,87.0,913.0,87.0,87.0,0.0,30.0,26.0,6.005368504357487,195.0,25.0,827.0,29.0,827.0,87.0,87.0,0.0,0.0,86,0,True,True,6,21,False,False
b11_partial,direct,326,35,898.0,102.0,898.0,102.0,102.0,0.0,35.0,26.0,7.039053895915016,188.0,26.0,898.0,35.0,898.0,102.0,102.0,0.0,0.0,0,0,False,True,6,134,False,False
b11_partial,direct,327,23,920.0,80.0,920.0,80.0,80.0,0.0,24.0,22.0,4.634974659154839,144.0,21.0,896.0,23.0,896.0,80.0,80.0,0.0,0.0,24,0,True,False,2,0,False,False
b11_partial,direct,328,49,856.0,144.0,856.0,144.0,144.0,0.0,50.0,42.0,10.335051969853778,274.0,41.0,843.0,49.0,843.0,144.0,144.0,0.0,0.0,13,0,True,True,6,2,False,False
b11_partial,direct,329,23,929.0,71.0,929.0,71.0,71.0,0.0,24.0,18.0,4.364662522580855,133.0,17.0,867.0,23.0,867.0,71.0,71.0,0.0,0.0,62,0,True,False,2,0,False,False
b11_partial,direct,330,37,899.0,101.0,899.0,101.0,101.0,0.0,38.0,28.0,7.377244862529672,188.0,27.0,778.0,37.0,778.0,101.0,101.0,0.0,0.0,121,0,True,True,5,31,False,False
b11_partial,direct,331,28,919.0,81.0,919.0,81.0,81.0,0.0,29.0,19.0,5.144735384325453,151.0,18.0,899.0,28.0,899.0,81.0,81.0,0.0,0.0,20,0,True,False,2,0,False,False
b11_partial,direct,332,41,876.0,124.0,876.0,124.0,124.0,0.0,42.0,34.0,8.560900650745186,252.0,34.0,876.0,41.0,812.0,121.0,121.0,0.0,0.0,64,3,False,True,4,60,False,False
b11_partial,direct,333,28,916.0,84.0,916.0,84.0,84.0,0.0,28.0,24.0,5.353005218201728,169.0,24.0,916.0,28.0,916.0,84.0,84.0,0.0,0.0,0,0,False,True,8,244,False,False
b11_partial,direct,334,40,880.0,120.0,880.0,120.0,120.0,0.0,41.0,35.0,7.74255550403215,255.0,34.0,878.0,40.0,878.0,120.0,120.0,0.0,0.0,2,0,True,False,3,0,False,False
b11_partial,direct,335,51,848.0,152.0,848.0,152.0,152.0,0.0,52.0,42.0,10.485055029832337,279.0,41.0,838.0,51.0,838.0,152.0,152.0,0.0,0.0,10,0,True,False,1,0,False,False
b11_partial,direct,336,44,874.0,126.0,874.0,126.0,126.0,0.0,45.0,34.0,8.989220201911603,255.0,33.0,873.0,44.0,873.0,126.0,126.0,0.0,0.0,1,0,True,True,7,11,False,False
b11_partial,direct,337,43,872.0,128.0,872.0,128.0,128.0,0.0,44.0,34.0,9.220233719655944,227.0,33.0,867.0,43.0,867.0,128.0,128.0,0.0,0.0,5,0,True,True,4,1,False,False
b11_partial,direct,338,31,909.0,91.0,909.0,91.0,91.0,0.0,32.0,26.0,5.698759517324648,201.0,25.0,874.0,31.0,874.0,91.0,91.0,0.0,0.0,35,0,True,True,13,199,False,False
b11_partial,direct,339,27,920.0,80.0,920.0,80.0,80.0,0.0,28.0,24.0,5.083682900070793,194.0,23.0,893.0,27.0,893.0,80.0,80.0,0.0,0.0,27,0,True,True,4,14,False,False
b11_partial,direct,340,20,939.0,61.0,939.0,61.0,61.0,0.0,21.0,19.0,3.9125499583913443,157.0,18.0,923.0,20.0,923.0,61.0,61.0,0.0,0.0,16,0,True,True,9,8,False,False
b11_partial,direct,341,28,922.0,78.0,922.0,78.0,78.0,0.0,29.0,26.0,5.715635910755849,206.0,25.0,755.0,28.0,755.0,78.0,78.0,0.0,0.0,167,0,True,True,9,17,False,False
b11_partial,direct,342,32,900.0,100.0,900.0,100.0,100.0,0.0,33.0,29.0,6.43115507986454,197.0,29.0,900.0,32.0,896.0,98.0,98.0,0.0,0.0,4,2,False,True,6,34,False,False
b11_partial,direct,343,52,854.0,146.0,854.0,146.0,146.0,0.0,53.0,37.0,10.806298393807113,262.0,36.0,853.0,52.0,853.0,146.0,146.0,0.0,0.0,1,0,True,True,10,51,False,False
b11_partial,direct,344,38,879.0,121.0,879.0,121.0,121.0,0.0,39.0,32.0,8.09430274371919,220.0,31.0,878.0,38.0,878.0,121.0,121.0,0.0,0.0,1,0,True,True,6,80,False,False
b11_partial,direct,345,52,846.0,154.0,846.0,154.0,154.0,0.0,53.0,41.0,10.04432700219359,305.0,40.0,814.0,52.0,814.0,154.0,154.0,0.0,0.0,32,0,True,True,4,6,False,False
b11_partial,direct,346,49,850.0,150.0,850.0,150.0,150.0,0.0,50.0,38.0,10.606730282532084,233.0,37.0,783.0,49.0,783.0,150.0,150.0,0.0,0.0,67,0,True,True,6,10,False,False
b11_partial,direct,347,47,862.0,138.0,862.0,138.0,138.0,0.0,48.0,38.0,10.520425721864935,253.0,37.0,851.0,47.0,851.0,138.0,138.0,0.0,0.0,11,0,True,True,6,2,False,False
b11_partial,direct,348,36,890.0,110.0,890.0,110.0,110.0,0.0,37.0,27.0,7.1764198510813175,212.0,26.0,866.0,36.0,866.0,110.0,110.0,0.0,0.0,24,0,True,False,2,0,False,False
b11_partial,direct,349,31,908.0,92.0,908.0,92.0,92.0,0.0,32.0,25.0,6.4907756647629755,166.0,24.0,853.0,31.0,853.0,92.0,92.0,0.0,0.0,55,0,True,True,8,101,False,False
b11_partial,direct,350,28,914.0,86.0,914.0,86.0,86.0,0.0,29.0,24.0,5.484622645777894,177.0,23.0,900.0,28.0,900.0,86.0,86.0,0.0,0.0,14,0,True,True,9,178,False,False
b11_partial,direct,351,30,909.0,91.0,909.0,91.0,91.0,0.0,31.0,25.0,6.182579462917737,186.0,24.0,894.0,30.0,894.0,91.0,91.0,0.0,0.0,15,0,True,True,8,72,False,False
b11_partial,direct,352,38,892.0,108.0,892.0,108.0,108.0,0.0,39.0,31.0,6.946857495357986,243.0,30.0,744.0,38.0,744.0,108.0,108.0,0.0,0.0,148,0,True,True,5,2,False,False
b11_partial,direct,353,32,904.0,96.0,904.0,96.0,96.0,0.0,33.0,27.0,6.839839650290102,191.0,26.0,831.0,32.0,831.0,96.0,96.0,0.0,0.0,73,0,True,True,6,27,False,False
b11_partial,direct,354,26,923.0,77.0,923.0,77.0,77.0,0.0,27.0,25.0,5.432313179387967,178.0,24.0,910.0,26.0,910.0,77.0,77.0,0.0,0.0,13,0,True,True,8,52,False,False
b11_partial,direct,355,46,857.0,143.0,857.0,143.0,143.0,0.0,47.0,37.0,9.470373911554404,259.0,36.0,850.0,46.0,850.0,143.0,143.0,0.0,0.0,7,0,True,True,4,1,False,False
b11_partial,direct,356,27,916.0,84.0,916.0,84.0,84.0,0.0,28.0,25.0,5.367048486789391,184.0,24.0,864.0,27.0,864.0,84.0,84.0,0.0,0.0,52,0,True,False,3,0,False,False
b11_partial,direct,357,37,890.0,110.0,890.0,110.0,110.0,0.0,37.0,31.0,6.7858572848354815,214.0,31.0,890.0,37.0,890.0,110.0,110.0,0.0,0.0,0,0,False,True,6,33,False,False
b11_partial,direct,358,40,883.0,117.0,883.0,117.0,117.0,0.0,41.0,30.0,8.48684123441421,200.0,29.0,865.0,40.0,865.0,117.0,117.0,0.0,0.0,18,0,True,True,6,4,False,False
b11_partial,direct,359,50,844.0,156.0,844.0,156.0,156.0,0.0,51.0,39.0,10.36822029479151,263.0,38.0,818.0,50.0,818.0,156.0,156.0,0.0,0.0,26,0,True,True,5,1,False,False
b11_partial,direct,360,48,862.0,138.0,862.0,138.0,138.0,0.0,49.0,38.0,10.570548727412785,257.0,38.0,862.0,48.0,846.0,136.0,136.0,0.0,0.0,16,2,False,False,3,0,False,False
b11_partial,direct,361,38,888.0,112.0,888.0,112.0,112.0,0.0,39.0,29.0,7.822751464554682,223.0,28.0,850.0,38.0,850.0,112.0,112.0,0.0,0.0,38,0,True,True,5,6,False,False
b11_partial,direct,362,46,860.0,140.0,860.0,140.0,140.0,0.0,47.0,38.0,9.891996518356606,256.0,37.0,791.0,46.0,791.0,140.0,140.0,0.0,0.0,69,0,True,True,4,7,False,False
b11_partial,direct,363,48,862.0,138.0,862.0,138.0,138.0,0.0,49.0,37.0,9.322789856677792,263.0,36.0,847.0,48.0,847.0,138.0,138.0,0.0,0.0,15,0,True,False,1,0,False,False
b11_partial,direct,364,34,897.0,103.0,897.0,103.0,103.0,0.0,35.0,29.0,6.468473032665601,213.0,28.0,875.0,34.0,875.0,103.0,103.0,0.0,0.0,22,0,True,False,2,0,False,False
b11_partial,direct,365,26,927.0,73.0,927.0,73.0,73.0,0.0,27.0,22.0,5.461189580430202,187.0,21.0,882.0,26.0,882.0,73.0,73.0,0.0,0.0,45,0,True,True,8,129,False,False
b11_partial,direct,366,56,846.0,154.0,846.0,154.0,154.0,0.0,57.0,43.0,12.05238216855272,300.0,42.0,839.0,56.0,839.0,154.0,154.0,0.0,0.0,7,0,True,False,1,0,False,False
b11_partial,direct,367,40,883.0,117.0,883.0,117.0,117.0,0.0,41.0,27.0,7.623031350332499,202.0,26.0,865.0,40.0,865.0,117.0,117.0,0.0,0.0,18,0,True,False,3,0,False,False
b11_partial,direct,368,31,908.0,92.0,908.0,92.0,92.0,0.0,32.0,28.0,6.743592458235553,202.0,27.0,871.0,31.0,871.0,92.0,92.0,0.0,0.0,37,0,True,True,5,17,False,False
b11_partial,direct,369,42,877.0,123.0,877.0,123.0,123.0,0.0,43.0,33.0,8.569772182733153,236.0,32.0,867.0,42.0,867.0,123.0,123.0,0.0,0.0,10,0,True,True,5,9,False,False
b11_partial,direct,370,25,930.0,70.0,930.0,70.0,70.0,0.0,26.0,23.0,4.937576364321351,157.0,22.0,910.0,25.0,910.0,70.0,70.0,0.0,0.0,20,0,True,True,3,2,False,False
b11_partial,direct,371,35,897.0,103.0,897.0,103.0,103.0,0.0,36.0,32.0,6.5595576667475965,225.0,31.0,891.0,35.0,891.0,103.0,103.0,0.0,0.0,6,0,True,True,5,31,False,False
b11_partial,direct,372,35,893.0,107.0,893.0,107.0,107.0,0.0,36.0,26.0,6.892072203496019,209.0,25.0,863.0,35.0,863.0,107.0,107.0,0.0,0.0,30,0,True,True,8,118,False,False
b11_partial,direct,373,39,880.0,120.0,880.0,120.0,120.0,0.0,40.0,31.0,7.68955392189768,204.0,30.0,851.0,39.0,851.0,120.0,120.0,0.0,0.0,29,0,True,True,13,77,False,False
b11_partial,direct,374,31,901.0,99.0,901.0,99.0,99.0,0.0,32.0,29.0,6.624533597229208,208.0,28.0,900.0,31.0,900.0,99.0,99.0,0.0,0.0,1,0,True,True,5,3,False,False
b11_partial,direct,375,44,868.0,132.0,868.0,132.0,132.0,0.0,45.0,35.0,8.819665371710318,257.0,34.0,782.0,44.0,782.0,132.0,132.0,0.0,0.0,86,0,True,True,8,64,False,False
b11_partial,direct,376,50,838.0,162.0,838.0,162.0,162.0,0.0,51.0,39.0,10.566915586266342,259.0,39.0,838.0,50.0,816.0,160.0,160.0,0.0,0.0,22,2,False,True,6,6,False,False
b11_partial,direct,377,38,888.0,112.0,888.0,112.0,112.0,0.0,39.0,32.0,7.588506880938813,210.0,31.0,856.0,38.0,856.0,112.0,112.0,0.0,0.0,32,0,True,False,3,0,False,False
b11_partial,direct,378,27,922.0,78.0,922.0,78.0,78.0,0.0,28.0,25.0,5.200112807120055,183.0,24.0,903.0,27.0,903.0,78.0,78.0,0.0,0.0,19,0,True,True,8,167,False,False
b11_partial,direct,379,37,889.0,111.0,889.0,111.0,111.0,0.0,38.0,29.0,8.218175464950953,183.0,28.0,821.0,37.0,821.0,111.0,111.0,0.0,0.0,68,0,True,False,1,0,False,False
b11_partial,direct,380,39,880.0,120.0,880.0,120.0,120.0,0.0,40.0,32.0,7.820446204205302,228.0,31.0,878.0,39.0,878.0,120.0,120.0,0.0,0.0,2,0,True,True,8,81,False,False
b11_partial,direct,381,26,914.0,86.0,914.0,86.0,86.0,0.0,27.0,23.0,5.139369518576896,170.0,22.0,759.0,26.0,759.0,86.0,86.0,0.0,0.0,155,0,True,True,5,1,False,False
b11_partial,direct,382,42,870.0,130.0,870.0,130.0,130.0,0.0,43.0,32.0,8.635857208320619,251.0,31.0,835.0,42.0,835.0,130.0,130.0,0.0,0.0,35,0,True,False,2,0,False,False
b11_partial,direct,383,36,891.0,109.0,891.0,109.0,109.0,0.0,37.0,34.0,7.479089404622765,252.0,33.0,872.0,36.0,872.0,109.0,109.0,0.0,0.0,19,0,True,True,6,29,False,False
b11_partial,direct,384,62,810.0,190.0,810.0,190.0,190.0,0.0,63.0,53.0,12.251404735809663,339.0,52.0,805.0,62.0,805.0,190.0,190.0,0.0,0.0,5,0,True,True,6,4,False,False
b11_partial,direct,385,33,902.0,98.0,902.0,98.0,98.0,0.0,34.0,28.0,5.756437130434264,218.0,27.0,869.0,33.0,869.0,98.0,98.0,0.0,0.0,33,0,True,True,9,43,False,False
b11_partial,direct,386,45,871.0,129.0,871.0,129.0,129.0,0.0,46.0,36.0,9.146424369618341,244.0,35.0,846.0,45.0,846.0,129.0,129.0,0.0,0.0,25,0,True,True,3,1,False,False
b11_partial,direct,387,38,884.0,116.0,884.0,116.0,116.0,0.0,39.0,28.0,7.041010659567332,234.0,27.0,827.0,38.0,827.0,116.0,116.0,0.0,0.0,57,0,True,False,4,0,False,False
b11_partial,direct,388,38,884.0,116.0,884.0,116.0,116.0,0.0,39.0,32.0,7.627087165639587,237.0,31.0,837.0,38.0,837.0,116.0,116.0,0.0,0.0,47,0,True,True,4,2,False,False
b11_partial,direct,389,39,879.0,121.0,879.0,121.0,121.0,0.0,40.0,35.0,7.4089845416471185,246.0,34.0,845.0,39.0,845.0,121.0,121.0,0.0,0.0,34,0,True,True,6,11,False,False
b11_partial,direct,390,29,914.0,86.0,914.0,86.0,86.0,0.0,30.0,27.0,6.195342541983509,203.0,27.0,914.0,29.0,894.0,85.0,85.0,0.0,0.0,20,1,False,False,2,0,False,False
b11_partial,direct,391,34,900.0,100.0,900.0,100.0,100.0,0.0,35.0,32.0,6.884344976044878,223.0,31.0,796.0,34.0,796.0,100.0,100.0,0.0,0.0,104,0,True,True,6,5,False,False
b11_partial,direct,392,44,855.0,145.0,855.0,145.0,145.0,0.0,45.0,39.0,8.31988296192179,279.0,38.0,852.0,44.0,852.0,145.0,145.0,0.0,0.0,3,0,True,True,6,21,False,False
b11_partial,direct,393,28,922.0,78.0,922.0,78.0,78.0,0.0,29.0,21.0,5.6568211404554285,165.0,20.0,845.0,28.0,845.0,78.0,78.0,0.0,0.0,77,0,True,True,9,8,False,False
b11_partial,direct,394,33,904.0,96.0,904.0,96.0,96.0,0.0,34.0,30.0,6.694677093549498,220.0,29.0,863.0,33.0,863.0,96.0,96.0,0.0,0.0,41,0,True,False,4,0,False,False
b11_partial,direct,395,39,882.0,118.0,882.0,118.0,118.0,0.0,40.0,29.0,8.104590448447683,188.0,28.0,802.0,39.0,802.0,118.0,118.0,0.0,0.0,80,0,True,False,2,0,False,False
b11_partial,direct,396,39,878.0,122.0,878.0,122.0,122.0,0.0,40.0,33.0,6.975603840200209,261.0,32.0,871.0,39.0,871.0,122.0,122.0,0.0,0.0,7,0,True,False,1,0,False,False
b11_partial,direct,397,42,877.0,123.0,877.0,123.0,123.0,0.0,43.0,37.0,8.09160654006178,253.0,36.0,800.0,42.0,800.0,123.0,123.0,0.0,0.0,77,0,True,True,4,6,False,False
b11_partial,direct,398,55,837.0,163.0,837.0,163.0,163.0,0.0,56.0,39.0,11.445537897005902,263.0,38.0,815.0,55.0,815.0,163.0,163.0,0.0,0.0,22,0,True,False,3,0,False,False
b11_partial,direct,399,43,873.0,127.0,873.0,127.0,127.0,0.0,44.0,35.0,8.723856923879673,229.0,34.0,803.0,43.0,803.0,127.0,127.0,0.0,0.0,70,0,True,True,8,33,False,False
b11_partial,direct,400,26,926.0,74.0,926.0,74.0,74.0,0.0,27.0,23.0,4.967138658989393,180.0,22.0,771.0,26.0,771.0,74.0,74.0,0.0,0.0,155,0,True,False,1,0,False,False
b11_partial,direct,401,33,897.0,103.0,897.0,103.0,103.0,0.0,34.0,29.0,6.616089277445678,205.0,29.0,897.0,33.0,882.0,102.0,102.0,0.0,0.0,15,1,False,True,4,1,False,False
b11_partial,direct,402,36,889.0,111.0,889.0,111.0,111.0,0.0,37.0,28.0,6.913976926953555,205.0,27.0,844.0,36.0,844.0,111.0,111.0,0.0,0.0,45,0,True,True,13,74,False,False
b11_partial,direct,403,27,923.0,77.0,923.0,77.0,77.0,0.0,28.0,26.0,5.5772553603246955,176.0,25.0,856.0,27.0,856.0,77.0,77.0,0.0,0.0,67,0,True,False,3,0,False,False
b11_partial,direct,404,46,862.0,138.0,862.0,138.0,138.0,0.0,47.0,35.0,9.009143622253704,247.0,34.0,822.0,46.0,822.0,138.0,138.0,0.0,0.0,40,0,True,True,5,1,False,False
b11_partial,direct,405,34,900.0,100.0,900.0,100.0,100.0,0.0,35.0,31.0,6.358076765247552,235.0,30.0,872.0,34.0,872.0,100.0,100.0,0.0,0.0,28,0,True,True,5,11,False,False
b11_partial,direct,406,47,855.0,145.0,855.0,145.0,145.0,0.0,48.0,37.0,10.011674783937615,241.0,36.0,837.0,47.0,837.0,145.0,145.0,0.0,0.0,18,0,True,False,4,0,False,False
b11_partial,direct,407,34,903.0,97.0,903.0,97.0,97.0,0.0,35.0,28.0,6.722275116696735,180.0,27.0,865.0,34.0,865.0,97.0,97.0,0.0,0.0,38,0,True,True,9,38,False,False
b11_partial,direct,408,31,900.0,100.0,900.0,100.0,100.0,0.0,32.0,28.0,6.073535899676424,196.0,27.0,895.0,31.0,895.0,100.0,100.0,0.0,0.0,5,0,True,False,1,0,False,False
b11_partial,direct,409,43,871.0,129.0,871.0,129.0,129.0,0.0,44.0,35.0,8.98067801703223,237.0,34.0,859.0,43.0,859.0,129.0,129.0,0.0,0.0,12,0,True,True,7,4,False,False
b11_partial,direct,410,31,905.0,95.0,905.0,95.0,95.0,0.0,32.0,27.0,5.728465031519098,198.0,26.0,849.0,31.0,849.0,95.0,95.0,0.0,0.0,56,0,True,True,9,37,False,False
b11_partial,direct,411,22,928.0,72.0,928.0,72.0,72.0,0.0,23.0,21.0,4.269060032141767,170.0,20.0,875.0,22.0,875.0,72.0,72.0,0.0,0.0,53,0,True,True,5,43,False,False
b11_partial,direct,412,51,856.0,144.0,856.0,144.0,144.0,0.0,52.0,40.0,9.7112273240413,273.0,39.0,846.0,51.0,846.0,144.0,144.0,0.0,0.0,10,0,True,False,2,0,False,False
b11_partial,direct,413,18,946.0,54.0,946.0,54.0,54.0,0.0,19.0,15.0,3.707240190784697,118.0,14.0,836.0,18.0,836.0,54.0,54.0,0.0,0.0,110,0,True,False,3,0,False,False
b11_partial,direct,414,39,885.0,115.0,885.0,115.0,115.0,0.0,40.0,31.0,8.138278705055793,202.0,30.0,833.0,39.0,833.0,115.0,115.0,0.0,0.0,52,0,True,True,9,43,False,False
b11_partial,direct,415,27,917.0,83.0,917.0,83.0,83.0,0.0,28.0,22.0,5.688240946265757,149.0,21.0,825.0,27.0,825.0,83.0,83.0,0.0,0.0,92,0,True,True,8,24,False,False
b11_partial,direct,416,36,894.0,106.0,894.0,106.0,106.0,0.0,37.0,27.0,6.704684862881009,212.0,26.0,881.0,36.0,881.0,106.0,106.0,0.0,0.0,13,0,True,False,3,0,False,False
b11_partial,direct,417,40,879.0,121.0,879.0,121.0,121.0,0.0,41.0,35.0,7.661266474424047,248.0,34.0,876.0,40.0,876.0,121.0,121.0,0.0,0.0,3,0,True,True,7,15,False,False
b11_partial,direct,418,32,914.0,86.0,914.0,86.0,86.0,0.0,33.0,26.0,6.794272616347479,168.0,25.0,911.0,32.0,911.0,86.0,86.0,0.0,0.0,3,0,True,True,7,193,False,False
b11_partial,direct,419,44,869.0,131.0,869.0,131.0,131.0,0.0,45.0,34.0,9.082378901152568,240.0,33.0,780.0,44.0,780.0,131.0,131.0,0.0,0.0,89,0,True,True,7,112,False,False
b11_partial,direct,420,49,850.0,150.0,850.0,150.0,150.0,0.0,50.0,41.0,10.078207290670315,288.0,40.0,818.0,49.0,818.0,150.0,150.0,0.0,0.0,32,0,True,True,5,11,False,False
b11_partial,direct,421,37,881.0,119.0,881.0,119.0,119.0,0.0,38.0,34.0,7.557844579583397,239.0,33.0,848.0,37.0,848.0,119.0,119.0,0.0,0.0,33,0,True,True,11,181,False,False
b11_partial,direct,422,32,905.0,95.0,905.0,95.0,95.0,0.0,33.0,26.0,6.653245094700493,199.0,25.0,861.0,32.0,861.0,95.0,95.0,0.0,0.0,44,0,True,True,7,29,False,False
b11_partial,direct,423,36,891.0,109.0,891.0,109.0,109.0,0.0,37.0,31.0,6.99876058932612,218.0,30.0,879.0,36.0,879.0,109.0,109.0,0.0,0.0,12,0,True,True,5,31,False,False
b11_partial,direct,424,30,903.0,97.0,903.0,97.0,97.0,0.0,31.0,25.0,6.2004280960407625,173.0,24.0,891.0,30.0,891.0,97.0,97.0,0.0,0.0,12,0,True,True,10,199,False,False
b11_partial,direct,425,23,931.0,69.0,931.0,69.0,69.0,0.0,24.0,19.0,4.567000827506815,147.0,18.0,817.0,23.0,817.0,69.0,69.0,0.0,0.0,114,0,True,True,8,32,False,False
b11_partial,direct,426,33,902.0,98.0,902.0,98.0,98.0,0.0,34.0,28.0,6.885613325716588,192.0,27.0,891.0,33.0,891.0,98.0,98.0,0.0,0.0,11,0,True,False,2,0,False,False
b11_partial,direct,427,48,849.0,151.0,849.0,151.0,151.0,0.0,49.0,40.0,10.444836026822951,264.0,39.0,842.0,48.0,842.0,151.0,151.0,0.0,0.0,7,0,True,True,9,71,False,False
b11_partial,direct,428,30,911.0,89.0,911.0,89.0,89.0,0.0,31.0,27.0,6.37410495866879,179.0,26.0,803.0,30.0,803.0,89.0,89.0,0.0,0.0,108,0,True,True,4,48,False,False
b11_partial,direct,429,37,892.0,108.0,892.0,108.0,108.0,0.0,38.0,30.0,7.808082797673386,180.0,29.0,833.0,37.0,833.0,108.0,108.0,0.0,0.0,59,0,True,True,4,4,False,False
b11_partial,direct,430,31,899.0,101.0,899.0,101.0,101.0,0.0,32.0,26.0,6.197131538610711,190.0,25.0,876.0,31.0,876.0,101.0,101.0,0.0,0.0,23,0,True,True,8,156,False,False
b11_partial,direct,431,45,871.0,129.0,871.0,129.0,129.0,0.0,46.0,38.0,9.105924624449688,282.0,37.0,845.0,45.0,845.0,129.0,129.0,0.0,0.0,26,0,True,True,10,64,False,False
b11_partial,direct,432,46,862.0,138.0,862.0,138.0,138.0,0.0,47.0,40.0,10.1872667618261,256.0,39.0,851.0,46.0,851.0,138.0,138.0,0.0,0.0,11,0,True,True,13,179,False,False
b11_partial,direct,433,34,893.0,107.0,893.0,107.0,107.0,0.0,35.0,32.0,6.735223364736248,241.0,31.0,887.0,34.0,887.0,107.0,107.0,0.0,0.0,6,0,True,False,1,0,False,False
b11_partial,direct,434,31,905.0,95.0,905.0,95.0,95.0,0.0,32.0,24.0,6.281727623102706,182.0,23.0,812.0,31.0,812.0,95.0,95.0,0.0,0.0,93,0,True,True,14,72,False,False
b11_partial,direct,435,41,884.0,116.0,884.0,116.0,116.0,0.0,42.0,32.0,8.813837920817848,215.0,31.0,852.0,41.0,852.0,116.0,116.0,0.0,0.0,32,0,True,False,2,0,False,False
b11_partial,direct,436,34,902.0,98.0,902.0,98.0,98.0,0.0,35.0,30.0,7.184594558823571,196.0,30.0,902.0,34.0,900.0,96.0,96.0,0.0,0.0,2,2,False,True,8,46,False,False
b11_partial,direct,437,47,852.0,148.0,852.0,148.0,148.0,0.0,48.0,39.0,9.445418237174806,281.0,39.0,852.0,47.0,851.0,145.0,145.0,0.0,0.0,1,3,False,True,11,9,False,False
b11_partial,direct,438,42,867.0,133.0,867.0,133.0,133.0,0.0,43.0,36.0,8.99005145831519,239.0,35.0,853.0,42.0,853.0,133.0,133.0,0.0,0.0,14,0,True,False,2,0,False,False
b11_partial,direct,439,19,951.0,49.0,951.0,49.0,49.0,0.0,20.0,16.0,3.7684749342907735,146.0,15.0,854.0,19.0,854.0,49.0,49.0,0.0,0.0,97,0,True,True,10,100,False,False
b11_partial,direct,440,36,896.0,104.0,896.0,104.0,104.0,0.0,37.0,32.0,7.332662008293727,236.0,31.0,882.0,36.0,882.0,104.0,104.0,0.0,0.0,14,0,True,True,8,88,False,False
b11_partial,direct,441,45,868.0,132.0,868.0,132.0,132.0,0.0,46.0,33.0,8.894721886180692,226.0,32.0,864.0,45.0,864.0,132.0,132.0,0.0,0.0,4,0,True,True,5,1,False,False
b11_partial,direct,442,42,865.0,135.0,865.0,135.0,135.0,0.0,43.0,36.0,8.99494278962432,239.0,35.0,817.0,42.0,817.0,135.0,135.0,0.0,0.0,48,0,True,True,7,5,False,False
b11_partial,direct,443,36,898.0,102.0,898.0,102.0,102.0,0.0,37.0,28.0,7.162326941763922,203.0,27.0,896.0,36.0,896.0,102.0,102.0,0.0,0.0,2,0,True,True,4,11,False,False
b11_partial,direct,444,37,889.0,111.0,889.0,111.0,111.0,0.0,38.0,31.0,8.29886211087543,232.0,30.0,758.0,37.0,758.0,111.0,111.0,0.0,0.0,131,0,True,False,1,0,False,False
b11_partial,direct,445,23,925.0,75.0,925.0,75.0,75.0,0.0,24.0,21.0,4.8086612685089865,144.0,20.0,805.0,23.0,805.0,75.0,75.0,0.0,0.0,120,0,True,True,3,10,False,False
b11_partial,direct,446,42,879.0,121.0,879.0,121.0,121.0,0.0,43.0,32.0,8.920849060624501,216.0,32.0,879.0,42.0,844.0,119.0,119.0,0.0,0.0,35,2,False,True,8,20,False,False
b11_partial,direct,447,33,905.0,95.0,905.0,95.0,95.0,0.0,34.0,25.0,6.320020741404588,190.0,24.0,799.0,33.0,799.0,95.0,95.0,0.0,0.0,106,0,True,False,2,0,False,False
b11_partial,direct,448,44,866.0,134.0,866.0,134.0,134.0,0.0,45.0,36.0,9.194774336393019,247.0,35.0,771.0,44.0,771.0,134.0,134.0,0.0,0.0,95,0,True,True,7,65,False,False
b11_partial,direct,449,44,873.0,127.0,873.0,127.0,127.0,0.0,45.0,36.0,9.285518923741924,233.0,35.0,833.0,44.0,833.0,127.0,127.0,0.0,0.0,40,0,True,False,2,0,False,False
b11_partial,direct,450,42,870.0,130.0,870.0,130.0,130.0,0.0,43.0,35.0,8.719375330128667,251.0,34.0,863.0,42.0,863.0,130.0,130.0,0.0,0.0,7,0,True,True,6,45,False,False
b11_partial,direct,451,46,860.0,140.0,860.0,140.0,140.0,0.0,47.0,35.0,9.343161180957116,247.0,34.0,819.0,46.0,819.0,140.0,140.0,0.0,0.0,41,0,True,True,4,11,False,False
b11_partial,direct,452,40,882.0,118.0,882.0,118.0,118.0,0.0,41.0,32.0,8.381475421589988,210.0,32.0,882.0,40.0,880.0,116.0,116.0,0.0,0.0,2,2,False,True,9,18,False,False
b11_partial,direct,453,34,903.0,97.0,903.0,97.0,97.0,0.0,35.0,33.0,6.5909859128026245,246.0,32.0,794.0,34.0,794.0,97.0,97.0,0.0,0.0,109,0,True,True,7,8,False,False
b11_partial,direct,454,39,879.0,121.0,879.0,121.0,121.0,0.0,40.0,33.0,7.656873276621446,231.0,32.0,837.0,39.0,837.0,121.0,121.0,0.0,0.0,42,0,True,True,4,2,False,False
b11_partial,direct,455,41,877.0,123.0,877.0,123.0,123.0,0.0,42.0,31.0,8.685120807647525,239.0,30.0,842.0,41.0,842.0,123.0,123.0,0.0,0.0,35,0,True,True,10,122,False,False
b11_partial,direct,456,46,869.0,131.0,869.0,131.0,131.0,0.0,47.0,34.0,9.934510269354499,230.0,33.0,860.0,46.0,860.0,131.0,131.0,0.0,0.0,9,0,True,True,12,97,False,False
b11_partial,direct,457,47,861.0,139.0,861.0,139.0,139.0,0.0,48.0,41.0,10.220487678496557,258.0,41.0,861.0,47.0,860.0,137.0,137.0,0.0,0.0,1,2,False,True,6,9,False,False
b11_partial,direct,458,16,951.0,49.0,951.0,49.0,49.0,0.0,17.0,15.0,3.4167890083724664,107.0,14.0,682.0,16.0,682.0,49.0,49.0,0.0,0.0,269,0,True,True,5,2,False,False
b11_partial,direct,459,40,886.0,114.0,886.0,114.0,114.0,0.0,41.0,35.0,7.57030564130687,250.0,34.0,795.0,40.0,795.0,114.0,114.0,0.0,0.0,91,0,True,False,2,0,False,False
b11_partial,direct,460,39,887.0,113.0,887.0,113.0,113.0,0.0,40.0,31.0,7.654849999679207,235.0,30.0,886.0,39.0,886.0,113.0,113.0,0.0,0.0,1,0,True,True,6,6,False,False
b11_partial,direct,461,36,893.0,107.0,893.0,107.0,107.0,0.0,37.0,26.0,6.6457839494546525,203.0,25.0,877.0,36.0,877.0,107.0,107.0,0.0,0.0,16,0,True,False,3,0,False,False
b11_partial,direct,462,30,921.0,79.0,921.0,79.0,79.0,0.0,31.0,19.0,5.718201457227151,130.0,18.0,870.0,30.0,870.0,79.0,79.0,0.0,0.0,51,0,True,True,4,4,False,False
b11_partial,direct,463,20,941.0,59.0,941.0,59.0,59.0,0.0,21.0,18.0,4.023945793908136,131.0,17.0,685.0,20.0,685.0,59.0,59.0,0.0,0.0,256,0,True,True,8,70,False,False
b11_partial,direct,464,51,848.0,152.0,848.0,152.0,152.0,0.0,52.0,43.0,10.51564075611507,284.0,42.0,809.0,51.0,809.0,152.0,152.0,0.0,0.0,39,0,True,False,3,0,False,False
b11_partial,direct,465,35,899.0,101.0,899.0,101.0,101.0,0.0,36.0,28.0,7.645119889751412,180.0,27.0,810.0,35.0,810.0,101.0,101.0,0.0,0.0,89,0,True,True,8,49,False,False
b11_partial,direct,466,39,877.0,123.0,877.0,123.0,123.0,0.0,40.0,34.0,7.378524953108012,249.0,33.0,863.0,39.0,863.0,123.0,123.0,0.0,0.0,14,0,True,True,6,6,False,False
b11_partial,direct,467,34,897.0,103.0,897.0,103.0,103.0,0.0,35.0,28.0,6.99470335336963,176.0,27.0,872.0,34.0,872.0,103.0,103.0,0.0,0.0,25,0,True,True,5,117,False,False
b11_partial,direct,468,35,888.0,112.0,888.0,112.0,112.0,0.0,36.0,33.0,6.928743245079457,236.0,32.0,881.0,35.0,881.0,112.0,112.0,0.0,0.0,7,0,True,True,7,26,False,False
b11_partial,direct,469,28,913.0,87.0,913.0,87.0,87.0,0.0,29.0,26.0,5.6982582146682335,183.0,25.0,911.0,28.0,911.0,87.0,87.0,0.0,0.0,2,0,True,True,5,115,False,False
b11_partial,direct,470,41,877.0,123.0,877.0,123.0,123.0,0.0,42.0,28.0,9.15777962074888,180.0,27.0,864.0,41.0,864.0,123.0,123.0,0.0,0.0,13,0,True,True,12,138,False,False
b11_partial,direct,471,41,879.0,121.0,879.0,121.0,121.0,0.0,42.0,30.0,8.926520991292492,191.0,29.0,876.0,41.0,876.0,121.0,121.0,0.0,0.0,3,0,True,True,6,30,False,False
b11_partial,direct,472,32,902.0,98.0,902.0,98.0,98.0,0.0,33.0,26.0,5.9421939755370214,199.0,25.0,846.0,32.0,846.0,98.0,98.0,0.0,0.0,56,0,True,True,7,6,False,False
b11_partial,direct,473,39,878.0,122.0,878.0,122.0,122.0,0.0,40.0,34.0,8.025118514599377,216.0,33.0,870.0,39.0,870.0,122.0,122.0,0.0,0.0,8,0,True,True,9,8,False,False
b11_partial,direct,474,36,889.0,111.0,889.0,111.0,111.0,0.0,37.0,30.0,7.152746441329255,221.0,29.0,854.0,36.0,854.0,111.0,111.0,0.0,0.0,35,0,True,True,5,83,False,False
b11_partial,direct,475,38,875.0,125.0,875.0,125.0,125.0,0.0,39.0,31.0,7.629603101625823,231.0,30.0,864.0,38.0,864.0,125.0,125.0,0.0,0.0,11,0,True,True,7,29,False,False
b11_partial,direct,476,43,862.0,138.0,862.0,138.0,138.0,0.0,44.0,35.0,9.225406180635657,222.0,34.0,859.0,43.0,859.0,138.0,138.0,0.0,0.0,3,0,True,True,4,3,False,False
b11_partial,direct,477,34,892.0,108.0,892.0,108.0,108.0,0.0,35.0,32.0,7.0309281380012445,243.0,31.0,855.0,34.0,855.0,108.0,108.0,0.0,0.0,37,0,True,True,7,47,False,False
b11_partial,direct,478,34,901.0,99.0,901.0,99.0,99.0,0.0,35.0,27.0,6.443457194459526,202.0,26.0,878.0,34.0,878.0,99.0,99.0,0.0,0.0,23,0,True,False,3,0,False,False
b11_partial,direct,479,51,842.0,158.0,842.0,158.0,158.0,0.0,51.0,39.0,10.660335297913203,273.0,39.0,842.0,51.0,842.0,158.0,158.0,0.0,0.0,0,0,False,True,6,101,False,False
b11_partial,direct,480,34,904.0,96.0,904.0,96.0,96.0,0.0,35.0,29.0,7.065413102575127,216.0,28.0,899.0,34.0,899.0,96.0,96.0,0.0,0.0,5,0,True,True,7,201,False,False
b11_partial,direct,481,39,883.0,117.0,883.0,117.0,117.0,0.0,40.0,34.0,7.545154791945485,255.0,33.0,743.0,39.0,743.0,117.0,117.0,0.0,0.0,140,0,True,False,1,0,False,False
b11_partial,direct,482,41,872.0,128.0,872.0,128.0,128.0,0.0,42.0,37.0,8.658259559118042,253.0,36.0,848.0,41.0,848.0,128.0,128.0,0.0,0.0,24,0,True,True,4,5,False,False
b11_partial,direct,483,42,867.0,133.0,867.0,133.0,133.0,0.0,43.0,35.0,8.892368248751968,217.0,34.0,866.0,42.0,866.0,133.0,133.0,0.0,0.0,1,0,True,True,6,11,False,False
b11_partial,direct,484,37,889.0,111.0,889.0,111.0,111.0,0.0,38.0,28.0,8.12009734206986,184.0,28.0,889.0,37.0,887.0,109.0,109.0,0.0,0.0,2,2,False,True,7,155,False,False
b11_partial,direct,485,39,894.0,106.0,894.0,106.0,106.0,0.0,40.0,31.0,7.77901669198661,250.0,30.0,861.0,39.0,861.0,106.0,106.0,0.0,0.0,33,0,True,True,7,84,False,False
b11_partial,direct,486,46,858.0,142.0,858.0,142.0,142.0,0.0,47.0,37.0,9.46832720838598,256.0,36.0,736.0,46.0,736.0,142.0,142.0,0.0,0.0,122,0,True,True,10,23,False,False
b11_partial,direct,487,44,869.0,131.0,869.0,131.0,131.0,0.0,45.0,39.0,9.261162559201203,265.0,38.0,866.0,44.0,866.0,131.0,131.0,0.0,0.0,3,0,True,False,3,0,False,False
b11_partial,direct,488,31,903.0,97.0,903.0,97.0,97.0,0.0,32.0,25.0,6.322045310109111,165.0,24.0,884.0,31.0,884.0,97.0,97.0,0.0,0.0,19,0,True,True,12,104,False,False
b11_partial,direct,489,41,878.0,122.0,878.0,122.0,122.0,0.0,42.0,35.0,8.175239180242889,245.0,34.0,860.0,41.0,860.0,122.0,122.0,0.0,0.0,18,0,True,True,9,101,False,False
b11_partial,direct,490,25,922.0,78.0,922.0,78.0,78.0,0.0,26.0,22.0,5.303170759084074,159.0,21.0,916.0,25.0,916.0,78.0,78.0,0.0,0.0,6,0,True,True,6,205,False,False
b11_partial,direct,491,49,858.0,142.0,858.0,142.0,142.0,0.0,50.0,42.0,10.056863343929164,289.0,41.0,841.0,49.0,841.0,142.0,142.0,0.0,0.0,17,0,True,False,2,0,False,False
b11_partial,direct,492,46,864.0,136.0,864.0,136.0,136.0,0.0,47.0,32.0,9.457053227192167,210.0,31.0,853.0,46.0,853.0,136.0,136.0,0.0,0.0,11,0,True,False,2,0,False,False
b11_partial,direct,493,45,869.0,131.0,869.0,131.0,131.0,0.0,46.0,33.0,8.808728388897846,215.0,32.0,857.0,45.0,857.0,131.0,131.0,0.0,0.0,12,0,True,True,7,137,False,False
b11_partial,direct,494,33,899.0,101.0,899.0,101.0,101.0,0.0,34.0,29.0,5.9129338103740805,237.0,28.0,834.0,33.0,834.0,101.0,101.0,0.0,0.0,65,0,True,True,6,4,False,False
b11_partial,direct,495,39,880.0,120.0,880.0,120.0,120.0,0.0,40.0,38.0,8.79270611125143,251.0,37.0,876.0,39.0,876.0,120.0,120.0,0.0,0.0,4,0,True,True,6,93,False,False
b11_partial,direct,496,36,890.0,110.0,890.0,110.0,110.0,0.0,37.0,29.0,7.332751545123645,208.0,28.0,818.0,36.0,818.0,110.0,110.0,0.0,0.0,72,0,True,True,4,3,False,False
b11_partial,direct,497,32,905.0,95.0,905.0,95.0,95.0,0.0,33.0,26.0,7.46212479416958,161.0,25.0,904.0,32.0,904.0,95.0,95.0,0.0,0.0,1,0,True,True,5,2,False,False
b11_partial,direct,498,24,927.0,73.0,927.0,73.0,73.0,0.0,25.0,21.0,4.6821610657434505,174.0,20.0,923.0,24.0,923.0,73.0,73.0,0.0,0.0,4,0,True,True,7,36,False,False
b11_partial,direct,499,39,886.0,114.0,886.0,114.0,114.0,0.0,40.0,31.0,8.594816632535538,208.0,30.0,857.0,39.0,857.0,114.0,114.0,0.0,0.0,29,0,True,False,1,0,False,False
b11_partial,dqn_2048000,0,16,952.0,48.0,952.0,48.0,48.0,0.0,17.0,12.0,3.876462204141024,93.0,11.0,129.0,16.0,129.0,48.0,48.0,0.0,0.0,823,0,True,False,2,0,False,False
b11_partial,dqn_2048000,1,0,1000.0,0.0,1000.0,0.0,0.0,0.0,1.0,1.0,0.3,6.0,0.0,0.0,0.0,0.0,0.0,0.0,0.0,0.0,1000,0,True,True,6,1000,True,False
b11_partial,dqn_2048000,2,0,1000.0,0.0,1000.0,0.0,0.0,0.0,1.0,1.0,0.2375,5.0,0.0,0.0,0.0,0.0,0.0,0.0,0.0,0.0,1000,0,True,True,5,1000,True,False
b11_partial,dqn_2048000,3,73,787.0,213.0,787.0,213.0,213.0,0.0,74.0,66.0,15.074716898374618,496.0,65.0,781.0,73.0,781.0,213.0,213.0,0.0,0.0,6,0,True,True,6,5,False,False
b11_partial,dqn_2048000,4,1,998.0,2.0,998.0,2.0,2.0,0.0,2.0,2.0,0.4772151898734177,13.0,1.0,4.0,1.0,4.0,2.0,2.0,0.0,0.0,994,0,True,True,6,4,False,False
b11_partial,dqn_2048000,5,1,999.0,1.0,999.0,1.0,1.0,0.0,2.0,1.0,0.40205696202531643,12.0,0.0,0.0,1.0,0.0,1.0,1.0,0.0,0.0,999,0,True,False,1,0,False,False
b11_partial,dqn_2048000,6,0,1000.0,0.0,1000.0,0.0,0.0,0.0,1.0,1.0,0.1375,6.0,0.0,0.0,0.0,0.0,0.0,0.0,0.0,0.0,1000,0,True,True,6,1000,True,False
b11_partial,dqn_2048000,7,0,1000.0,0.0,1000.0,0.0,0.0,0.0,1.0,1.0,0.1375,10.0,0.0,0.0,0.0,0.0,0.0,0.0,0.0,0.0,1000,0,True,True,10,1000,True,False
b11_partial,dqn_2048000,8,0,1000.0,0.0,1000.0,0.0,0.0,0.0,1.0,1.0,0.175,8.0,0.0,0.0,0.0,0.0,0.0,0.0,0.0,0.0,1000,0,True,True,8,1000,True,False
b11_partial,dqn_2048000,9,31,902.0,98.0,902.0,98.0,97.0,0.0,32.0,25.0,6.321732667879709,187.0,24.0,285.0,31.0,285.0,98.0,96.0,2.0,0.0,617,0,True,False,4,0,False,False
b11_partial,dqn_2048000,10,79,724.0,276.0,724.0,276.0,262.0,0.0,80.0,63.0,15.890406165300462,472.0,63.0,724.0,79.0,714.0,274.0,246.0,28.0,0.0,10,2,False,False,2,0,False,False
b11_partial,dqn_2048000,11,0,1000.0,0.0,1000.0,0.0,0.0,0.0,1.0,1.0,0.1875,8.0,0.0,0.0,0.0,0.0,0.0,0.0,0.0,0.0,1000,0,True,True,8,1000,True,False
b11_partial,dqn_2048000,12,66,784.0,216.0,791.0,209.0,201.0,1.0,67.0,56.0,13.6478229675737,393.0,55.0,781.0,66.0,781.0,216.0,196.0,20.0,1.0,3,0,True,True,5,1,False,False
b11_partial,dqn_2048000,13,67,807.0,193.0,807.0,193.0,192.0,0.0,67.0,51.0,13.306621818836048,382.0,51.0,807.0,67.0,807.0,193.0,191.0,2.0,0.0,0,0,False,False,3,0,False,False
b11_partial,dqn_2048000,14,0,1000.0,0.0,1000.0,0.0,0.0,0.0,1.0,1.0,0.1375,10.0,0.0,0.0,0.0,0.0,0.0,0.0,0.0,0.0,1000,0,True,True,10,1000,True,False
b11_partial,dqn_2048000,15,78,752.0,248.0,752.0,248.0,243.0,0.0,79.0,64.0,17.803434376421116,472.0,63.0,748.0,78.0,748.0,248.0,238.0,10.0,0.0,4,0,True,True,4,1,False,False
b11_partial,dqn_2048000,16,74,791.0,209.0,791.0,209.0,208.0,0.0,75.0,58.0,15.959185417462507,415.0,57.0,788.0,74.0,788.0,209.0,207.0,2.0,0.0,3,0,True,False,3,0,False,False
b11_partial,dqn_2048000,17,0,1000.0,0.0,1000.0,0.0,0.0,0.0,1.0,1.0,0.1375,7.0,0.0,0.0,0.0,0.0,0.0,0.0,0.0,0.0,1000,0,True,True,7,1000,True,False
b11_partial,dqn_2048000,18,0,1000.0,0.0,1000.0,0.0,0.0,0.0,1.0,1.0,0.1,7.0,0.0,0.0,0.0,0.0,0.0,0.0,0.0,0.0,1000,0,True,True,7,1000,True,False
b11_partial,dqn_2048000,19,0,1000.0,0.0,1000.0,0.0,0.0,0.0,1.0,1.0,0.2375,7.0,0.0,0.0,0.0,0.0,0.0,0.0,0.0,0.0,1000,0,True,True,7,1000,True,False
b11_partial,dqn_2048000,20,1,996.0,4.0,996.0,4.0,4.0,0.0,2.0,2.0,0.5278481012658227,14.0,1.0,8.0,1.0,8.0,4.0,4.0,0.0,0.0,988,0,True,True,8,8,False,False
b11_partial,dqn_2048000,21,1,998.0,2.0,998.0,2.0,2.0,0.0,2.0,2.0,0.32784810126582276,7.0,1.0,2.0,1.0,2.0,2.0,2.0,0.0,0.0,996,0,True,True,4,2,False,False
b11_partial,dqn_2048000,22,0,1000.0,0.0,1000.0,0.0,0.0,0.0,1.0,1.0,0.2375,12.0,0.0,0.0,0.0,0.0,0.0,0.0,0.0,0.0,1000,0,True,True,12,1000,True,False
b11_partial,dqn_2048000,23,0,1000.0,0.0,1000.0,0.0,0.0,0.0,1.0,1.0,0.175,6.0,0.0,0.0,0.0,0.0,0.0,0.0,0.0,0.0,1000,0,True,True,6,1000,True,False
b11_partial,dqn_2048000,24,0,1000.0,0.0,1000.0,0.0,0.0,0.0,1.0,1.0,0.175,7.0,0.0,0.0,0.0,0.0,0.0,0.0,0.0,0.0,1000,0,True,True,7,1000,True,False
b11_partial,dqn_2048000,25,13,963.0,37.0,963.0,37.0,36.0,0.0,14.0,10.0,2.8381490774800358,63.0,9.0,957.0,13.0,957.0,37.0,35.0,2.0,0.0,6,0,True,True,6,3,False,False
b11_partial,dqn_2048000,26,1,997.0,3.0,997.0,3.0,3.0,0.0,2.0,1.0,0.5911392405063292,6.0,0.0,0.0,1.0,0.0,3.0,3.0,0.0,0.0,997,0,True,False,3,0,False,False
b11_partial,dqn_2048000,27,0,1000.0,0.0,1000.0,0.0,0.0,0.0,1.0,1.0,0.2375,8.0,0.0,0.0,0.0,0.0,0.0,0.0,0.0,0.0,1000,0,True,True,8,1000,True,False
b11_partial,dqn_2048000,28,75,760.0,240.0,760.0,240.0,232.0,0.0,75.0,50.0,14.943563336925324,342.0,50.0,760.0,75.0,760.0,240.0,224.0,16.0,0.0,0,0,False,False,3,0,False,False
b11_partial,dqn_2048000,29,0,1000.0,0.0,1000.0,0.0,0.0,0.0,1.0,1.0,0.3,3.0,0.0,0.0,0.0,0.0,0.0,0.0,0.0,0.0,1000,0,True,True,3,1000,True,False
b11_partial,dqn_2048000,30,18,940.0,60.0,940.0,60.0,60.0,0.0,19.0,17.0,3.3701026170727943,129.0,16.0,230.0,18.0,230.0,60.0,60.0,0.0,0.0,710,0,True,True,7,7,False,False
b11_partial,dqn_2048000,31,50,844.0,156.0,844.0,156.0,153.0,0.0,51.0,42.0,10.213091325607175,317.0,41.0,469.0,50.0,469.0,156.0,150.0,6.0,0.0,375,0,True,True,6,3,False,False
b11_partial,dqn_2048000,32,0,1000.0,0.0,1000.0,0.0,0.0,0.0,1.0,1.0,0.3,10.0,0.0,0.0,0.0,0.0,0.0,0.0,0.0,0.0,1000,0,True,True,10,1000,True,False
b11_partial,dqn_2048000,33,69,788.0,212.0,788.0,212.0,207.0,0.0,70.0,58.0,14.944842426709636,373.0,57.0,785.0,69.0,785.0,212.0,202.0,10.0,0.0,3,0,True,True,8,5,False,False
b11_partial,dqn_2048000,34,30,911.0,89.0,911.0,89.0,89.0,0.0,31.0,24.0,6.116258282498078,165.0,23.0,270.0,30.0,270.0,89.0,89.0,0.0,0.0,641,0,True,True,6,5,False,False
b11_partial,dqn_2048000,35,0,1000.0,0.0,1000.0,0.0,0.0,0.0,1.0,1.0,0.175,10.0,0.0,0.0,0.0,0.0,0.0,0.0,0.0,0.0,1000,0,True,True,10,1000,True,False
b11_partial,dqn_2048000,36,0,1000.0,0.0,1000.0,0.0,0.0,0.0,1.0,1.0,0.3,4.0,0.0,0.0,0.0,0.0,0.0,0.0,0.0,0.0,1000,0,True,True,4,1000,True,False
b11_partial,dqn_2048000,37,0,1000.0,0.0,1000.0,0.0,0.0,0.0,1.0,1.0,0.2375,7.0,0.0,0.0,0.0,0.0,0.0,0.0,0.0,0.0,1000,0,True,True,7,1000,True,False
b11_partial,dqn_2048000,38,0,1000.0,0.0,1000.0,0.0,0.0,0.0,1.0,1.0,0.2375,3.0,0.0,0.0,0.0,0.0,0.0,0.0,0.0,0.0,1000,0,True,True,3,1000,True,False
b11_partial,dqn_2048000,39,0,1000.0,0.0,1000.0,0.0,0.0,0.0,1.0,1.0,0.1375,9.0,0.0,0.0,0.0,0.0,0.0,0.0,0.0,0.0,1000,0,True,True,9,1000,True,False
b11_partial,dqn_2048000,40,0,1000.0,0.0,1000.0,0.0,0.0,0.0,1.0,1.0,0.3,7.0,0.0,0.0,0.0,0.0,0.0,0.0,0.0,0.0,1000,0,True,True,7,1000,True,False
b11_partial,dqn_2048000,41,52,837.0,163.0,837.0,163.0,161.0,0.0,53.0,43.0,10.895008490505528,290.0,42.0,830.0,52.0,830.0,163.0,159.0,4.0,0.0,7,0,True,True,8,7,False,False
b11_partial,dqn_2048000,42,37,879.0,121.0,879.0,121.0,118.0,0.0,38.0,31.0,8.002502890855828,234.0,30.0,537.0,37.0,537.0,121.0,115.0,6.0,0.0,342,0,True,True,4,1,False,False
b11_partial,dqn_2048000,43,0,1000.0,0.0,1000.0,0.0,0.0,0.0,1.0,1.0,0.2375,7.0,0.0,0.0,0.0,0.0,0.0,0.0,0.0,0.0,1000,0,True,True,7,1000,True,False
b11_partial,dqn_2048000,44,1,996.0,4.0,996.0,4.0,4.0,0.0,2.0,2.0,0.40284810126582277,15.0,1.0,6.0,1.0,6.0,4.0,4.0,0.0,0.0,990,0,True,True,8,6,False,False
b11_partial,dqn_2048000,45,0,1000.0,0.0,1000.0,0.0,0.0,0.0,1.0,1.0,0.2375,8.0,0.0,0.0,0.0,0.0,0.0,0.0,0.0,0.0,1000,0,True,True,8,1000,True,False
b11_partial,dqn_2048000,46,0,1000.0,0.0,1000.0,0.0,0.0,0.0,1.0,1.0,0.3,8.0,0.0,0.0,0.0,0.0,0.0,0.0,0.0,0.0,1000,0,True,True,8,1000,True,False
b11_partial,dqn_2048000,47,53,833.0,167.0,833.0,167.0,160.0,0.0,54.0,46.0,10.311426107309742,309.0,45.0,509.0,53.0,509.0,167.0,153.0,14.0,0.0,324,0,True,True,9,6,False,False
b11_partial,dqn_2048000,48,73,785.0,215.0,785.0,215.0,209.0,0.0,74.0,55.0,14.711679340741167,382.0,54.0,604.0,73.0,604.0,215.0,203.0,12.0,0.0,181,0,True,False,1,0,False,False
b11_partial,dqn_2048000,49,1,998.0,2.0,998.0,2.0,2.0,0.0,2.0,1.0,0.40205696202531643,6.0,0.0,0.0,1.0,0.0,2.0,2.0,0.0,0.0,998,0,True,False,2,0,False,False
b11_partial,dqn_2048000,50,1,998.0,2.0,998.0,2.0,2.0,0.0,2.0,2.0,0.3522151898734177,18.0,1.0,4.0,1.0,4.0,2.0,2.0,0.0,0.0,994,0,True,True,6,4,False,False
b11_partial,dqn_2048000,51,27,915.0,85.0,915.0,85.0,82.0,0.0,28.0,21.0,6.076387721996246,142.0,20.0,135.0,27.0,135.0,85.0,79.0,6.0,0.0,780,0,True,True,11,8,False,False
b11_partial,dqn_2048000,52,70,780.0,220.0,780.0,220.0,215.0,0.0,71.0,54.0,14.085449233367012,346.0,53.0,546.0,70.0,546.0,220.0,210.0,10.0,0.0,234,0,True,False,2,0,False,False
b11_partial,dqn_2048000,53,0,1000.0,0.0,1000.0,0.0,0.0,0.0,1.0,1.0,0.175,11.0,0.0,0.0,0.0,0.0,0.0,0.0,0.0,0.0,1000,0,True,True,11,1000,True,False
b11_partial,dqn_2048000,54,0,1000.0,0.0,1000.0,0.0,0.0,0.0,1.0,1.0,0.175,6.0,0.0,0.0,0.0,0.0,0.0,0.0,0.0,0.0,1000,0,True,True,6,1000,True,False
b11_partial,dqn_2048000,55,1,998.0,2.0,998.0,2.0,2.0,0.0,2.0,2.0,0.40284810126582277,15.0,1.0,3.0,1.0,3.0,2.0,2.0,0.0,0.0,995,0,True,True,5,3,False,False
b11_partial,dqn_2048000,56,33,893.0,107.0,893.0,107.0,104.0,0.0,34.0,27.0,6.78200161634812,187.0,27.0,893.0,33.0,750.0,106.0,100.0,6.0,0.0,143,1,False,False,2,0,False,False
b11_partial,dqn_2048000,57,0,1000.0,0.0,1000.0,0.0,0.0,0.0,1.0,1.0,0.3,3.0,0.0,0.0,0.0,0.0,0.0,0.0,0.0,0.0,1000,0,True,True,3,1000,True,False
b11_partial,dqn_2048000,58,0,1000.0,0.0,1000.0,0.0,0.0,0.0,1.0,1.0,0.2375,7.0,0.0,0.0,0.0,0.0,0.0,0.0,0.0,0.0,1000,0,True,True,7,1000,True,False
b11_partial,dqn_2048000,59,48,858.0,142.0,858.0,142.0,142.0,0.0,49.0,39.0,10.695223363270523,311.0,38.0,423.0,48.0,423.0,142.0,142.0,0.0,0.0,435,0,True,False,4,0,False,False
b11_partial,dqn_2048000,60,1,998.0,2.0,998.0,2.0,2.0,0.0,2.0,2.0,0.22658227848101267,26.0,1.0,13.0,1.0,13.0,2.0,2.0,0.0,0.0,985,0,True,True,15,13,False,False
b11_partial,dqn_2048000,61,0,1000.0,0.0,1000.0,0.0,0.0,0.0,1.0,1.0,0.3,5.0,0.0,0.0,0.0,0.0,0.0,0.0,0.0,0.0,1000,0,True,True,5,1000,True,False
b11_partial,dqn_2048000,62,0,1000.0,0.0,1000.0,0.0,0.0,0.0,1.0,1.0,0.3,8.0,0.0,0.0,0.0,0.0,0.0,0.0,0.0,0.0,1000,0,True,True,8,1000,True,False
b11_partial,dqn_2048000,63,0,1000.0,0.0,1000.0,0.0,0.0,0.0,1.0,1.0,0.2375,5.0,0.0,0.0,0.0,0.0,0.0,0.0,0.0,0.0,1000,0,True,True,5,1000,True,False
b11_partial,dqn_2048000,64,0,1000.0,0.0,1000.0,0.0,0.0,0.0,1.0,1.0,0.2375,4.0,0.0,0.0,0.0,0.0,0.0,0.0,0.0,0.0,1000,0,True,True,4,1000,True,False
b11_partial,dqn_2048000,65,0,1000.0,0.0,1000.0,0.0,0.0,0.0,1.0,1.0,0.175,7.0,0.0,0.0,0.0,0.0,0.0,0.0,0.0,0.0,1000,0,True,True,7,1000,True,False
b11_partial,dqn_2048000,66,75,771.0,229.0,771.0,229.0,227.0,0.0,76.0,63.0,16.158938381219805,423.0,63.0,771.0,75.0,757.0,227.0,223.0,4.0,0.0,14,2,False,True,8,5,False,False
b11_partial,dqn_2048000,67,0,1000.0,0.0,1000.0,0.0,0.0,0.0,1.0,1.0,0.1375,9.0,0.0,0.0,0.0,0.0,0.0,0.0,0.0,0.0,1000,0,True,True,9,1000,True,False
b11_partial,dqn_2048000,68,72,779.0,221.0,779.0,221.0,216.0,0.0,73.0,58.0,15.252248141470375,414.0,57.0,774.0,72.0,774.0,221.0,211.0,10.0,0.0,5,0,True,False,3,0,False,False
b11_partial,dqn_2048000,69,0,1000.0,0.0,1000.0,0.0,0.0,0.0,1.0,1.0,0.2375,6.0,0.0,0.0,0.0,0.0,0.0,0.0,0.0,0.0,1000,0,True,True,6,1000,True,False
b11_partial,dqn_2048000,70,0,1000.0,0.0,1000.0,0.0,0.0,0.0,1.0,1.0,0.3,6.0,0.0,0.0,0.0,0.0,0.0,0.0,0.0,0.0,1000,0,True,True,6,1000,True,False
b11_partial,dqn_2048000,71,0,1000.0,0.0,1000.0,0.0,0.0,0.0,1.0,1.0,0.2375,11.0,0.0,0.0,0.0,0.0,0.0,0.0,0.0,0.0,1000,0,True,True,11,1000,True,False
b11_partial,dqn_2048000,72,68,800.0,200.0,800.0,200.0,198.0,0.0,69.0,57.0,14.389455139435631,415.0,56.0,794.0,68.0,794.0,200.0,196.0,4.0,0.0,6,0,True,False,2,0,False,False
b11_partial,dqn_2048000,73,0,1000.0,0.0,1000.0,0.0,0.0,0.0,1.0,1.0,0.3,7.0,0.0,0.0,0.0,0.0,0.0,0.0,0.0,0.0,1000,0,True,True,7,1000,True,False
b11_partial,dqn_2048000,74,0,1000.0,0.0,1000.0,0.0,0.0,0.0,1.0,1.0,0.3,6.0,0.0,0.0,0.0,0.0,0.0,0.0,0.0,0.0,1000,0,True,True,6,1000,True,False
b11_partial,dqn_2048000,75,0,1000.0,0.0,1000.0,0.0,0.0,0.0,1.0,1.0,0.1,13.0,0.0,0.0,0.0,0.0,0.0,0.0,0.0,0.0,1000,0,True,True,13,1000,True,False
b11_partial,dqn_2048000,76,1,998.0,2.0,998.0,2.0,2.0,0.0,2.0,2.0,0.32784810126582276,16.0,1.0,5.0,1.0,5.0,2.0,2.0,0.0,0.0,993,0,True,True,7,5,False,False
b11_partial,dqn_2048000,77,0,1000.0,0.0,1000.0,0.0,0.0,0.0,1.0,1.0,0.3,7.0,0.0,0.0,0.0,0.0,0.0,0.0,0.0,0.0,1000,0,True,True,7,1000,True,False
b11_partial,dqn_2048000,78,0,1000.0,0.0,1000.0,0.0,0.0,0.0,1.0,1.0,0.1375,6.0,0.0,0.0,0.0,0.0,0.0,0.0,0.0,0.0,1000,0,True,True,6,1000,True,False
b11_partial,dqn_2048000,79,94,708.0,292.0,708.0,292.0,287.0,0.0,95.0,70.0,19.149232839537845,531.0,69.0,700.0,94.0,700.0,292.0,282.0,10.0,0.0,8,0,True,True,4,2,False,False
b11_partial,dqn_2048000,80,80,743.0,257.0,743.0,257.0,246.0,0.0,81.0,58.0,15.70803800101208,418.0,57.0,741.0,80.0,741.0,257.0,235.0,22.0,0.0,2,0,True,False,4,0,False,False
b11_partial,dqn_2048000,81,0,1000.0,0.0,1000.0,0.0,0.0,0.0,1.0,1.0,0.175,4.0,0.0,0.0,0.0,0.0,0.0,0.0,0.0,0.0,1000,0,True,True,4,1000,True,False
b11_partial,dqn_2048000,82,0,1000.0,0.0,1000.0,0.0,0.0,0.0,1.0,1.0,0.1,11.0,0.0,0.0,0.0,0.0,0.0,0.0,0.0,0.0,1000,0,True,True,11,1000,True,False
b11_partial,dqn_2048000,83,0,1000.0,0.0,1000.0,0.0,0.0,0.0,1.0,1.0,0.175,4.0,0.0,0.0,0.0,0.0,0.0,0.0,0.0,0.0,1000,0,True,True,4,1000,True,False
b11_partial,dqn_2048000,84,6,982.0,18.0,982.0,18.0,18.0,0.0,7.0,4.0,1.267090182641482,34.0,4.0,982.0,6.0,951.0,17.0,17.0,0.0,0.0,31,1,False,True,6,2,False,False
b11_partial,dqn_2048000,85,60,809.0,191.0,809.0,191.0,190.0,0.0,61.0,53.0,13.10913577285143,361.0,52.0,786.0,60.0,786.0,191.0,189.0,2.0,0.0,23,0,True,True,5,2,False,False
b11_partial,dqn_2048000,86,0,1000.0,0.0,1000.0,0.0,0.0,0.0,1.0,1.0,0.3,8.0,0.0,0.0,0.0,0.0,0.0,0.0,0.0,0.0,1000,0,True,True,8,1000,True,False
b11_partial,dqn_2048000,87,0,1000.0,0.0,1000.0,0.0,0.0,0.0,1.0,1.0,0.2375,4.0,0.0,0.0,0.0,0.0,0.0,0.0,0.0,0.0,1000,0,True,True,4,1000,True,False
b11_partial,dqn_2048000,88,0,1000.0,0.0,1000.0,0.0,0.0,0.0,1.0,1.0,0.2375,8.0,0.0,0.0,0.0,0.0,0.0,0.0,0.0,0.0,1000,0,True,True,8,1000,True,False
b11_partial,dqn_2048000,89,0,1000.0,0.0,1000.0,0.0,0.0,0.0,1.0,1.0,0.1375,11.0,0.0,0.0,0.0,0.0,0.0,0.0,0.0,0.0,1000,0,True,True,11,1000,True,False
b11_partial,dqn_2048000,90,0,1000.0,0.0,1000.0,0.0,0.0,0.0,1.0,1.0,0.1875,8.0,0.0,0.0,0.0,0.0,0.0,0.0,0.0,0.0,1000,0,True,True,8,1000,True,False
b11_partial,dqn_2048000,91,54,834.0,166.0,834.0,166.0,162.0,0.0,55.0,47.0,10.664848529707273,364.0,46.0,823.0,54.0,823.0,166.0,158.0,8.0,0.0,11,0,True,False,3,0,False,False
b11_partial,dqn_2048000,92,0,1000.0,0.0,1000.0,0.0,0.0,0.0,1.0,1.0,0.175,5.0,0.0,0.0,0.0,0.0,0.0,0.0,0.0,0.0,1000,0,True,True,5,1000,True,False
b11_partial,dqn_2048000,93,0,1000.0,0.0,1000.0,0.0,0.0,0.0,1.0,1.0,0.1375,6.0,0.0,0.0,0.0,0.0,0.0,0.0,0.0,0.0,1000,0,True,True,6,1000,True,False
b11_partial,dqn_2048000,94,0,1000.0,0.0,1000.0,0.0,0.0,0.0,1.0,1.0,0.175,8.0,0.0,0.0,0.0,0.0,0.0,0.0,0.0,0.0,1000,0,True,True,8,1000,True,False
b11_partial,dqn_2048000,95,58,819.0,181.0,819.0,181.0,178.0,0.0,59.0,43.0,12.433614833020682,283.0,43.0,819.0,58.0,816.0,179.0,173.0,6.0,0.0,3,2,False,True,5,1,False,False
b11_partial,dqn_2048000,96,0,1000.0,0.0,1000.0,0.0,0.0,0.0,1.0,1.0,0.175,6.0,0.0,0.0,0.0,0.0,0.0,0.0,0.0,0.0,1000,0,True,True,6,1000,True,False
b11_partial,dqn_2048000,97,0,1000.0,0.0,1000.0,0.0,0.0,0.0,1.0,1.0,0.175,7.0,0.0,0.0,0.0,0.0,0.0,0.0,0.0,0.0,1000,0,True,True,7,1000,True,False
b11_partial,dqn_2048000,98,1,998.0,2.0,998.0,2.0,2.0,0.0,2.0,1.0,0.5278481012658227,7.0,0.0,0.0,1.0,0.0,2.0,2.0,0.0,0.0,998,0,True,False,2,0,False,False
b11_partial,dqn_2048000,99,80,763.0,237.0,763.0,237.0,230.0,0.0,81.0,56.0,16.717764642578988,401.0,56.0,763.0,80.0,759.0,236.0,222.0,14.0,0.0,4,1,False,False,3,0,False,False
b11_partial,dqn_2048000,100,0,1000.0,0.0,1000.0,0.0,0.0,0.0,1.0,1.0,0.3,6.0,0.0,0.0,0.0,0.0,0.0,0.0,0.0,0.0,1000,0,True,True,6,1000,True,False
b11_partial,dqn_2048000,101,0,1000.0,0.0,1000.0,0.0,0.0,0.0,1.0,1.0,0.2375,8.0,0.0,0.0,0.0,0.0,0.0,0.0,0.0,0.0,1000,0,True,True,8,1000,True,False
b11_partial,dqn_2048000,102,1,998.0,2.0,998.0,2.0,2.0,0.0,2.0,2.0,0.4286392405063291,11.0,1.0,3.0,1.0,3.0,2.0,2.0,0.0,0.0,995,0,True,True,5,3,False,False
b11_partial,dqn_2048000,103,1,999.0,1.0,999.0,1.0,1.0,0.0,2.0,1.0,0.40205696202531643,7.0,0.0,0.0,1.0,0.0,1.0,1.0,0.0,0.0,999,0,True,False,1,0,False,False
b11_partial,dqn_2048000,104,0,1000.0,0.0,1000.0,0.0,0.0,0.0,1.0,1.0,0.175,6.0,0.0,0.0,0.0,0.0,0.0,0.0,0.0,0.0,1000,0,True,True,6,1000,True,False
b11_partial,dqn_2048000,105,85,734.0,266.0,734.0,266.0,259.0,0.0,86.0,66.0,18.11953760246997,458.0,65.0,721.0,85.0,721.0,266.0,252.0,14.0,0.0,13,0,True,True,9,5,False,False
b11_partial,dqn_2048000,106,91,711.0,289.0,711.0,289.0,286.0,0.0,92.0,76.0,18.902479969009633,519.0,75.0,686.0,91.0,686.0,289.0,283.0,6.0,0.0,25,0,True,False,4,0,False,False
b11_partial,dqn_2048000,107,61,816.0,184.0,816.0,184.0,182.0,0.0,62.0,48.0,11.965668147093377,371.0,47.0,808.0,61.0,808.0,184.0,180.0,4.0,0.0,8,0,True,False,1,0,False,False
b11_partial,dqn_2048000,108,0,1000.0,0.0,1000.0,0.0,0.0,0.0,1.0,1.0,0.3,5.0,0.0,0.0,0.0,0.0,0.0,0.0,0.0,0.0,1000,0,True,True,5,1000,True,False
b11_partial,dqn_2048000,109,11,971.0,29.0,971.0,29.0,29.0,0.0,12.0,8.0,2.198532073250719,56.0,7.0,960.0,11.0,960.0,29.0,29.0,0.0,0.0,11,0,True,False,3,0,False,False
b11_partial,dqn_2048000,110,37,880.0,120.0,880.0,120.0,117.0,0.0,38.0,31.0,7.36893112706532,228.0,30.0,341.0,37.0,341.0,120.0,114.0,6.0,0.0,539,0,True,True,4,1,False,False
b11_partial,dqn_2048000,111,1,997.0,3.0,997.0,3.0,3.0,0.0,2.0,1.0,0.3522151898734177,8.0,0.0,0.0,1.0,0.0,3.0,3.0,0.0,0.0,997,0,True,False,3,0,False,False
b11_partial,dqn_2048000,112,75,788.0,212.0,788.0,212.0,208.0,0.0,76.0,57.0,15.687288350136193,417.0,56.0,787.0,75.0,787.0,212.0,204.0,8.0,0.0,1,0,True,True,10,7,False,False
b11_partial,dqn_2048000,113,0,1000.0,0.0,1000.0,0.0,0.0,0.0,1.0,1.0,0.3,8.0,0.0,0.0,0.0,0.0,0.0,0.0,0.0,0.0,1000,0,True,True,8,1000,True,False
b11_partial,dqn_2048000,114,0,1000.0,0.0,1000.0,0.0,0.0,0.0,1.0,1.0,0.2375,11.0,0.0,0.0,0.0,0.0,0.0,0.0,0.0,0.0,1000,0,True,True,11,1000,True,False
b11_partial,dqn_2048000,115,85,734.0,266.0,734.0,266.0,262.0,0.0,86.0,68.0,17.873137658825534,467.0,68.0,734.0,85.0,732.0,264.0,256.0,8.0,0.0,2,2,False,True,9,7,False,False
b11_partial,dqn_2048000,116,0,1000.0,0.0,1000.0,0.0,0.0,0.0,1.0,1.0,0.175,10.0,0.0,0.0,0.0,0.0,0.0,0.0,0.0,0.0,1000,0,True,True,10,1000,True,False
b11_partial,dqn_2048000,117,47,845.0,155.0,845.0,155.0,151.0,0.0,48.0,42.0,10.08598875508287,288.0,41.0,702.0,47.0,702.0,155.0,147.0,8.0,0.0,143,0,True,False,1,0,False,False
b11_partial,dqn_2048000,118,0,1000.0,0.0,1000.0,0.0,0.0,0.0,1.0,1.0,0.3,5.0,0.0,0.0,0.0,0.0,0.0,0.0,0.0,0.0,1000,0,True,True,5,1000,True,False
b11_partial,dqn_2048000,119,0,1000.0,0.0,1000.0,0.0,0.0,0.0,1.0,1.0,0.2375,7.0,0.0,0.0,0.0,0.0,0.0,0.0,0.0,0.0,1000,0,True,True,7,1000,True,False
b11_partial,dqn_2048000,120,74,779.0,221.0,779.0,221.0,217.0,0.0,75.0,63.0,14.509530176827012,455.0,62.0,767.0,74.0,767.0,221.0,213.0,8.0,0.0,12,0,True,True,5,1,False,False
b11_partial,dqn_2048000,121,69,776.0,224.0,776.0,224.0,218.0,0.0,70.0,60.0,13.94130711221317,428.0,59.0,770.0,69.0,770.0,224.0,212.0,12.0,0.0,6,0,True,True,3,1,False,False
b11_partial,dqn_2048000,122,1,997.0,3.0,997.0,3.0,3.0,0.0,2.0,2.0,0.3886075949367088,24.0,1.0,9.0,1.0,9.0,3.0,3.0,0.0,0.0,988,0,True,True,12,9,False,False
b11_partial,dqn_2048000,123,0,1000.0,0.0,1000.0,0.0,0.0,0.0,1.0,1.0,0.2375,10.0,0.0,0.0,0.0,0.0,0.0,0.0,0.0,0.0,1000,0,True,True,10,1000,True,False
b11_partial,dqn_2048000,124,0,1000.0,0.0,1000.0,0.0,0.0,0.0,1.0,1.0,0.175,10.0,0.0,0.0,0.0,0.0,0.0,0.0,0.0,0.0,1000,0,True,True,10,1000,True,False
b11_partial,dqn_2048000,125,0,1000.0,0.0,1000.0,0.0,0.0,0.0,1.0,1.0,0.175,8.0,0.0,0.0,0.0,0.0,0.0,0.0,0.0,0.0,1000,0,True,True,8,1000,True,False
b11_partial,dqn_2048000,126,63,789.0,211.0,789.0,211.0,203.0,0.0,64.0,53.0,12.763891492962884,365.0,52.0,779.0,63.0,779.0,211.0,195.0,16.0,0.0,10,0,True,True,6,3,False,False
b11_partial,dqn_2048000,127,74,768.0,232.0,768.0,232.0,228.0,0.0,74.0,56.0,15.058717749099701,401.0,56.0,768.0,74.0,768.0,232.0,224.0,8.0,0.0,0,0,False,False,4,0,False,False
b11_partial,dqn_2048000,128,59,816.0,184.0,816.0,184.0,182.0,0.0,60.0,50.0,12.75293889734648,356.0,49.0,810.0,59.0,810.0,184.0,180.0,4.0,0.0,6,0,True,False,3,0,False,False
b11_partial,dqn_2048000,129,3,989.0,11.0,989.0,11.0,10.0,0.0,4.0,4.0,0.5583381808065352,24.0,3.0,7.0,3.0,7.0,11.0,9.0,2.0,0.0,982,0,True,True,8,5,False,False
b11_partial,dqn_2048000,130,0,1000.0,0.0,1000.0,0.0,0.0,0.0,1.0,1.0,0.2375,4.0,0.0,0.0,0.0,0.0,0.0,0.0,0.0,0.0,1000,0,True,True,4,1000,True,False
b11_partial,dqn_2048000,131,56,834.0,166.0,834.0,166.0,165.0,0.0,57.0,49.0,11.4652644273543,377.0,48.0,732.0,56.0,732.0,166.0,164.0,2.0,0.0,102,0,True,True,8,5,False,False
b11_partial,dqn_2048000,132,20,940.0,60.0,940.0,60.0,60.0,0.0,21.0,16.0,4.631509646680894,107.0,15.0,375.0,20.0,375.0,60.0,60.0,0.0,0.0,565,0,True,False,2,0,False,False
b11_partial,dqn_2048000,133,0,1000.0,0.0,1000.0,0.0,0.0,0.0,1.0,1.0,0.1,9.0,0.0,0.0,0.0,0.0,0.0,0.0,0.0,0.0,1000,0,True,True,9,1000,True,False
b11_partial,dqn_2048000,134,0,1000.0,0.0,1000.0,0.0,0.0,0.0,1.0,1.0,0.2375,3.0,0.0,0.0,0.0,0.0,0.0,0.0,0.0,0.0,1000,0,True,True,3,1000,True,False
b11_partial,dqn_2048000,135,14,950.0,50.0,950.0,50.0,50.0,0.0,14.0,10.0,3.0678209395539926,60.0,10.0,950.0,14.0,950.0,50.0,50.0,0.0,0.0,0,0,False,True,5,1,False,False
b11_partial,dqn_2048000,136,0,1000.0,0.0,1000.0,0.0,0.0,0.0,1.0,1.0,0.2375,8.0,0.0,0.0,0.0,0.0,0.0,0.0,0.0,0.0,1000,0,True,True,8,1000,True,False
b11_partial,dqn_2048000,137,0,1000.0,0.0,1000.0,0.0,0.0,0.0,1.0,1.0,0.175,9.0,0.0,0.0,0.0,0.0,0.0,0.0,0.0,0.0,1000,0,True,True,9,1000,True,False
b11_partial,dqn_2048000,138,28,906.0,94.0,906.0,94.0,91.0,0.0,29.0,23.0,6.226625486582558,161.0,22.0,272.0,28.0,272.0,94.0,88.0,6.0,0.0,634,0,True,True,5,3,False,False
b11_partial,dqn_2048000,139,35,893.0,107.0,893.0,107.0,106.0,0.0,36.0,28.0,7.861238251162719,205.0,27.0,242.0,35.0,242.0,107.0,105.0,2.0,0.0,651,0,True,True,10,7,False,False
b11_partial,dqn_2048000,140,19,934.0,66.0,934.0,66.0,61.0,0.0,20.0,14.0,4.468145019421214,91.0,13.0,193.0,19.0,193.0,66.0,56.0,10.0,0.0,741,0,True,False,2,0,False,False
b11_partial,dqn_2048000,141,0,1000.0,0.0,1000.0,0.0,0.0,0.0,1.0,1.0,0.1375,8.0,0.0,0.0,0.0,0.0,0.0,0.0,0.0,0.0,1000,0,True,True,8,1000,True,False
b11_partial,dqn_2048000,142,56,829.0,171.0,829.0,171.0,170.0,0.0,57.0,48.0,11.121021505487098,376.0,47.0,769.0,56.0,769.0,171.0,169.0,2.0,0.0,60,0,True,True,8,7,False,False
b11_partial,dqn_2048000,143,0,1000.0,0.0,1000.0,0.0,0.0,0.0,1.0,1.0,0.3,5.0,0.0,0.0,0.0,0.0,0.0,0.0,0.0,0.0,1000,0,True,True,5,1000,True,False
b11_partial,dqn_2048000,144,0,1000.0,0.0,1000.0,0.0,0.0,0.0,1.0,1.0,0.175,3.0,0.0,0.0,0.0,0.0,0.0,0.0,0.0,0.0,1000,0,True,True,3,1000,True,False
b11_partial,dqn_2048000,145,0,1000.0,0.0,1000.0,0.0,0.0,0.0,1.0,1.0,0.3,5.0,0.0,0.0,0.0,0.0,0.0,0.0,0.0,0.0,1000,0,True,True,5,1000,True,False
b11_partial,dqn_2048000,146,0,1000.0,0.0,1000.0,0.0,0.0,0.0,1.0,1.0,0.175,8.0,0.0,0.0,0.0,0.0,0.0,0.0,0.0,0.0,1000,0,True,True,8,1000,True,False
b11_partial,dqn_2048000,147,0,1000.0,0.0,1000.0,0.0,0.0,0.0,1.0,1.0,0.2375,5.0,0.0,0.0,0.0,0.0,0.0,0.0,0.0,0.0,1000,0,True,True,5,1000,True,False
b11_partial,dqn_2048000,148,0,1000.0,0.0,1000.0,0.0,0.0,0.0,1.0,1.0,0.2375,4.0,0.0,0.0,0.0,0.0,0.0,0.0,0.0,0.0,1000,0,True,True,4,1000,True,False
b11_partial,dqn_2048000,149,16,951.0,49.0,951.0,49.0,49.0,0.0,17.0,17.0,3.272801533885789,120.0,16.0,191.0,16.0,191.0,49.0,49.0,0.0,0.0,760,0,True,True,10,7,False,False
b11_partial,dqn_2048000,150,52,847.0,153.0,847.0,153.0,153.0,0.0,53.0,45.0,11.58169685498573,304.0,44.0,507.0,52.0,507.0,153.0,153.0,0.0,0.0,340,0,True,False,1,0,False,False
b11_partial,dqn_2048000,151,0,1000.0,0.0,1000.0,0.0,0.0,0.0,1.0,1.0,0.2375,11.0,0.0,0.0,0.0,0.0,0.0,0.0,0.0,0.0,1000,0,True,True,11,1000,True,False
b11_partial,dqn_2048000,152,0,1000.0,0.0,1000.0,0.0,0.0,0.0,1.0,1.0,0.2375,6.0,0.0,0.0,0.0,0.0,0.0,0.0,0.0,0.0,1000,0,True,True,6,1000,True,False
b11_partial,dqn_2048000,153,0,1000.0,0.0,1000.0,0.0,0.0,0.0,1.0,1.0,0.2375,4.0,0.0,0.0,0.0,0.0,0.0,0.0,0.0,0.0,1000,0,True,True,4,1000,True,False
b11_partial,dqn_2048000,154,27,926.0,74.0,926.0,74.0,74.0,0.0,28.0,19.0,5.798537621340499,125.0,18.0,401.0,27.0,401.0,74.0,74.0,0.0,0.0,525,0,True,True,3,1,False,False
b11_partial,dqn_2048000,155,0,1000.0,0.0,1000.0,0.0,0.0,0.0,1.0,1.0,0.2375,13.0,0.0,0.0,0.0,0.0,0.0,0.0,0.0,0.0,1000,0,True,True,13,1000,True,False
b11_partial,dqn_2048000,156,14,956.0,44.0,956.0,44.0,44.0,0.0,15.0,12.0,3.012383845313767,94.0,11.0,156.0,14.0,156.0,44.0,44.0,0.0,0.0,800,0,True,False,3,0,False,False
b11_partial,dqn_2048000,157,0,1000.0,0.0,1000.0,0.0,0.0,0.0,1.0,1.0,0.2375,10.0,0.0,0.0,0.0,0.0,0.0,0.0,0.0,0.0,1000,0,True,True,10,1000,True,False
b11_partial,dqn_2048000,158,43,864.0,136.0,864.0,136.0,131.0,0.0,44.0,36.0,9.070386022253004,265.0,35.0,862.0,43.0,862.0,136.0,126.0,10.0,0.0,2,0,True,False,3,0,False,False
b11_partial,dqn_2048000,159,0,1000.0,0.0,1000.0,0.0,0.0,0.0,1.0,1.0,0.1375,10.0,0.0,0.0,0.0,0.0,0.0,0.0,0.0,0.0,1000,0,True,True,10,1000,True,False
b11_partial,dqn_2048000,160,0,1000.0,0.0,1000.0,0.0,0.0,0.0,1.0,1.0,0.2375,8.0,0.0,0.0,0.0,0.0,0.0,0.0,0.0,0.0,1000,0,True,True,8,1000,True,False
b11_partial,dqn_2048000,161,77,753.0,247.0,753.0,247.0,243.0,0.0,78.0,57.0,16.69339084109717,416.0,56.0,643.0,77.0,643.0,247.0,239.0,8.0,0.0,110,0,True,False,2,0,False,False
b11_partial,dqn_2048000,162,93,712.0,288.0,712.0,288.0,281.0,0.0,94.0,72.0,19.850105609818993,499.0,71.0,683.0,93.0,683.0,288.0,274.0,14.0,0.0,29,0,True,False,1,0,False,False
b11_partial,dqn_2048000,163,0,1000.0,0.0,1000.0,0.0,0.0,0.0,1.0,1.0,0.2375,5.0,0.0,0.0,0.0,0.0,0.0,0.0,0.0,0.0,1000,0,True,True,5,1000,True,False
b11_partial,dqn_2048000,164,0,1000.0,0.0,1000.0,0.0,0.0,0.0,1.0,1.0,0.3,10.0,0.0,0.0,0.0,0.0,0.0,0.0,0.0,0.0,1000,0,True,True,10,1000,True,False
b11_partial,dqn_2048000,165,25,920.0,80.0,920.0,80.0,78.0,0.0,26.0,23.0,5.076178286178199,168.0,22.0,263.0,25.0,263.0,80.0,76.0,4.0,0.0,657,0,True,True,10,7,False,False
b11_partial,dqn_2048000,166,43,869.0,131.0,869.0,131.0,130.0,0.0,44.0,38.0,8.861784837163809,269.0,37.0,856.0,43.0,856.0,131.0,129.0,2.0,0.0,13,0,True,True,7,6,False,False
b11_partial,dqn_2048000,167,0,1000.0,0.0,1000.0,0.0,0.0,0.0,1.0,1.0,0.1375,10.0,0.0,0.0,0.0,0.0,0.0,0.0,0.0,0.0,1000,0,True,True,10,1000,True,False
b11_partial,dqn_2048000,168,43,867.0,133.0,867.0,133.0,132.0,0.0,44.0,37.0,8.88024345400573,272.0,36.0,837.0,43.0,837.0,133.0,131.0,2.0,0.0,30,0,True,False,2,0,False,False
b11_partial,dqn_2048000,169,1,998.0,2.0,998.0,2.0,2.0,0.0,2.0,2.0,0.4661392405063291,12.0,1.0,4.0,1.0,4.0,2.0,2.0,0.0,0.0,994,0,True,True,6,4,False,False
b11_partial,dqn_2048000,170,0,1000.0,0.0,1000.0,0.0,0.0,0.0,1.0,1.0,0.175,8.0,0.0,0.0,0.0,0.0,0.0,0.0,0.0,0.0,1000,0,True,True,8,1000,True,False
b11_partial,dqn_2048000,171,0,1000.0,0.0,1000.0,0.0,0.0,0.0,1.0,1.0,0.175,7.0,0.0,0.0,0.0,0.0,0.0,0.0,0.0,0.0,1000,0,True,True,7,1000,True,False
b11_partial,dqn_2048000,172,78,776.0,224.0,776.0,224.0,218.0,0.0,79.0,59.0,16.522818026320056,429.0,58.0,763.0,78.0,763.0,224.0,212.0,12.0,0.0,13,0,True,False,2,0,False,False
b11_partial,dqn_2048000,173,63,792.0,208.0,792.0,208.0,200.0,0.0,64.0,51.0,13.999862078040806,342.0,51.0,792.0,63.0,785.0,207.0,191.0,16.0,0.0,7,1,False,True,6,4,False,False
b11_partial,dqn_2048000,174,0,1000.0,0.0,1000.0,0.0,0.0,0.0,1.0,1.0,0.1,10.0,0.0,0.0,0.0,0.0,0.0,0.0,0.0,0.0,1000,0,True,True,10,1000,True,False
b11_partial,dqn_2048000,175,0,1000.0,0.0,1000.0,0.0,0.0,0.0,1.0,1.0,0.1375,9.0,0.0,0.0,0.0,0.0,0.0,0.0,0.0,0.0,1000,0,True,True,9,1000,True,False
b11_partial,dqn_2048000,176,72,778.0,222.0,778.0,222.0,217.0,0.0,73.0,56.0,14.517299795634917,405.0,55.0,762.0,72.0,762.0,222.0,212.0,10.0,0.0,16,0,True,False,1,0,False,False
b11_partial,dqn_2048000,177,78,764.0,236.0,764.0,236.0,230.0,0.0,79.0,61.0,15.2244640954358,478.0,60.0,735.0,78.0,735.0,236.0,224.0,12.0,0.0,29,0,True,False,2,0,False,False
b11_partial,dqn_2048000,178,44,860.0,140.0,860.0,140.0,134.0,0.0,45.0,36.0,9.880824494517235,238.0,35.0,367.0,44.0,367.0,140.0,128.0,12.0,0.0,493,0,True,True,9,9,False,False
b11_partial,dqn_2048000,179,0,1000.0,0.0,1000.0,0.0,0.0,0.0,1.0,1.0,0.175,7.0,0.0,0.0,0.0,0.0,0.0,0.0,0.0,0.0,1000,0,True,True,7,1000,True,False
b11_partial,dqn_2048000,180,0,1000.0,0.0,1000.0,0.0,0.0,0.0,1.0,1.0,0.175,9.0,0.0,0.0,0.0,0.0,0.0,0.0,0.0,0.0,1000,0,True,True,9,1000,True,False
b11_partial,dqn_2048000,181,80,762.0,238.0,762.0,238.0,233.0,0.0,80.0,59.0,17.094061198591415,424.0,59.0,762.0,80.0,762.0,238.0,228.0,10.0,0.0,0,0,False,False,3,0,False,False
b11_partial,dqn_2048000,182,0,1000.0,0.0,1000.0,0.0,0.0,0.0,1.0,1.0,0.1,8.0,0.0,0.0,0.0,0.0,0.0,0.0,0.0,0.0,1000,0,True,True,8,1000,True,False
b11_partial,dqn_2048000,183,0,1000.0,0.0,1000.0,0.0,0.0,0.0,1.0,1.0,0.2375,7.0,0.0,0.0,0.0,0.0,0.0,0.0,0.0,0.0,1000,0,True,True,7,1000,True,False
b11_partial,dqn_2048000,184,84,736.0,264.0,736.0,264.0,255.0,0.0,85.0,64.0,16.806535554159495,436.0,64.0,736.0,84.0,731.0,262.0,244.0,18.0,0.0,5,2,False,True,10,8,False,False
b11_partial,dqn_2048000,185,73,770.0,230.0,770.0,230.0,220.0,0.0,74.0,57.0,15.662180214312032,388.0,56.0,755.0,73.0,755.0,230.0,210.0,20.0,0.0,15,0,True,True,8,8,False,False
b11_partial,dqn_2048000,186,0,1000.0,0.0,1000.0,0.0,0.0,0.0,1.0,1.0,0.2375,9.0,0.0,0.0,0.0,0.0,0.0,0.0,0.0,0.0,1000,0,True,True,9,1000,True,False
b11_partial,dqn_2048000,187,45,865.0,135.0,865.0,135.0,135.0,0.0,46.0,38.0,9.768050054946535,233.0,37.0,432.0,45.0,432.0,135.0,135.0,0.0,0.0,433,0,True,False,3,0,False,False
b11_partial,dqn_2048000,188,1,998.0,2.0,998.0,2.0,2.0,0.0,2.0,1.0,0.46534810126582277,4.0,0.0,0.0,1.0,0.0,2.0,2.0,0.0,0.0,998,0,True,False,2,0,False,False
b11_partial,dqn_2048000,189,48,857.0,143.0,857.0,143.0,141.0,0.0,49.0,35.0,9.838717371125488,245.0,34.0,855.0,48.0,855.0,143.0,139.0,4.0,0.0,2,0,True,False,3,0,False,False
b11_partial,dqn_2048000,190,0,1000.0,0.0,1000.0,0.0,0.0,0.0,1.0,1.0,0.175,7.0,0.0,0.0,0.0,0.0,0.0,0.0,0.0,0.0,1000,0,True,True,7,1000,True,False
b11_partial,dqn_2048000,191,0,1000.0,0.0,1000.0,0.0,0.0,0.0,1.0,1.0,0.3,4.0,0.0,0.0,0.0,0.0,0.0,0.0,0.0,0.0,1000,0,True,True,4,1000,True,False
b11_partial,dqn_2048000,192,73,768.0,232.0,768.0,232.0,223.0,0.0,74.0,60.0,14.604508420642002,446.0,59.0,766.0,73.0,766.0,232.0,214.0,18.0,0.0,2,0,True,True,7,5,False,False
b11_partial,dqn_2048000,193,75,767.0,233.0,767.0,233.0,224.0,0.0,76.0,59.0,14.219731574319713,468.0,58.0,764.0,75.0,764.0,233.0,215.0,18.0,0.0,3,0,True,False,3,0,False,False
b11_partial,dqn_2048000,194,50,846.0,154.0,846.0,154.0,148.0,0.0,51.0,40.0,10.589265291324683,312.0,39.0,648.0,50.0,648.0,154.0,142.0,12.0,0.0,198,0,True,False,2,0,False,False
b11_partial,dqn_2048000,195,0,1000.0,0.0,1000.0,0.0,0.0,0.0,1.0,1.0,0.3,4.0,0.0,0.0,0.0,0.0,0.0,0.0,0.0,0.0,1000,0,True,True,4,1000,True,False
b11_partial,dqn_2048000,196,0,1000.0,0.0,1000.0,0.0,0.0,0.0,1.0,1.0,0.175,8.0,0.0,0.0,0.0,0.0,0.0,0.0,0.0,0.0,1000,0,True,True,8,1000,True,False
b11_partial,dqn_2048000,197,0,1000.0,0.0,1000.0,0.0,0.0,0.0,1.0,1.0,0.175,3.0,0.0,0.0,0.0,0.0,0.0,0.0,0.0,0.0,1000,0,True,True,3,1000,True,False
b11_partial,dqn_2048000,198,1,997.0,3.0,997.0,3.0,3.0,0.0,2.0,1.0,0.5278481012658227,5.0,0.0,0.0,1.0,0.0,3.0,3.0,0.0,0.0,997,0,True,False,3,0,False,False
b11_partial,dqn_2048000,199,46,868.0,132.0,868.0,132.0,130.0,0.0,47.0,35.0,9.290993160864854,268.0,34.0,425.0,46.0,425.0,132.0,128.0,4.0,0.0,443,0,True,True,6,5,False,False
b11_partial,dqn_2048000,200,67,778.0,222.0,778.0,222.0,215.0,0.0,68.0,51.0,13.081950247189603,400.0,50.0,763.0,67.0,763.0,222.0,208.0,14.0,0.0,15,0,True,True,5,1,False,False
b11_partial,dqn_2048000,201,51,832.0,168.0,832.0,168.0,161.0,0.0,52.0,41.0,10.086092844879568,287.0,40.0,800.0,51.0,800.0,168.0,154.0,14.0,0.0,32,0,True,False,2,0,False,False
b11_partial,dqn_2048000,202,0,1000.0,0.0,1000.0,0.0,0.0,0.0,1.0,1.0,0.1375,11.0,0.0,0.0,0.0,0.0,0.0,0.0,0.0,0.0,1000,0,True,True,11,1000,True,False
b11_partial,dqn_2048000,203,0,1000.0,0.0,1000.0,0.0,0.0,0.0,1.0,1.0,0.3,7.0,0.0,0.0,0.0,0.0,0.0,0.0,0.0,0.0,1000,0,True,True,7,1000,True,False
b11_partial,dqn_2048000,204,1,998.0,2.0,998.0,2.0,2.0,0.0,2.0,2.0,0.46534810126582277,14.0,1.0,4.0,1.0,4.0,2.0,2.0,0.0,0.0,994,0,True,True,6,4,False,False
b11_partial,dqn_2048000,205,19,940.0,60.0,940.0,60.0,60.0,0.0,20.0,17.0,3.4867182365183895,123.0,16.0,455.0,19.0,455.0,60.0,60.0,0.0,0.0,485,0,True,False,1,0,False,False
b11_partial,dqn_2048000,206,1,997.0,3.0,997.0,3.0,3.0,0.0,2.0,2.0,0.36408227848101266,21.0,1.0,5.0,1.0,5.0,3.0,3.0,0.0,0.0,992,0,True,True,8,5,False,False
b11_partial,dqn_2048000,207,0,1000.0,0.0,1000.0,0.0,0.0,0.0,1.0,1.0,0.3,4.0,0.0,0.0,0.0,0.0,0.0,0.0,0.0,0.0,1000,0,True,True,4,1000,True,False
b11_partial,dqn_2048000,208,77,765.0,235.0,765.0,235.0,232.0,0.0,78.0,60.0,16.728244495445477,401.0,59.0,764.0,77.0,764.0,235.0,229.0,6.0,0.0,1,0,True,False,2,0,False,False
b11_partial,dqn_2048000,209,1,996.0,4.0,996.0,4.0,4.0,0.0,2.0,2.0,0.4661392405063291,13.0,1.0,4.0,1.0,4.0,4.0,4.0,0.0,0.0,992,0,True,True,8,4,False,False
b11_partial,dqn_2048000,210,58,814.0,186.0,814.0,186.0,178.0,0.0,59.0,47.0,11.811473043307682,298.0,46.0,791.0,58.0,791.0,186.0,170.0,16.0,0.0,23,0,True,True,4,2,False,False
b11_partial,dqn_2048000,211,0,1000.0,0.0,1000.0,0.0,0.0,0.0,1.0,1.0,0.1875,9.0,0.0,0.0,0.0,0.0,0.0,0.0,0.0,0.0,1000,0,True,True,9,1000,True,False
b11_partial,dqn_2048000,212,73,757.0,243.0,757.0,243.0,234.0,0.0,74.0,59.0,13.35489218884926,467.0,58.0,735.0,73.0,735.0,243.0,225.0,18.0,0.0,22,0,True,True,6,3,False,False
b11_partial,dqn_2048000,213,1,998.0,2.0,998.0,2.0,2.0,0.0,2.0,2.0,0.4147151898734177,13.0,1.0,2.0,1.0,2.0,2.0,2.0,0.0,0.0,996,0,True,True,4,2,False,False
b11_partial,dqn_2048000,214,0,1000.0,0.0,1000.0,0.0,0.0,0.0,1.0,1.0,0.2375,8.0,0.0,0.0,0.0,0.0,0.0,0.0,0.0,0.0,1000,0,True,True,8,1000,True,False
b11_partial,dqn_2048000,215,70,779.0,221.0,779.0,221.0,219.0,0.0,71.0,60.0,14.35843296372063,441.0,59.0,777.0,70.0,777.0,221.0,217.0,4.0,0.0,2,0,True,True,9,8,False,False
b11_partial,dqn_2048000,216,1,996.0,4.0,996.0,4.0,4.0,0.0,2.0,1.0,0.40284810126582277,10.0,0.0,0.0,1.0,0.0,4.0,4.0,0.0,0.0,996,0,True,False,4,0,False,False
b11_partial,dqn_2048000,217,0,1000.0,0.0,1000.0,0.0,0.0,0.0,1.0,1.0,0.175,3.0,0.0,0.0,0.0,0.0,0.0,0.0,0.0,0.0,1000,0,True,True,3,1000,True,False
b11_partial,dqn_2048000,218,1,999.0,1.0,999.0,1.0,1.0,0.0,2.0,1.0,0.5278481012658227,7.0,0.0,0.0,1.0,0.0,1.0,1.0,0.0,0.0,999,0,True,False,1,0,False,False
b11_partial,dqn_2048000,219,0,1000.0,0.0,1000.0,0.0,0.0,0.0,1.0,1.0,0.2375,11.0,0.0,0.0,0.0,0.0,0.0,0.0,0.0,0.0,1000,0,True,True,11,1000,True,False
b11_partial,dqn_2048000,220,1,997.0,3.0,997.0,3.0,3.0,0.0,2.0,2.0,0.40284810126582277,20.0,1.0,4.0,1.0,4.0,3.0,3.0,0.0,0.0,993,0,True,True,7,4,False,False
b11_partial,dqn_2048000,221,0,1000.0,0.0,1000.0,0.0,0.0,0.0,1.0,1.0,0.175,13.0,0.0,0.0,0.0,0.0,0.0,0.0,0.0,0.0,1000,0,True,True,13,1000,True,False
b11_partial,dqn_2048000,222,0,1000.0,0.0,1000.0,0.0,0.0,0.0,1.0,1.0,0.1375,7.0,0.0,0.0,0.0,0.0,0.0,0.0,0.0,0.0,1000,0,True,True,7,1000,True,False
b11_partial,dqn_2048000,223,0,1000.0,0.0,1000.0,0.0,0.0,0.0,1.0,1.0,0.3,6.0,0.0,0.0,0.0,0.0,0.0,0.0,0.0,0.0,1000,0,True,True,6,1000,True,False
b11_partial,dqn_2048000,224,26,917.0,83.0,917.0,83.0,81.0,0.0,27.0,23.0,5.3932398013798934,161.0,22.0,194.0,26.0,194.0,83.0,79.0,4.0,0.0,723,0,True,False,3,0,False,False
b11_partial,dqn_2048000,225,1,996.0,4.0,996.0,4.0,4.0,0.0,2.0,2.0,0.40284810126582277,14.0,1.0,2.0,1.0,2.0,4.0,4.0,0.0,0.0,994,0,True,True,6,2,False,False
b11_partial,dqn_2048000,226,16,948.0,52.0,948.0,52.0,50.0,0.0,17.0,14.0,3.358111059175348,97.0,13.0,165.0,16.0,165.0,52.0,48.0,4.0,0.0,783,0,True,True,4,2,False,False
b11_partial,dqn_2048000,227,0,1000.0,0.0,1000.0,0.0,0.0,0.0,1.0,1.0,0.2375,4.0,0.0,0.0,0.0,0.0,0.0,0.0,0.0,0.0,1000,0,True,True,4,1000,True,False
b11_partial,dqn_2048000,228,0,1000.0,0.0,1000.0,0.0,0.0,0.0,1.0,1.0,0.3,7.0,0.0,0.0,0.0,0.0,0.0,0.0,0.0,0.0,1000,0,True,True,7,1000,True,False
b11_partial,dqn_2048000,229,91,725.0,275.0,725.0,275.0,270.0,0.0,92.0,73.0,19.235703987575324,508.0,72.0,723.0,91.0,723.0,275.0,265.0,10.0,0.0,2,0,True,False,1,0,False,False
b11_partial,dqn_2048000,230,51,845.0,155.0,845.0,155.0,152.0,0.0,52.0,42.0,9.860198609482651,297.0,41.0,713.0,51.0,713.0,155.0,149.0,6.0,0.0,132,0,True,False,3,0,False,False
b11_partial,dqn_2048000,231,0,1000.0,0.0,1000.0,0.0,0.0,0.0,1.0,1.0,0.3,4.0,0.0,0.0,0.0,0.0,0.0,0.0,0.0,0.0,1000,0,True,True,4,1000,True,False
b11_partial,dqn_2048000,232,0,1000.0,0.0,1000.0,0.0,0.0,0.0,1.0,1.0,0.2375,4.0,0.0,0.0,0.0,0.0,0.0,0.0,0.0,0.0,1000,0,True,True,4,1000,True,False
b11_partial,dqn_2048000,233,64,807.0,193.0,807.0,193.0,190.0,0.0,65.0,57.0,13.625078736123632,403.0,56.0,624.0,64.0,624.0,193.0,187.0,6.0,0.0,183,0,True,True,7,5,False,False
b11_partial,dqn_2048000,234,0,1000.0,0.0,1000.0,0.0,0.0,0.0,1.0,1.0,0.1375,8.0,0.0,0.0,0.0,0.0,0.0,0.0,0.0,0.0,1000,0,True,True,8,1000,True,False
b11_partial,dqn_2048000,235,1,997.0,3.0,997.0,3.0,3.0,0.0,2.0,2.0,0.30158227848101266,12.0,1.0,4.0,1.0,4.0,3.0,3.0,0.0,0.0,993,0,True,True,5,4,False,False
b11_partial,dqn_2048000,236,68,779.0,221.0,779.0,221.0,208.0,0.0,69.0,48.0,13.682664281639449,357.0,47.0,748.0,68.0,748.0,221.0,195.0,26.0,0.0,31,0,True,False,1,0,False,False
b11_partial,dqn_2048000,237,13,962.0,38.0,962.0,38.0,36.0,0.0,14.0,12.0,2.7977216849935824,82.0,11.0,349.0,13.0,349.0,38.0,34.0,4.0,0.0,613,0,True,False,1,0,False,False
b11_partial,dqn_2048000,238,0,1000.0,0.0,1000.0,0.0,0.0,0.0,1.0,1.0,0.3,5.0,0.0,0.0,0.0,0.0,0.0,0.0,0.0,0.0,1000,0,True,True,5,1000,True,False
b11_partial,dqn_2048000,239,73,784.0,216.0,784.0,216.0,213.0,0.0,74.0,61.0,15.233362661288362,443.0,60.0,750.0,73.0,750.0,216.0,210.0,6.0,0.0,34,0,True,True,6,3,False,False
b11_partial,dqn_2048000,240,0,1000.0,0.0,1000.0,0.0,0.0,0.0,1.0,1.0,0.3,4.0,0.0,0.0,0.0,0.0,0.0,0.0,0.0,0.0,1000,0,True,True,4,1000,True,False
b11_partial,dqn_2048000,241,65,796.0,204.0,796.0,204.0,198.0,0.0,66.0,50.0,12.67617785035471,353.0,49.0,788.0,65.0,788.0,204.0,192.0,12.0,0.0,8,0,True,True,8,8,False,False
b11_partial,dqn_2048000,242,54,834.0,166.0,834.0,166.0,161.0,0.0,55.0,43.0,10.734961189656516,320.0,42.0,818.0,54.0,818.0,166.0,156.0,10.0,0.0,16,0,True,False,1,0,False,False
b11_partial,dqn_2048000,243,0,1000.0,0.0,1000.0,0.0,0.0,0.0,1.0,1.0,0.3,5.0,0.0,0.0,0.0,0.0,0.0,0.0,0.0,0.0,1000,0,True,True,5,1000,True,False
b11_partial,dqn_2048000,244,26,912.0,88.0,912.0,88.0,84.0,0.0,27.0,21.0,5.3834313080304375,151.0,20.0,204.0,26.0,204.0,88.0,80.0,8.0,0.0,708,0,True,True,5,5,False,False
b11_partial,dqn_2048000,245,0,1000.0,0.0,1000.0,0.0,0.0,0.0,1.0,1.0,0.3,7.0,0.0,0.0,0.0,0.0,0.0,0.0,0.0,0.0,1000,0,True,True,7,1000,True,False
b11_partial,dqn_2048000,246,0,1000.0,0.0,1000.0,0.0,0.0,0.0,1.0,1.0,0.2375,6.0,0.0,0.0,0.0,0.0,0.0,0.0,0.0,0.0,1000,0,True,True,6,1000,True,False
b11_partial,dqn_2048000,247,87,745.0,255.0,745.0,255.0,252.0,0.0,88.0,65.0,17.686166630526145,433.0,64.0,712.0,87.0,712.0,255.0,249.0,6.0,0.0,33,0,True,True,3,1,False,False
b11_partial,dqn_2048000,248,29,907.0,93.0,907.0,93.0,93.0,0.0,30.0,23.0,6.189808597406879,168.0,22.0,353.0,29.0,353.0,93.0,93.0,0.0,0.0,554,0,True,False,2,0,False,False
b11_partial,dqn_2048000,249,0,1000.0,0.0,1000.0,0.0,0.0,0.0,1.0,1.0,0.3,4.0,0.0,0.0,0.0,0.0,0.0,0.0,0.0,0.0,1000,0,True,True,4,1000,True,False
b11_partial,dqn_2048000,250,52,852.0,148.0,852.0,148.0,147.0,0.0,53.0,35.0,11.983544871393189,249.0,34.0,359.0,52.0,359.0,148.0,146.0,2.0,0.0,493,0,True,False,1,0,False,False
b11_partial,dqn_2048000,251,31,905.0,95.0,905.0,95.0,95.0,0.0,32.0,25.0,7.239473186266763,142.0,24.0,376.0,31.0,376.0,95.0,95.0,0.0,0.0,529,0,True,False,3,0,False,False
b11_partial,dqn_2048000,252,0,1000.0,0.0,1000.0,0.0,0.0,0.0,1.0,1.0,0.175,10.0,0.0,0.0,0.0,0.0,0.0,0.0,0.0,0.0,1000,0,True,True,10,1000,True,False
b11_partial,dqn_2048000,253,0,1000.0,0.0,1000.0,0.0,0.0,0.0,1.0,1.0,0.2375,5.0,0.0,0.0,0.0,0.0,0.0,0.0,0.0,0.0,1000,0,True,True,5,1000,True,False
b11_partial,dqn_2048000,254,1,999.0,1.0,999.0,1.0,1.0,0.0,2.0,1.0,0.33955696202531643,8.0,0.0,0.0,1.0,0.0,1.0,1.0,0.0,0.0,999,0,True,False,1,0,False,False
b11_partial,dqn_2048000,255,0,1000.0,0.0,1000.0,0.0,0.0,0.0,1.0,1.0,0.2375,8.0,0.0,0.0,0.0,0.0,0.0,0.0,0.0,0.0,1000,0,True,True,8,1000,True,False
b11_partial,dqn_2048000,256,54,835.0,165.0,835.0,165.0,164.0,0.0,55.0,42.0,11.974445951767212,275.0,41.0,428.0,54.0,428.0,165.0,163.0,2.0,0.0,407,0,True,True,9,5,False,False
b11_partial,dqn_2048000,257,47,843.0,157.0,843.0,157.0,154.0,0.0,48.0,37.0,9.890988927032645,287.0,36.0,588.0,47.0,588.0,157.0,151.0,6.0,0.0,255,0,True,True,5,2,False,False
b11_partial,dqn_2048000,258,1,998.0,2.0,998.0,2.0,2.0,0.0,2.0,2.0,0.4661392405063291,13.0,1.0,4.0,1.0,4.0,2.0,2.0,0.0,0.0,994,0,True,True,6,4,False,False
b11_partial,dqn_2048000,259,0,1000.0,0.0,1000.0,0.0,0.0,0.0,1.0,1.0,0.175,7.0,0.0,0.0,0.0,0.0,0.0,0.0,0.0,0.0,1000,0,True,True,7,1000,True,False
b11_partial,dqn_2048000,260,0,1000.0,0.0,1000.0,0.0,0.0,0.0,1.0,1.0,0.3,6.0,0.0,0.0,0.0,0.0,0.0,0.0,0.0,0.0,1000,0,True,True,6,1000,True,False
b11_partial,dqn_2048000,261,0,1000.0,0.0,1000.0,0.0,0.0,0.0,1.0,1.0,0.2375,4.0,0.0,0.0,0.0,0.0,0.0,0.0,0.0,0.0,1000,0,True,True,4,1000,True,False
b11_partial,dqn_2048000,262,0,1000.0,0.0,1000.0,0.0,0.0,0.0,1.0,1.0,0.1375,5.0,0.0,0.0,0.0,0.0,0.0,0.0,0.0,0.0,1000,0,True,True,5,1000,True,False
b11_partial,dqn_2048000,263,0,1000.0,0.0,1000.0,0.0,0.0,0.0,1.0,1.0,0.2375,5.0,0.0,0.0,0.0,0.0,0.0,0.0,0.0,0.0,1000,0,True,True,5,1000,True,False
b11_partial,dqn_2048000,264,0,1000.0,0.0,1000.0,0.0,0.0,0.0,1.0,1.0,0.2375,7.0,0.0,0.0,0.0,0.0,0.0,0.0,0.0,0.0,1000,0,True,True,7,1000,True,False
b11_partial,dqn_2048000,265,0,1000.0,0.0,1000.0,0.0,0.0,0.0,1.0,1.0,0.1,13.0,0.0,0.0,0.0,0.0,0.0,0.0,0.0,0.0,1000,0,True,True,13,1000,True,False
b11_partial,dqn_2048000,266,37,883.0,117.0,883.0,117.0,117.0,0.0,38.0,26.0,8.999715163645575,165.0,25.0,393.0,37.0,393.0,117.0,117.0,0.0,0.0,490,0,True,True,6,2,False,False
b11_partial,dqn_2048000,267,25,925.0,75.0,925.0,75.0,75.0,0.0,26.0,23.0,5.444504091768408,167.0,22.0,917.0,25.0,917.0,75.0,75.0,0.0,0.0,8,0,True,False,2,0,False,False
b11_partial,dqn_2048000,268,0,1000.0,0.0,1000.0,0.0,0.0,0.0,1.0,1.0,0.3,5.0,0.0,0.0,0.0,0.0,0.0,0.0,0.0,0.0,1000,0,True,True,5,1000,True,False
b11_partial,dqn_2048000,269,0,1000.0,0.0,1000.0,0.0,0.0,0.0,1.0,1.0,0.1875,7.0,0.0,0.0,0.0,0.0,0.0,0.0,0.0,0.0,1000,0,True,True,7,1000,True,False
b11_partial,dqn_2048000,270,0,1000.0,0.0,1000.0,0.0,0.0,0.0,1.0,1.0,0.2375,7.0,0.0,0.0,0.0,0.0,0.0,0.0,0.0,0.0,1000,0,True,True,7,1000,True,False
b11_partial,dqn_2048000,271,13,958.0,42.0,958.0,42.0,42.0,0.0,14.0,11.0,2.6751185471309826,89.0,10.0,114.0,13.0,114.0,42.0,42.0,0.0,0.0,844,0,True,False,3,0,False,False
b11_partial,dqn_2048000,272,0,1000.0,0.0,1000.0,0.0,0.0,0.0,1.0,1.0,0.1,12.0,0.0,0.0,0.0,0.0,0.0,0.0,0.0,0.0,1000,0,True,True,12,1000,True,False
b11_partial,dqn_2048000,273,12,965.0,35.0,965.0,35.0,35.0,0.0,13.0,12.0,2.5645281692990305,91.0,11.0,954.0,12.0,954.0,35.0,35.0,0.0,0.0,11,0,True,True,9,5,False,False
b11_partial,dqn_2048000,274,0,1000.0,0.0,1000.0,0.0,0.0,0.0,1.0,1.0,0.3,9.0,0.0,0.0,0.0,0.0,0.0,0.0,0.0,0.0,1000,0,True,True,9,1000,True,False
b11_partial,dqn_2048000,275,0,1000.0,0.0,1000.0,0.0,0.0,0.0,1.0,1.0,0.175,14.0,0.0,0.0,0.0,0.0,0.0,0.0,0.0,0.0,1000,0,True,True,14,1000,True,False
b11_partial,dqn_2048000,276,0,1000.0,0.0,1000.0,0.0,0.0,0.0,1.0,1.0,0.1375,6.0,0.0,0.0,0.0,0.0,0.0,0.0,0.0,0.0,1000,0,True,True,6,1000,True,False
b11_partial,dqn_2048000,277,58,830.0,170.0,830.0,170.0,167.0,0.0,59.0,47.0,11.417333282452345,333.0,46.0,497.0,58.0,497.0,170.0,164.0,6.0,0.0,333,0,True,False,2,0,False,False
b11_partial,dqn_2048000,278,70,770.0,230.0,770.0,230.0,226.0,0.0,71.0,57.0,14.020893073438392,375.0,56.0,764.0,70.0,764.0,230.0,222.0,8.0,0.0,6,0,True,False,4,0,False,False
b11_partial,dqn_2048000,279,41,875.0,125.0,875.0,125.0,124.0,0.0,42.0,34.0,8.370822454587017,259.0,33.0,453.0,41.0,453.0,125.0,123.0,2.0,0.0,422,0,True,False,4,0,False,False
b11_partial,dqn_2048000,280,81,760.0,240.0,760.0,240.0,236.0,0.0,82.0,65.0,16.51616047422103,498.0,65.0,760.0,81.0,726.0,237.0,229.0,8.0,0.0,34,3,False,True,4,1,False,False
b11_partial,dqn_2048000,281,0,1000.0,0.0,1000.0,0.0,0.0,0.0,1.0,1.0,0.2375,7.0,0.0,0.0,0.0,0.0,0.0,0.0,0.0,0.0,1000,0,True,True,7,1000,True,False
b11_partial,dqn_2048000,282,0,1000.0,0.0,1000.0,0.0,0.0,0.0,1.0,1.0,0.1375,8.0,0.0,0.0,0.0,0.0,0.0,0.0,0.0,0.0,1000,0,True,True,8,1000,True,False
b11_partial,dqn_2048000,283,0,1000.0,0.0,1000.0,0.0,0.0,0.0,1.0,1.0,0.2375,6.0,0.0,0.0,0.0,0.0,0.0,0.0,0.0,0.0,1000,0,True,True,6,1000,True,False
b11_partial,dqn_2048000,284,51,851.0,149.0,851.0,149.0,143.0,0.0,52.0,33.0,10.332201180451756,223.0,32.0,846.0,51.0,846.0,149.0,137.0,12.0,0.0,5,0,True,False,2,0,False,False
b11_partial,dqn_2048000,285,0,1000.0,0.0,1000.0,0.0,0.0,0.0,1.0,1.0,0.1375,12.0,0.0,0.0,0.0,0.0,0.0,0.0,0.0,0.0,1000,0,True,True,12,1000,True,False
b11_partial,dqn_2048000,286,0,1000.0,0.0,1000.0,0.0,0.0,0.0,1.0,1.0,0.175,9.0,0.0,0.0,0.0,0.0,0.0,0.0,0.0,0.0,1000,0,True,True,9,1000,True,False
b11_partial,dqn_2048000,287,72,757.0,243.0,769.0,231.0,221.0,1.0,73.0,58.0,15.417851957682478,382.0,57.0,755.0,72.0,755.0,243.0,213.0,30.0,1.0,2,0,True,True,6,2,False,False
b11_partial,dqn_2048000,288,44,869.0,131.0,869.0,131.0,129.0,0.0,45.0,36.0,9.42078843107381,259.0,35.0,347.0,44.0,347.0,131.0,127.0,4.0,0.0,522,0,True,False,2,0,False,False
b11_partial,dqn_2048000,289,0,1000.0,0.0,1000.0,0.0,0.0,0.0,1.0,1.0,0.175,8.0,0.0,0.0,0.0,0.0,0.0,0.0,0.0,0.0,1000,0,True,True,8,1000,True,False
b11_partial,dqn_2048000,290,0,1000.0,0.0,1000.0,0.0,0.0,0.0,1.0,1.0,0.1375,12.0,0.0,0.0,0.0,0.0,0.0,0.0,0.0,0.0,1000,0,True,True,12,1000,True,False
b11_partial,dqn_2048000,291,85,739.0,261.0,739.0,261.0,259.0,0.0,86.0,68.0,17.848223396672182,473.0,67.0,727.0,85.0,727.0,261.0,257.0,4.0,0.0,12,0,True,False,4,0,False,False
b11_partial,dqn_2048000,292,51,835.0,165.0,835.0,165.0,165.0,0.0,52.0,45.0,9.96875240555034,347.0,44.0,817.0,51.0,817.0,165.0,165.0,0.0,0.0,18,0,True,True,7,3,False,False
b11_partial,dqn_2048000,293,0,1000.0,0.0,1000.0,0.0,0.0,0.0,1.0,1.0,0.175,10.0,0.0,0.0,0.0,0.0,0.0,0.0,0.0,0.0,1000,0,True,True,10,1000,True,False
b11_partial,dqn_2048000,294,0,1000.0,0.0,1000.0,0.0,0.0,0.0,1.0,1.0,0.3,5.0,0.0,0.0,0.0,0.0,0.0,0.0,0.0,0.0,1000,0,True,True,5,1000,True,False
b11_partial,dqn_2048000,295,82,742.0,258.0,742.0,258.0,252.0,0.0,83.0,59.0,17.022482452645775,397.0,58.0,708.0,82.0,708.0,258.0,246.0,12.0,0.0,34,0,True,False,3,0,False,False
b11_partial,dqn_2048000,296,68,803.0,197.0,803.0,197.0,192.0,0.0,68.0,53.0,12.875397760989298,364.0,53.0,803.0,68.0,803.0,197.0,187.0,10.0,0.0,0,0,False,True,5,4,False,False
b11_partial,dqn_2048000,297,0,1000.0,0.0,1000.0,0.0,0.0,0.0,1.0,1.0,0.3,4.0,0.0,0.0,0.0,0.0,0.0,0.0,0.0,0.0,1000,0,True,True,4,1000,True,False
b11_partial,dqn_2048000,298,72,772.0,228.0,772.0,228.0,222.0,0.0,73.0,56.0,15.078447370610403,400.0,55.0,769.0,72.0,769.0,228.0,216.0,12.0,0.0,3,0,True,True,8,5,False,False
b11_partial,dqn_2048000,299,0,1000.0,0.0,1000.0,0.0,0.0,0.0,1.0,1.0,0.3,7.0,0.0,0.0,0.0,0.0,0.0,0.0,0.0,0.0,1000,0,True,True,7,1000,True,False
b11_partial,dqn_2048000,300,44,870.0,130.0,870.0,130.0,126.0,0.0,45.0,35.0,8.99504792157503,235.0,34.0,753.0,44.0,753.0,130.0,122.0,8.0,0.0,117,0,True,True,5,2,False,False
b11_partial,dqn_2048000,301,1,998.0,2.0,998.0,2.0,2.0,0.0,2.0,2.0,0.33955696202531643,20.0,1.0,6.0,1.0,6.0,2.0,2.0,0.0,0.0,992,0,True,True,8,6,False,False
b11_partial,dqn_2048000,302,0,1000.0,0.0,1000.0,0.0,0.0,0.0,1.0,1.0,0.3,10.0,0.0,0.0,0.0,0.0,0.0,0.0,0.0,0.0,1000,0,True,True,10,1000,True,False
b11_partial,dqn_2048000,303,1,997.0,3.0,997.0,3.0,3.0,0.0,2.0,2.0,0.46534810126582277,16.0,1.0,3.0,1.0,3.0,3.0,3.0,0.0,0.0,994,0,True,True,6,3,False,False
b11_partial,dqn_2048000,304,0,1000.0,0.0,1000.0,0.0,0.0,0.0,1.0,1.0,0.2375,6.0,0.0,0.0,0.0,0.0,0.0,0.0,0.0,0.0,1000,0,True,True,6,1000,True,False
b11_partial,dqn_2048000,305,0,1000.0,0.0,1000.0,0.0,0.0,0.0,1.0,1.0,0.175,6.0,0.0,0.0,0.0,0.0,0.0,0.0,0.0,0.0,1000,0,True,True,6,1000,True,False
b11_partial,dqn_2048000,306,0,1000.0,0.0,1000.0,0.0,0.0,0.0,1.0,1.0,0.175,8.0,0.0,0.0,0.0,0.0,0.0,0.0,0.0,0.0,1000,0,True,True,8,1000,True,False
b11_partial,dqn_2048000,307,0,1000.0,0.0,1000.0,0.0,0.0,0.0,1.0,1.0,0.3,6.0,0.0,0.0,0.0,0.0,0.0,0.0,0.0,0.0,1000,0,True,True,6,1000,True,False
b11_partial,dqn_2048000,308,69,791.0,209.0,791.0,209.0,209.0,0.0,70.0,59.0,14.283911420492654,422.0,58.0,759.0,69.0,759.0,209.0,209.0,0.0,0.0,32,0,True,False,1,0,False,False
b11_partial,dqn_2048000,309,72,769.0,231.0,769.0,231.0,223.0,0.0,73.0,64.0,14.825431185825863,456.0,63.0,762.0,72.0,762.0,231.0,215.0,16.0,0.0,7,0,True,False,3,0,False,False
b11_partial,dqn_2048000,310,1,998.0,2.0,998.0,2.0,2.0,0.0,2.0,2.0,0.40284810126582277,15.0,1.0,3.0,1.0,3.0,2.0,2.0,0.0,0.0,995,0,True,True,5,3,False,False
b11_partial,dqn_2048000,311,21,934.0,66.0,934.0,66.0,65.0,0.0,22.0,15.0,4.1605479680876964,92.0,14.0,175.0,21.0,175.0,66.0,64.0,2.0,0.0,759,0,True,True,7,4,False,False
b11_partial,dqn_2048000,312,0,1000.0,0.0,1000.0,0.0,0.0,0.0,1.0,1.0,0.3,3.0,0.0,0.0,0.0,0.0,0.0,0.0,0.0,0.0,1000,0,True,True,3,1000,True,False
b11_partial,dqn_2048000,313,71,784.0,216.0,784.0,216.0,212.0,0.0,72.0,61.0,14.833310742966887,419.0,60.0,779.0,71.0,779.0,216.0,208.0,8.0,0.0,5,0,True,True,12,11,False,False
b11_partial,dqn_2048000,314,0,1000.0,0.0,1000.0,0.0,0.0,0.0,1.0,1.0,0.1375,10.0,0.0,0.0,0.0,0.0,0.0,0.0,0.0,0.0,1000,0,True,True,10,1000,True,False
b11_partial,dqn_2048000,315,0,1000.0,0.0,1000.0,0.0,0.0,0.0,1.0,1.0,0.1,14.0,0.0,0.0,0.0,0.0,0.0,0.0,0.0,0.0,1000,0,True,True,14,1000,True,False
b11_partial,dqn_2048000,316,0,1000.0,0.0,1000.0,0.0,0.0,0.0,1.0,1.0,0.2375,9.0,0.0,0.0,0.0,0.0,0.0,0.0,0.0,0.0,1000,0,True,True,9,1000,True,False
b11_partial,dqn_2048000,317,0,1000.0,0.0,1000.0,0.0,0.0,0.0,1.0,1.0,0.2375,7.0,0.0,0.0,0.0,0.0,0.0,0.0,0.0,0.0,1000,0,True,True,7,1000,True,False
b11_partial,dqn_2048000,318,45,858.0,142.0,858.0,142.0,140.0,0.0,46.0,35.0,10.034905410922816,232.0,34.0,422.0,45.0,422.0,142.0,138.0,4.0,0.0,436,0,True,True,5,5,False,False
b11_partial,dqn_2048000,319,49,855.0,145.0,855.0,145.0,145.0,0.0,50.0,42.0,10.090458708791111,316.0,41.0,746.0,49.0,746.0,145.0,145.0,0.0,0.0,109,0,True,True,4,2,False,False
b11_partial,dqn_2048000,320,0,1000.0,0.0,1000.0,0.0,0.0,0.0,1.0,1.0,0.2375,10.0,0.0,0.0,0.0,0.0,0.0,0.0,0.0,0.0,1000,0,True,True,10,1000,True,False
b11_partial,dqn_2048000,321,0,1000.0,0.0,1000.0,0.0,0.0,0.0,1.0,1.0,0.2375,9.0,0.0,0.0,0.0,0.0,0.0,0.0,0.0,0.0,1000,0,True,True,9,1000,True,False
b11_partial,dqn_2048000,322,0,1000.0,0.0,1000.0,0.0,0.0,0.0,1.0,1.0,0.3,4.0,0.0,0.0,0.0,0.0,0.0,0.0,0.0,0.0,1000,0,True,True,4,1000,True,False
b11_partial,dqn_2048000,323,0,1000.0,0.0,1000.0,0.0,0.0,0.0,1.0,1.0,0.2375,5.0,0.0,0.0,0.0,0.0,0.0,0.0,0.0,0.0,1000,0,True,True,5,1000,True,False
b11_partial,dqn_2048000,324,1,997.0,3.0,997.0,3.0,3.0,0.0,2.0,1.0,0.5911392405063292,7.0,0.0,0.0,1.0,0.0,3.0,3.0,0.0,0.0,997,0,True,False,3,0,False,False
b11_partial,dqn_2048000,325,56,816.0,184.0,816.0,184.0,179.0,0.0,57.0,50.0,11.549533604980876,369.0,49.0,639.0,56.0,639.0,184.0,174.0,10.0,0.0,177,0,True,True,6,5,False,False
b11_partial,dqn_2048000,326,0,1000.0,0.0,1000.0,0.0,0.0,0.0,1.0,1.0,0.3,6.0,0.0,0.0,0.0,0.0,0.0,0.0,0.0,0.0,1000,0,True,True,6,1000,True,False
b11_partial,dqn_2048000,327,22,931.0,69.0,931.0,69.0,67.0,0.0,23.0,19.0,5.163276022121882,115.0,18.0,188.0,22.0,188.0,69.0,65.0,4.0,0.0,743,0,True,False,2,0,False,False
b11_partial,dqn_2048000,328,0,1000.0,0.0,1000.0,0.0,0.0,0.0,1.0,1.0,0.3,6.0,0.0,0.0,0.0,0.0,0.0,0.0,0.0,0.0,1000,0,True,True,6,1000,True,False
b11_partial,dqn_2048000,329,1,998.0,2.0,998.0,2.0,2.0,0.0,2.0,1.0,0.2636075949367088,16.0,0.0,0.0,1.0,0.0,2.0,2.0,0.0,0.0,998,0,True,False,2,0,False,False
b11_partial,dqn_2048000,330,0,1000.0,0.0,1000.0,0.0,0.0,0.0,1.0,1.0,0.3,5.0,0.0,0.0,0.0,0.0,0.0,0.0,0.0,0.0,1000,0,True,True,5,1000,True,False
b11_partial,dqn_2048000,331,84,764.0,236.0,764.0,236.0,234.0,0.0,85.0,62.0,18.215722966824696,446.0,61.0,738.0,84.0,738.0,236.0,232.0,4.0,0.0,26,0,True,False,2,0,False,False
b11_partial,dqn_2048000,332,74,761.0,239.0,761.0,239.0,226.0,0.0,75.0,56.0,14.46191897864362,420.0,56.0,761.0,74.0,733.0,238.0,212.0,26.0,0.0,28,1,False,True,4,1,False,False
b11_partial,dqn_2048000,333,0,1000.0,0.0,1000.0,0.0,0.0,0.0,1.0,1.0,0.3,8.0,0.0,0.0,0.0,0.0,0.0,0.0,0.0,0.0,1000,0,True,True,8,1000,True,False
b11_partial,dqn_2048000,334,53,836.0,164.0,836.0,164.0,158.0,0.0,54.0,44.0,11.698201676259965,300.0,44.0,836.0,53.0,824.0,162.0,150.0,12.0,0.0,12,2,False,False,3,0,False,False
b11_partial,dqn_2048000,335,66,795.0,205.0,795.0,205.0,199.0,0.0,67.0,49.0,14.141550121835508,332.0,48.0,610.0,66.0,610.0,205.0,193.0,12.0,0.0,185,0,True,False,1,0,False,False
b11_partial,dqn_2048000,336,0,1000.0,0.0,1000.0,0.0,0.0,0.0,1.0,1.0,0.3,7.0,0.0,0.0,0.0,0.0,0.0,0.0,0.0,0.0,1000,0,True,True,7,1000,True,False
b11_partial,dqn_2048000,337,11,966.0,34.0,966.0,34.0,31.0,0.0,12.0,9.0,2.1128663983510068,66.0,8.0,116.0,11.0,116.0,34.0,28.0,6.0,0.0,850,0,True,True,4,1,False,False
b11_partial,dqn_2048000,338,62,813.0,187.0,813.0,187.0,186.0,0.0,63.0,52.0,12.575830856858918,374.0,51.0,644.0,62.0,644.0,187.0,185.0,2.0,0.0,169,0,True,True,13,10,False,False
b11_partial,dqn_2048000,339,82,749.0,251.0,749.0,251.0,247.0,0.0,83.0,70.0,17.62558261791196,494.0,69.0,748.0,82.0,748.0,251.0,243.0,8.0,0.0,1,0,True,True,4,3,False,False
b11_partial,dqn_2048000,340,0,1000.0,0.0,1000.0,0.0,0.0,0.0,1.0,1.0,0.2375,9.0,0.0,0.0,0.0,0.0,0.0,0.0,0.0,0.0,1000,0,True,True,9,1000,True,False
b11_partial,dqn_2048000,341,0,1000.0,0.0,1000.0,0.0,0.0,0.0,1.0,1.0,0.175,9.0,0.0,0.0,0.0,0.0,0.0,0.0,0.0,0.0,1000,0,True,True,9,1000,True,False
b11_partial,dqn_2048000,342,0,1000.0,0.0,1000.0,0.0,0.0,0.0,1.0,1.0,0.175,6.0,0.0,0.0,0.0,0.0,0.0,0.0,0.0,0.0,1000,0,True,True,6,1000,True,False
b11_partial,dqn_2048000,343,0,1000.0,0.0,1000.0,0.0,0.0,0.0,1.0,1.0,0.175,10.0,0.0,0.0,0.0,0.0,0.0,0.0,0.0,0.0,1000,0,True,True,10,1000,True,False
b11_partial,dqn_2048000,344,66,791.0,209.0,791.0,209.0,205.0,0.0,67.0,56.0,11.740226477266855,435.0,55.0,757.0,66.0,757.0,209.0,201.0,8.0,0.0,34,0,True,True,6,2,False,False
b11_partial,dqn_2048000,345,60,805.0,195.0,805.0,195.0,189.0,0.0,61.0,48.0,12.407486589377013,365.0,47.0,796.0,60.0,796.0,195.0,183.0,12.0,0.0,9,0,True,True,4,4,False,False
b11_partial,dqn_2048000,346,0,1000.0,0.0,1000.0,0.0,0.0,0.0,1.0,1.0,0.3,6.0,0.0,0.0,0.0,0.0,0.0,0.0,0.0,0.0,1000,0,True,True,6,1000,True,False
b11_partial,dqn_2048000,347,0,1000.0,0.0,1000.0,0.0,0.0,0.0,1.0,1.0,0.2375,6.0,0.0,0.0,0.0,0.0,0.0,0.0,0.0,0.0,1000,0,True,True,6,1000,True,False
b11_partial,dqn_2048000,348,62,804.0,196.0,804.0,196.0,190.0,0.0,63.0,50.0,13.301331384379683,324.0,49.0,800.0,62.0,800.0,196.0,184.0,12.0,0.0,4,0,True,False,2,0,False,False
b11_partial,dqn_2048000,349,0,1000.0,0.0,1000.0,0.0,0.0,0.0,1.0,1.0,0.2375,8.0,0.0,0.0,0.0,0.0,0.0,0.0,0.0,0.0,1000,0,True,True,8,1000,True,False
b11_partial,dqn_2048000,350,0,1000.0,0.0,1000.0,0.0,0.0,0.0,1.0,1.0,0.175,9.0,0.0,0.0,0.0,0.0,0.0,0.0,0.0,0.0,1000,0,True,True,9,1000,True,False
b11_partial,dqn_2048000,351,0,1000.0,0.0,1000.0,0.0,0.0,0.0,1.0,1.0,0.175,8.0,0.0,0.0,0.0,0.0,0.0,0.0,0.0,0.0,1000,0,True,True,8,1000,True,False
b11_partial,dqn_2048000,352,0,1000.0,0.0,1000.0,0.0,0.0,0.0,1.0,1.0,0.1,5.0,0.0,0.0,0.0,0.0,0.0,0.0,0.0,0.0,1000,0,True,True,5,1000,True,False
b11_partial,dqn_2048000,353,0,1000.0,0.0,1000.0,0.0,0.0,0.0,1.0,1.0,0.175,6.0,0.0,0.0,0.0,0.0,0.0,0.0,0.0,0.0,1000,0,True,True,6,1000,True,False
b11_partial,dqn_2048000,354,0,1000.0,0.0,1000.0,0.0,0.0,0.0,1.0,1.0,0.175,8.0,0.0,0.0,0.0,0.0,0.0,0.0,0.0,0.0,1000,0,True,True,8,1000,True,False
b11_partial,dqn_2048000,355,1,997.0,3.0,997.0,3.0,3.0,0.0,2.0,2.0,0.5286392405063292,13.0,1.0,1.0,1.0,1.0,3.0,3.0,0.0,0.0,996,0,True,True,4,1,False,False
b11_partial,dqn_2048000,356,1,997.0,3.0,997.0,3.0,3.0,0.0,2.0,1.0,0.5911392405063292,7.0,0.0,0.0,1.0,0.0,3.0,3.0,0.0,0.0,997,0,True,False,3,0,False,False
b11_partial,dqn_2048000,357,1,998.0,2.0,998.0,2.0,2.0,0.0,2.0,2.0,0.3522151898734177,14.0,1.0,4.0,1.0,4.0,2.0,2.0,0.0,0.0,994,0,True,True,6,4,False,False
b11_partial,dqn_2048000,358,0,1000.0,0.0,1000.0,0.0,0.0,0.0,1.0,1.0,0.3,6.0,0.0,0.0,0.0,0.0,0.0,0.0,0.0,0.0,1000,0,True,True,6,1000,True,False
b11_partial,dqn_2048000,359,22,928.0,72.0,928.0,72.0,72.0,0.0,23.0,17.0,5.185450279515098,111.0,16.0,154.0,22.0,154.0,72.0,72.0,0.0,0.0,774,0,True,True,5,1,False,False
b11_partial,dqn_2048000,360,18,947.0,53.0,947.0,53.0,52.0,0.0,19.0,12.0,4.1281530628175105,83.0,11.0,163.0,18.0,163.0,53.0,51.0,2.0,0.0,784,0,True,False,3,0,False,False
b11_partial,dqn_2048000,361,0,1000.0,0.0,1000.0,0.0,0.0,0.0,1.0,1.0,0.3,5.0,0.0,0.0,0.0,0.0,0.0,0.0,0.0,0.0,1000,0,True,True,5,1000,True,False
b11_partial,dqn_2048000,362,0,1000.0,0.0,1000.0,0.0,0.0,0.0,1.0,1.0,0.175,4.0,0.0,0.0,0.0,0.0,0.0,0.0,0.0,0.0,1000,0,True,True,4,1000,True,False
b11_partial,dqn_2048000,363,34,900.0,100.0,900.0,100.0,98.0,0.0,35.0,27.0,8.006012307717898,164.0,26.0,276.0,34.0,276.0,100.0,96.0,4.0,0.0,624,0,True,False,1,0,False,False
b11_partial,dqn_2048000,364,42,877.0,123.0,877.0,123.0,122.0,0.0,43.0,38.0,9.055027752017601,270.0,37.0,804.0,42.0,804.0,123.0,121.0,2.0,0.0,73,0,True,False,2,0,False,False
b11_partial,dqn_2048000,365,0,1000.0,0.0,1000.0,0.0,0.0,0.0,1.0,1.0,0.3,8.0,0.0,0.0,0.0,0.0,0.0,0.0,0.0,0.0,1000,0,True,True,8,1000,True,False
b11_partial,dqn_2048000,366,67,805.0,195.0,805.0,195.0,189.0,0.0,68.0,53.0,13.911740797383288,387.0,52.0,699.0,67.0,699.0,195.0,183.0,12.0,0.0,106,0,True,False,1,0,False,False
b11_partial,dqn_2048000,367,50,406.0,594.0,406.0,594.0,365.0,0.0,51.0,34.0,10.467294029014004,254.0,34.0,406.0,50.0,401.0,140.0,138.0,2.0,0.0,5,454,False,False,3,0,False,False
b11_partial,dqn_2048000,368,33,888.0,112.0,888.0,112.0,105.0,0.0,34.0,27.0,6.535181744681138,178.0,26.0,877.0,33.0,877.0,112.0,98.0,14.0,0.0,11,0,True,True,5,1,False,False
b11_partial,dqn_2048000,369,22,927.0,73.0,927.0,73.0,73.0,0.0,23.0,22.0,4.260420561278808,176.0,21.0,901.0,22.0,901.0,73.0,73.0,0.0,0.0,26,0,True,True,5,2,False,False
b11_partial,dqn_2048000,370,82,750.0,250.0,750.0,250.0,250.0,0.0,83.0,64.0,17.653192863233883,452.0,63.0,741.0,82.0,741.0,250.0,250.0,0.0,0.0,9,0,True,True,3,2,False,False
b11_partial,dqn_2048000,371,0,1000.0,0.0,1000.0,0.0,0.0,0.0,1.0,1.0,0.2375,5.0,0.0,0.0,0.0,0.0,0.0,0.0,0.0,0.0,1000,0,True,True,5,1000,True,False
b11_partial,dqn_2048000,372,1,996.0,4.0,996.0,4.0,4.0,0.0,2.0,2.0,0.4661392405063291,17.0,1.0,8.0,1.0,8.0,4.0,4.0,0.0,0.0,988,0,True,True,8,8,False,False
b11_partial,dqn_2048000,373,0,1000.0,0.0,1000.0,0.0,0.0,0.0,1.0,1.0,0.2375,13.0,0.0,0.0,0.0,0.0,0.0,0.0,0.0,0.0,1000,0,True,True,13,1000,True,False
b11_partial,dqn_2048000,374,0,1000.0,0.0,1000.0,0.0,0.0,0.0,1.0,1.0,0.3,5.0,0.0,0.0,0.0,0.0,0.0,0.0,0.0,0.0,1000,0,True,True,5,1000,True,False
b11_partial,dqn_2048000,375,0,1000.0,0.0,1000.0,0.0,0.0,0.0,1.0,1.0,0.175,8.0,0.0,0.0,0.0,0.0,0.0,0.0,0.0,0.0,1000,0,True,True,8,1000,True,False
b11_partial,dqn_2048000,376,0,1000.0,0.0,1000.0,0.0,0.0,0.0,1.0,1.0,0.2375,6.0,0.0,0.0,0.0,0.0,0.0,0.0,0.0,0.0,1000,0,True,True,6,1000,True,False
b11_partial,dqn_2048000,377,29,916.0,84.0,916.0,84.0,84.0,0.0,30.0,24.0,6.675084536377266,159.0,23.0,247.0,29.0,247.0,84.0,84.0,0.0,0.0,669,0,True,False,3,0,False,False
b11_partial,dqn_2048000,378,1,997.0,3.0,997.0,3.0,3.0,0.0,2.0,2.0,0.3886075949367088,17.0,1.0,5.0,1.0,5.0,3.0,3.0,0.0,0.0,992,0,True,True,8,5,False,False
b11_partial,dqn_2048000,379,81,764.0,236.0,764.0,236.0,233.0,0.0,82.0,64.0,16.171318240951003,487.0,63.0,741.0,81.0,741.0,236.0,230.0,6.0,0.0,23,0,True,False,1,0,False,False
b11_partial,dqn_2048000,380,0,1000.0,0.0,1000.0,0.0,0.0,0.0,1.0,1.0,0.175,8.0,0.0,0.0,0.0,0.0,0.0,0.0,0.0,0.0,1000,0,True,True,8,1000,True,False
b11_partial,dqn_2048000,381,74,767.0,233.0,767.0,233.0,226.0,0.0,75.0,56.0,15.828431322060643,361.0,55.0,762.0,74.0,762.0,233.0,219.0,14.0,0.0,5,0,True,True,5,1,False,False
b11_partial,dqn_2048000,382,1,998.0,2.0,998.0,2.0,2.0,0.0,2.0,1.0,0.36408227848101266,8.0,0.0,0.0,1.0,0.0,2.0,2.0,0.0,0.0,998,0,True,False,2,0,False,False
b11_partial,dqn_2048000,383,0,1000.0,0.0,1000.0,0.0,0.0,0.0,1.0,1.0,0.2375,6.0,0.0,0.0,0.0,0.0,0.0,0.0,0.0,0.0,1000,0,True,True,6,1000,True,False
b11_partial,dqn_2048000,384,0,1000.0,0.0,1000.0,0.0,0.0,0.0,1.0,1.0,0.1375,6.0,0.0,0.0,0.0,0.0,0.0,0.0,0.0,0.0,1000,0,True,True,6,1000,True,False
b11_partial,dqn_2048000,385,0,1000.0,0.0,1000.0,0.0,0.0,0.0,1.0,1.0,0.175,9.0,0.0,0.0,0.0,0.0,0.0,0.0,0.0,0.0,1000,0,True,True,9,1000,True,False
b11_partial,dqn_2048000,386,0,1000.0,0.0,1000.0,0.0,0.0,0.0,1.0,1.0,0.175,3.0,0.0,0.0,0.0,0.0,0.0,0.0,0.0,0.0,1000,0,True,True,3,1000,True,False
b11_partial,dqn_2048000,387,91,723.0,277.0,723.0,277.0,272.0,0.0,92.0,73.0,19.701636001554498,456.0,72.0,720.0,91.0,720.0,277.0,267.0,10.0,0.0,3,0,True,False,4,0,False,False
b11_partial,dqn_2048000,388,47,861.0,139.0,861.0,139.0,138.0,0.0,48.0,35.0,10.558228270903484,223.0,34.0,349.0,47.0,349.0,139.0,137.0,2.0,0.0,512,0,True,True,4,1,False,False
b11_partial,dqn_2048000,389,0,1000.0,0.0,1000.0,0.0,0.0,0.0,1.0,1.0,0.3,6.0,0.0,0.0,0.0,0.0,0.0,0.0,0.0,0.0,1000,0,True,True,6,1000,True,False
b11_partial,dqn_2048000,390,80,747.0,253.0,747.0,253.0,236.0,0.0,81.0,58.0,15.320627050441937,437.0,57.0,744.0,80.0,744.0,253.0,230.0,23.0,0.0,3,0,True,False,2,0,False,False
b11_partial,dqn_2048000,391,0,1000.0,0.0,1000.0,0.0,0.0,0.0,1.0,1.0,0.175,6.0,0.0,0.0,0.0,0.0,0.0,0.0,0.0,0.0,1000,0,True,True,6,1000,True,False
b11_partial,dqn_2048000,392,1,996.0,4.0,996.0,4.0,4.0,0.0,2.0,2.0,0.5278481012658227,12.0,1.0,2.0,1.0,2.0,4.0,4.0,0.0,0.0,994,0,True,True,6,2,False,False
b11_partial,dqn_2048000,393,0,1000.0,0.0,1000.0,0.0,0.0,0.0,1.0,1.0,0.175,9.0,0.0,0.0,0.0,0.0,0.0,0.0,0.0,0.0,1000,0,True,True,9,1000,True,False
b11_partial,dqn_2048000,394,80,749.0,251.0,749.0,251.0,246.0,0.0,81.0,63.0,16.27797933077282,466.0,62.0,718.0,80.0,718.0,251.0,241.0,10.0,0.0,31,0,True,False,4,0,False,False
b11_partial,dqn_2048000,395,68,801.0,199.0,801.0,199.0,194.0,0.0,69.0,56.0,13.630733640474547,399.0,55.0,799.0,68.0,799.0,199.0,189.0,10.0,0.0,2,0,True,False,2,0,False,False
b11_partial,dqn_2048000,396,1,999.0,1.0,999.0,1.0,1.0,0.0,2.0,1.0,0.40284810126582277,6.0,0.0,0.0,1.0,0.0,1.0,1.0,0.0,0.0,999,0,True,False,1,0,False,False
b11_partial,dqn_2048000,397,72,790.0,210.0,790.0,210.0,209.0,0.0,73.0,58.0,14.294717819867733,446.0,57.0,786.0,72.0,786.0,210.0,208.0,2.0,0.0,4,0,True,True,4,3,False,False
b11_partial,dqn_2048000,398,53,837.0,163.0,837.0,163.0,162.0,0.0,54.0,40.0,10.372337916170114,290.0,39.0,804.0,53.0,804.0,163.0,161.0,2.0,0.0,33,0,True,False,3,0,False,False
b11_partial,dqn_2048000,399,0,1000.0,0.0,1000.0,0.0,0.0,0.0,1.0,1.0,0.3,8.0,0.0,0.0,0.0,0.0,0.0,0.0,0.0,0.0,1000,0,True,True,8,1000,True,False
b11_partial,dqn_2048000,400,56,816.0,184.0,816.0,184.0,180.0,0.0,57.0,47.0,11.80624097331479,312.0,46.0,719.0,56.0,719.0,184.0,176.0,8.0,0.0,97,0,True,False,1,0,False,False
b11_partial,dqn_2048000,401,0,1000.0,0.0,1000.0,0.0,0.0,0.0,1.0,1.0,0.1375,4.0,0.0,0.0,0.0,0.0,0.0,0.0,0.0,0.0,1000,0,True,True,4,1000,True,False
b11_partial,dqn_2048000,402,0,1000.0,0.0,1000.0,0.0,0.0,0.0,1.0,1.0,0.1,13.0,0.0,0.0,0.0,0.0,0.0,0.0,0.0,0.0,1000,0,True,True,13,1000,True,False
b11_partial,dqn_2048000,403,26,912.0,88.0,912.0,88.0,85.0,0.0,27.0,19.0,5.170605458615527,132.0,18.0,437.0,26.0,437.0,88.0,82.0,6.0,0.0,475,0,True,False,3,0,False,False
b11_partial,dqn_2048000,404,56,822.0,178.0,822.0,178.0,171.0,0.0,57.0,45.0,11.268200880552639,316.0,44.0,771.0,56.0,771.0,178.0,164.0,14.0,0.0,51,0,True,True,5,3,False,False
b11_partial,dqn_2048000,405,0,1000.0,0.0,1000.0,0.0,0.0,0.0,1.0,1.0,0.1375,5.0,0.0,0.0,0.0,0.0,0.0,0.0,0.0,0.0,1000,0,True,True,5,1000,True,False
b11_partial,dqn_2048000,406,1,996.0,4.0,996.0,4.0,4.0,0.0,2.0,1.0,0.5278481012658227,8.0,0.0,0.0,1.0,0.0,4.0,4.0,0.0,0.0,996,0,True,False,4,0,False,False
b11_partial,dqn_2048000,407,0,1000.0,0.0,1000.0,0.0,0.0,0.0,1.0,1.0,0.1375,9.0,0.0,0.0,0.0,0.0,0.0,0.0,0.0,0.0,1000,0,True,True,9,1000,True,False
b11_partial,dqn_2048000,408,57,802.0,198.0,802.0,198.0,186.0,0.0,58.0,48.0,12.165118209933127,332.0,47.0,668.0,57.0,668.0,198.0,174.0,24.0,0.0,134,0,True,False,1,0,False,False
b11_partial,dqn_2048000,409,0,1000.0,0.0,1000.0,0.0,0.0,0.0,1.0,1.0,0.3,7.0,0.0,0.0,0.0,0.0,0.0,0.0,0.0,0.0,1000,0,True,True,7,1000,True,False
b11_partial,dqn_2048000,410,37,874.0,126.0,874.0,126.0,122.0,0.0,38.0,27.0,7.055095283776645,210.0,27.0,874.0,37.0,874.0,123.0,115.0,8.0,0.0,0,3,False,True,9,7,False,False
b11_partial,dqn_2048000,411,0,1000.0,0.0,1000.0,0.0,0.0,0.0,1.0,1.0,0.3,5.0,0.0,0.0,0.0,0.0,0.0,0.0,0.0,0.0,1000,0,True,True,5,1000,True,False
b11_partial,dqn_2048000,412,52,846.0,154.0,846.0,154.0,152.0,0.0,53.0,39.0,11.002435235286947,294.0,38.0,379.0,52.0,379.0,154.0,150.0,4.0,0.0,467,0,True,False,2,0,False,False
b11_partial,dqn_2048000,413,15,959.0,41.0,959.0,41.0,41.0,0.0,16.0,12.0,3.160681309404054,75.0,11.0,274.0,15.0,274.0,41.0,41.0,0.0,0.0,685,0,True,False,3,0,False,False
b11_partial,dqn_2048000,414,0,1000.0,0.0,1000.0,0.0,0.0,0.0,1.0,1.0,0.1375,9.0,0.0,0.0,0.0,0.0,0.0,0.0,0.0,0.0,1000,0,True,True,9,1000,True,False
b11_partial,dqn_2048000,415,0,1000.0,0.0,1000.0,0.0,0.0,0.0,1.0,1.0,0.2375,8.0,0.0,0.0,0.0,0.0,0.0,0.0,0.0,0.0,1000,0,True,True,8,1000,True,False
b11_partial,dqn_2048000,416,46,854.0,146.0,854.0,146.0,145.0,0.0,47.0,36.0,10.118885825684796,236.0,35.0,305.0,46.0,305.0,146.0,144.0,2.0,0.0,549,0,True,False,3,0,False,False
b11_partial,dqn_2048000,417,84,749.0,251.0,749.0,251.0,244.0,0.0,85.0,67.0,16.512074942080194,533.0,66.0,740.0,84.0,740.0,251.0,237.0,14.0,0.0,9,0,True,True,7,4,False,False
b11_partial,dqn_2048000,418,1,997.0,3.0,997.0,3.0,3.0,0.0,2.0,2.0,0.31408227848101267,22.0,1.0,4.0,1.0,4.0,3.0,3.0,0.0,0.0,993,0,True,True,7,4,False,False
b11_partial,dqn_2048000,419,24,926.0,74.0,926.0,74.0,70.0,0.0,25.0,20.0,4.71666964911909,121.0,19.0,143.0,24.0,143.0,74.0,66.0,8.0,0.0,783,0,True,True,7,6,False,False
b11_partial,dqn_2048000,420,56,816.0,184.0,816.0,184.0,179.0,0.0,57.0,45.0,11.985425742962661,302.0,44.0,571.0,56.0,571.0,184.0,174.0,10.0,0.0,245,0,True,True,5,1,False,False
b11_partial,dqn_2048000,421,0,1000.0,0.0,1000.0,0.0,0.0,0.0,1.0,1.0,0.2375,11.0,0.0,0.0,0.0,0.0,0.0,0.0,0.0,0.0,1000,0,True,True,11,1000,True,False
b11_partial,dqn_2048000,422,1,996.0,4.0,996.0,4.0,4.0,0.0,2.0,2.0,0.4661392405063291,11.0,1.0,3.0,1.0,3.0,4.0,4.0,0.0,0.0,993,0,True,True,7,3,False,False
b11_partial,dqn_2048000,423,55,818.0,182.0,818.0,182.0,174.0,0.0,56.0,39.0,11.220518721440873,279.0,38.0,813.0,55.0,813.0,182.0,166.0,16.0,0.0,5,0,True,True,5,1,False,False
b11_partial,dqn_2048000,424,0,1000.0,0.0,1000.0,0.0,0.0,0.0,1.0,1.0,0.3,10.0,0.0,0.0,0.0,0.0,0.0,0.0,0.0,0.0,1000,0,True,True,10,1000,True,False
b11_partial,dqn_2048000,425,0,1000.0,0.0,1000.0,0.0,0.0,0.0,1.0,1.0,0.2375,8.0,0.0,0.0,0.0,0.0,0.0,0.0,0.0,0.0,1000,0,True,True,8,1000,True,False
b11_partial,dqn_2048000,426,1,998.0,2.0,998.0,2.0,2.0,0.0,2.0,1.0,0.5911392405063292,3.0,0.0,0.0,1.0,0.0,2.0,2.0,0.0,0.0,998,0,True,False,2,0,False,False
b11_partial,dqn_2048000,427,0,1000.0,0.0,1000.0,0.0,0.0,0.0,1.0,1.0,0.2375,9.0,0.0,0.0,0.0,0.0,0.0,0.0,0.0,0.0,1000,0,True,True,9,1000,True,False
b11_partial,dqn_2048000,428,52,837.0,163.0,837.0,163.0,161.0,0.0,53.0,47.0,10.215747970804236,349.0,46.0,530.0,52.0,530.0,163.0,159.0,4.0,0.0,307,0,True,True,4,2,False,False
b11_partial,dqn_2048000,429,71,770.0,230.0,770.0,230.0,226.0,0.0,72.0,67.0,14.409354082281608,472.0,66.0,730.0,71.0,730.0,230.0,222.0,8.0,0.0,40,0,True,True,4,4,False,False
b11_partial,dqn_2048000,430,19,945.0,55.0,945.0,55.0,54.0,0.0,20.0,18.0,3.8630003368472203,120.0,17.0,237.0,19.0,237.0,55.0,53.0,2.0,0.0,708,0,True,True,8,8,False,False
b11_partial,dqn_2048000,431,0,1000.0,0.0,1000.0,0.0,0.0,0.0,1.0,1.0,0.175,10.0,0.0,0.0,0.0,0.0,0.0,0.0,0.0,0.0,1000,0,True,True,10,1000,True,False
b11_partial,dqn_2048000,432,0,1000.0,0.0,1000.0,0.0,0.0,0.0,1.0,1.0,0.1375,13.0,0.0,0.0,0.0,0.0,0.0,0.0,0.0,0.0,1000,0,True,True,13,1000,True,False
b11_partial,dqn_2048000,433,15,952.0,48.0,952.0,48.0,48.0,0.0,16.0,15.0,2.949806983892833,110.0,14.0,358.0,15.0,358.0,48.0,48.0,0.0,0.0,594,0,True,False,1,0,False,False
b11_partial,dqn_2048000,434,0,1000.0,0.0,1000.0,0.0,0.0,0.0,1.0,1.0,0.1375,14.0,0.0,0.0,0.0,0.0,0.0,0.0,0.0,0.0,1000,0,True,True,14,1000,True,False
b11_partial,dqn_2048000,435,1,998.0,2.0,998.0,2.0,2.0,0.0,2.0,1.0,0.40284810126582277,4.0,0.0,0.0,1.0,0.0,2.0,2.0,0.0,0.0,998,0,True,False,2,0,False,False
b11_partial,dqn_2048000,436,54,828.0,172.0,828.0,172.0,168.0,0.0,55.0,48.0,11.316574004894177,370.0,47.0,617.0,54.0,617.0,172.0,164.0,8.0,0.0,211,0,True,True,8,6,False,False
b11_partial,dqn_2048000,437,0,1000.0,0.0,1000.0,0.0,0.0,0.0,1.0,1.0,0.2375,11.0,0.0,0.0,0.0,0.0,0.0,0.0,0.0,0.0,1000,0,True,True,11,1000,True,False
b11_partial,dqn_2048000,438,49,851.0,149.0,851.0,149.0,149.0,0.0,50.0,38.0,10.26480724641011,264.0,37.0,510.0,49.0,510.0,149.0,149.0,0.0,0.0,341,0,True,False,2,0,False,False
b11_partial,dqn_2048000,439,1,998.0,2.0,998.0,2.0,2.0,0.0,2.0,2.0,0.36408227848101266,18.0,1.0,8.0,1.0,8.0,2.0,2.0,0.0,0.0,990,0,True,True,10,8,False,False
b11_partial,dqn_2048000,440,0,1000.0,0.0,1000.0,0.0,0.0,0.0,1.0,1.0,0.175,8.0,0.0,0.0,0.0,0.0,0.0,0.0,0.0,0.0,1000,0,True,True,8,1000,True,False
b11_partial,dqn_2048000,441,0,1000.0,0.0,1000.0,0.0,0.0,0.0,1.0,1.0,0.175,5.0,0.0,0.0,0.0,0.0,0.0,0.0,0.0,0.0,1000,0,True,True,5,1000,True,False
b11_partial,dqn_2048000,442,0,1000.0,0.0,1000.0,0.0,0.0,0.0,1.0,1.0,0.2375,7.0,0.0,0.0,0.0,0.0,0.0,0.0,0.0,0.0,1000,0,True,True,7,1000,True,False
b11_partial,dqn_2048000,443,0,1000.0,0.0,1000.0,0.0,0.0,0.0,1.0,1.0,0.2375,4.0,0.0,0.0,0.0,0.0,0.0,0.0,0.0,0.0,1000,0,True,True,4,1000,True,False
b11_partial,dqn_2048000,444,1,999.0,1.0,999.0,1.0,1.0,0.0,2.0,1.0,0.30158227848101266,7.0,0.0,0.0,1.0,0.0,1.0,1.0,0.0,0.0,999,0,True,False,1,0,False,False
b11_partial,dqn_2048000,445,1,998.0,2.0,998.0,2.0,2.0,0.0,2.0,2.0,0.4147151898734177,10.0,1.0,1.0,1.0,1.0,2.0,2.0,0.0,0.0,997,0,True,True,3,1,False,False
b11_partial,dqn_2048000,446,0,1000.0,0.0,1000.0,0.0,0.0,0.0,1.0,1.0,0.1375,8.0,0.0,0.0,0.0,0.0,0.0,0.0,0.0,0.0,1000,0,True,True,8,1000,True,False
b11_partial,dqn_2048000,447,1,998.0,2.0,998.0,2.0,2.0,0.0,2.0,1.0,0.33955696202531643,10.0,0.0,0.0,1.0,0.0,2.0,2.0,0.0,0.0,998,0,True,False,2,0,False,False
b11_partial,dqn_2048000,448,0,1000.0,0.0,1000.0,0.0,0.0,0.0,1.0,1.0,0.3,7.0,0.0,0.0,0.0,0.0,0.0,0.0,0.0,0.0,1000,0,True,True,7,1000,True,False
b11_partial,dqn_2048000,449,61,815.0,185.0,815.0,185.0,183.0,0.0,62.0,52.0,13.257335526993556,352.0,51.0,810.0,61.0,810.0,185.0,181.0,4.0,0.0,5,0,True,False,2,0,False,False
b11_partial,dqn_2048000,450,1,996.0,4.0,996.0,4.0,4.0,0.0,2.0,2.0,0.5911392405063292,13.0,1.0,2.0,1.0,2.0,4.0,4.0,0.0,0.0,994,0,True,True,6,2,False,False
b11_partial,dqn_2048000,451,0,1000.0,0.0,1000.0,0.0,0.0,0.0,1.0,1.0,0.3,4.0,0.0,0.0,0.0,0.0,0.0,0.0,0.0,0.0,1000,0,True,True,4,1000,True,False
b11_partial,dqn_2048000,452,30,917.0,83.0,917.0,83.0,82.0,0.0,31.0,23.0,5.846803822047214,167.0,22.0,219.0,30.0,219.0,83.0,81.0,2.0,0.0,698,0,True,True,9,5,False,False
b11_partial,dqn_2048000,453,36,884.0,116.0,884.0,116.0,113.0,0.0,37.0,28.0,7.077520527898687,196.0,27.0,246.0,36.0,246.0,116.0,110.0,6.0,0.0,638,0,True,True,7,4,False,False
b11_partial,dqn_2048000,454,0,1000.0,0.0,1000.0,0.0,0.0,0.0,1.0,1.0,0.3,4.0,0.0,0.0,0.0,0.0,0.0,0.0,0.0,0.0,1000,0,True,True,4,1000,True,False
b11_partial,dqn_2048000,455,0,1000.0,0.0,1000.0,0.0,0.0,0.0,1.0,1.0,0.3,10.0,0.0,0.0,0.0,0.0,0.0,0.0,0.0,0.0,1000,0,True,True,10,1000,True,False
b11_partial,dqn_2048000,456,1,997.0,3.0,997.0,3.0,3.0,0.0,2.0,2.0,0.3653481012658228,18.0,1.0,11.0,1.0,11.0,3.0,3.0,0.0,0.0,986,0,True,True,12,11,False,False
b11_partial,dqn_2048000,457,1,996.0,4.0,996.0,4.0,4.0,0.0,2.0,2.0,0.3911392405063291,13.0,1.0,2.0,1.0,2.0,4.0,4.0,0.0,0.0,994,0,True,True,6,2,False,False
b11_partial,dqn_2048000,458,1,996.0,4.0,996.0,4.0,4.0,0.0,2.0,2.0,0.46534810126582277,12.0,1.0,1.0,1.0,1.0,4.0,4.0,0.0,0.0,995,0,True,True,5,1,False,False
b11_partial,dqn_2048000,459,32,906.0,94.0,906.0,94.0,93.0,0.0,33.0,25.0,6.569375124525976,177.0,24.0,285.0,32.0,285.0,94.0,92.0,2.0,0.0,621,0,True,False,2,0,False,False
b11_partial,dqn_2048000,460,65,794.0,206.0,794.0,206.0,200.0,0.0,66.0,57.0,13.352959881534137,405.0,56.0,791.0,65.0,791.0,206.0,194.0,12.0,0.0,3,0,True,True,6,3,False,False
b11_partial,dqn_2048000,461,67,794.0,206.0,794.0,206.0,201.0,0.0,68.0,51.0,13.423059076879849,378.0,50.0,780.0,67.0,780.0,206.0,196.0,10.0,0.0,14,0,True,False,3,0,False,False
b11_partial,dqn_2048000,462,0,1000.0,0.0,1000.0,0.0,0.0,0.0,1.0,1.0,0.1375,4.0,0.0,0.0,0.0,0.0,0.0,0.0,0.0,0.0,1000,0,True,True,4,1000,True,False
b11_partial,dqn_2048000,463,56,832.0,168.0,832.0,168.0,164.0,0.0,57.0,45.0,11.325904958225872,304.0,44.0,829.0,56.0,829.0,168.0,160.0,8.0,0.0,3,0,True,True,8,5,False,False
b11_partial,dqn_2048000,464,1,997.0,3.0,997.0,3.0,3.0,0.0,2.0,1.0,0.3653481012658228,7.0,0.0,0.0,1.0,0.0,3.0,3.0,0.0,0.0,997,0,True,False,3,0,False,False
b11_partial,dqn_2048000,465,0,1000.0,0.0,1000.0,0.0,0.0,0.0,1.0,1.0,0.2375,8.0,0.0,0.0,0.0,0.0,0.0,0.0,0.0,0.0,1000,0,True,True,8,1000,True,False
b11_partial,dqn_2048000,466,20,934.0,66.0,934.0,66.0,63.0,0.0,21.0,16.0,4.345819975831735,104.0,15.0,147.0,20.0,147.0,66.0,60.0,6.0,0.0,787,0,True,True,6,2,False,False
b11_partial,dqn_2048000,467,75,765.0,235.0,765.0,235.0,230.0,0.0,76.0,62.0,15.787239085237902,396.0,61.0,666.0,75.0,666.0,235.0,225.0,10.0,0.0,99,0,True,True,5,2,False,False
b11_partial,dqn_2048000,468,82,749.0,251.0,749.0,251.0,248.0,0.0,83.0,62.0,17.35331754019001,442.0,61.0,748.0,82.0,748.0,251.0,245.0,6.0,0.0,1,0,True,True,7,3,False,False
b11_partial,dqn_2048000,469,74,779.0,221.0,779.0,221.0,221.0,0.0,75.0,57.0,15.862732462215305,390.0,56.0,771.0,74.0,771.0,221.0,221.0,0.0,0.0,8,0,True,True,5,1,False,False
b11_partial,dqn_2048000,470,0,1000.0,0.0,1000.0,0.0,0.0,0.0,1.0,1.0,0.2375,12.0,0.0,0.0,0.0,0.0,0.0,0.0,0.0,0.0,1000,0,True,True,12,1000,True,False
b11_partial,dqn_2048000,471,54,837.0,163.0,837.0,163.0,161.0,0.0,55.0,43.0,10.25468770031169,322.0,42.0,583.0,54.0,583.0,163.0,159.0,4.0,0.0,254,0,True,True,6,6,False,False
b11_partial,dqn_2048000,472,0,1000.0,0.0,1000.0,0.0,0.0,0.0,1.0,1.0,0.1875,7.0,0.0,0.0,0.0,0.0,0.0,0.0,0.0,0.0,1000,0,True,True,7,1000,True,False
b11_partial,dqn_2048000,473,0,1000.0,0.0,1000.0,0.0,0.0,0.0,1.0,1.0,0.1375,9.0,0.0,0.0,0.0,0.0,0.0,0.0,0.0,0.0,1000,0,True,True,9,1000,True,False
b11_partial,dqn_2048000,474,0,1000.0,0.0,1000.0,0.0,0.0,0.0,1.0,1.0,0.2375,5.0,0.0,0.0,0.0,0.0,0.0,0.0,0.0,0.0,1000,0,True,True,5,1000,True,False
b11_partial,dqn_2048000,475,0,1000.0,0.0,1000.0,0.0,0.0,0.0,1.0,1.0,0.1375,7.0,0.0,0.0,0.0,0.0,0.0,0.0,0.0,0.0,1000,0,True,True,7,1000,True,False
b11_partial,dqn_2048000,476,48,857.0,143.0,857.0,143.0,139.0,0.0,49.0,36.0,9.682236095026758,257.0,35.0,382.0,48.0,382.0,143.0,135.0,8.0,0.0,475,0,True,True,4,3,False,False
b11_partial,dqn_2048000,477,0,1000.0,0.0,1000.0,0.0,0.0,0.0,1.0,1.0,0.2375,7.0,0.0,0.0,0.0,0.0,0.0,0.0,0.0,0.0,1000,0,True,True,7,1000,True,False
b11_partial,dqn_2048000,478,79,770.0,230.0,770.0,230.0,226.0,0.0,80.0,62.0,15.526100653214714,442.0,61.0,753.0,79.0,753.0,230.0,222.0,8.0,0.0,17,0,True,False,3,0,False,False
b11_partial,dqn_2048000,479,0,1000.0,0.0,1000.0,0.0,0.0,0.0,1.0,1.0,0.175,6.0,0.0,0.0,0.0,0.0,0.0,0.0,0.0,0.0,1000,0,True,True,6,1000,True,False
b11_partial,dqn_2048000,480,70,762.0,238.0,762.0,238.0,230.0,0.0,71.0,62.0,14.287971706693181,453.0,61.0,761.0,70.0,761.0,238.0,222.0,16.0,0.0,1,0,True,True,7,6,False,False
b11_partial,dqn_2048000,481,30,905.0,95.0,905.0,95.0,91.0,0.0,31.0,23.0,6.414225531506496,146.0,22.0,246.0,30.0,246.0,95.0,87.0,8.0,0.0,659,0,True,False,1,0,False,False
b11_partial,dqn_2048000,482,19,943.0,57.0,943.0,57.0,57.0,0.0,20.0,15.0,4.305905203390588,101.0,15.0,943.0,19.0,935.0,56.0,56.0,0.0,0.0,8,1,False,True,4,1,False,False
b11_partial,dqn_2048000,483,0,1000.0,0.0,1000.0,0.0,0.0,0.0,1.0,1.0,0.3,6.0,0.0,0.0,0.0,0.0,0.0,0.0,0.0,0.0,1000,0,True,True,6,1000,True,False
b11_partial,dqn_2048000,484,0,1000.0,0.0,1000.0,0.0,0.0,0.0,1.0,1.0,0.3,7.0,0.0,0.0,0.0,0.0,0.0,0.0,0.0,0.0,1000,0,True,True,7,1000,True,False
b11_partial,dqn_2048000,485,0,1000.0,0.0,1000.0,0.0,0.0,0.0,1.0,1.0,0.1875,7.0,0.0,0.0,0.0,0.0,0.0,0.0,0.0,0.0,1000,0,True,True,7,1000,True,False
b11_partial,dqn_2048000,486,0,1000.0,0.0,1000.0,0.0,0.0,0.0,1.0,1.0,0.2375,10.0,0.0,0.0,0.0,0.0,0.0,0.0,0.0,0.0,1000,0,True,True,10,1000,True,False
b11_partial,dqn_2048000,487,20,941.0,59.0,941.0,59.0,59.0,0.0,21.0,17.0,4.496617172957052,130.0,16.0,164.0,20.0,164.0,59.0,59.0,0.0,0.0,777,0,True,False,3,0,False,False
b11_partial,dqn_2048000,488,0,1000.0,0.0,1000.0,0.0,0.0,0.0,1.0,1.0,0.175,12.0,0.0,0.0,0.0,0.0,0.0,0.0,0.0,0.0,1000,0,True,True,12,1000,True,False
b11_partial,dqn_2048000,489,0,1000.0,0.0,1000.0,0.0,0.0,0.0,1.0,1.0,0.2375,9.0,0.0,0.0,0.0,0.0,0.0,0.0,0.0,0.0,1000,0,True,True,9,1000,True,False
b11_partial,dqn_2048000,490,0,1000.0,0.0,1000.0,0.0,0.0,0.0,1.0,1.0,0.2375,6.0,0.0,0.0,0.0,0.0,0.0,0.0,0.0,0.0,1000,0,True,True,6,1000,True,False
b11_partial,dqn_2048000,491,11,969.0,31.0,969.0,31.0,31.0,0.0,12.0,10.0,2.4112889484447653,80.0,9.0,952.0,11.0,952.0,31.0,31.0,0.0,0.0,17,0,True,False,2,0,False,False
b11_partial,dqn_2048000,492,1,998.0,2.0,998.0,2.0,2.0,0.0,2.0,1.0,0.5286392405063292,5.0,0.0,0.0,1.0,0.0,2.0,2.0,0.0,0.0,998,0,True,False,2,0,False,False
b11_partial,dqn_2048000,493,87,725.0,275.0,725.0,275.0,263.0,0.0,88.0,69.0,17.526562570559637,506.0,68.0,721.0,87.0,721.0,275.0,251.0,24.0,0.0,4,0,True,True,7,5,False,False
b11_partial,dqn_2048000,494,0,1000.0,0.0,1000.0,0.0,0.0,0.0,1.0,1.0,0.3,6.0,0.0,0.0,0.0,0.0,0.0,0.0,0.0,0.0,1000,0,True,True,6,1000,True,False
b11_partial,dqn_2048000,495,0,1000.0,0.0,1000.0,0.0,0.0,0.0,1.0,1.0,0.1375,6.0,0.0,0.0,0.0,0.0,0.0,0.0,0.0,0.0,1000,0,True,True,6,1000,True,False
b11_partial,dqn_2048000,496,0,1000.0,0.0,1000.0,0.0,0.0,0.0,1.0,1.0,0.3,4.0,0.0,0.0,0.0,0.0,0.0,0.0,0.0,0.0,1000,0,True,True,4,1000,True,False
b11_partial,dqn_2048000,497,12,972.0,28.0,972.0,28.0,28.0,0.0,13.0,8.0,2.723553406887535,46.0,7.0,955.0,12.0,955.0,28.0,28.0,0.0,0.0,17,0,True,True,5,2,False,False
b11_partial,dqn_2048000,498,0,1000.0,0.0,1000.0,0.0,0.0,0.0,1.0,1.0,0.3,7.0,0.0,0.0,0.0,0.0,0.0,0.0,0.0,0.0,1000,0,True,True,7,1000,True,False
b11_partial,dqn_2048000,499,48,854.0,146.0,854.0,146.0,140.0,0.0,49.0,37.0,10.344195918122049,288.0,36.0,492.0,48.0,492.0,146.0,134.0,12.0,0.0,362,0,True,False,1,0,False,False
b11_partial,dqn_C_selected,0,46,848.0,152.0,848.0,152.0,143.0,0.0,47.0,39.0,9.32530768587707,273.0,38.0,832.0,46.0,832.0,152.0,134.0,18.0,0.0,16,0,True,False,2,0,False,False
b11_partial,dqn_C_selected,1,87,712.0,288.0,712.0,288.0,272.0,0.0,88.0,67.0,17.821588937559373,478.0,66.0,709.0,87.0,709.0,288.0,259.0,29.0,0.0,3,0,True,True,6,2,False,False
b11_partial,dqn_C_selected,2,72,698.0,302.0,698.0,302.0,256.0,0.0,73.0,60.0,14.714423722767469,414.0,60.0,698.0,72.0,698.0,222.0,210.0,12.0,0.0,0,80,False,True,5,16,False,False
b11_partial,dqn_C_selected,3,86,724.0,276.0,724.0,276.0,267.0,0.0,87.0,70.0,17.52372985691976,501.0,69.0,720.0,86.0,720.0,276.0,258.0,18.0,0.0,4,0,True,True,6,2,False,False
b11_partial,dqn_C_selected,4,70,774.0,226.0,774.0,226.0,214.0,0.0,71.0,54.0,15.295434827863309,368.0,53.0,758.0,70.0,758.0,226.0,202.0,24.0,0.0,16,0,True,True,6,22,False,False
b11_partial,dqn_C_selected,5,81,719.0,281.0,733.0,267.0,243.0,1.0,82.0,53.0,16.824611541805847,378.0,53.0,719.0,81.0,696.0,280.0,218.0,62.0,1.0,23,1,False,False,1,0,False,False
b11_partial,dqn_C_selected,6,65,796.0,204.0,796.0,204.0,196.0,0.0,66.0,53.0,13.72278319706512,358.0,52.0,795.0,65.0,795.0,204.0,188.0,16.0,0.0,1,0,True,True,6,4,False,False
b11_partial,dqn_C_selected,7,85,731.0,269.0,731.0,269.0,258.0,0.0,86.0,69.0,18.481793029808067,503.0,68.0,722.0,85.0,722.0,269.0,247.0,22.0,0.0,9,0,True,True,10,8,False,False
b11_partial,dqn_C_selected,8,66,790.0,210.0,790.0,210.0,202.0,0.0,67.0,58.0,13.15793926673116,425.0,57.0,775.0,66.0,775.0,210.0,194.0,16.0,0.0,15,0,True,True,8,10,False,False
b11_partial,dqn_C_selected,9,99,675.0,325.0,675.0,325.0,305.0,0.0,100.0,78.0,21.244967747005745,510.0,77.0,668.0,99.0,668.0,325.0,285.0,40.0,0.0,7,0,True,False,4,0,False,False
b11_partial,dqn_C_selected,10,88,675.0,325.0,692.0,308.0,281.0,1.0,89.0,65.0,18.526414015782347,444.0,65.0,675.0,88.0,672.0,323.0,253.0,70.0,1.0,3,2,False,False,2,0,False,False
b11_partial,dqn_C_selected,11,51,841.0,159.0,841.0,159.0,155.0,0.0,52.0,44.0,11.331240469873823,304.0,44.0,841.0,51.0,827.0,157.0,149.0,8.0,0.0,14,2,False,True,8,14,False,False
b11_partial,dqn_C_selected,12,44,863.0,137.0,863.0,137.0,131.0,0.0,45.0,36.0,9.092738190054236,244.0,35.0,392.0,44.0,392.0,137.0,125.0,12.0,0.0,471,0,True,True,5,16,False,False
b11_partial,dqn_C_selected,13,80,725.0,275.0,725.0,275.0,253.0,0.0,81.0,63.0,16.469481318941664,440.0,63.0,725.0,80.0,725.0,272.0,230.0,42.0,0.0,0,3,False,False,3,0,False,False
b11_partial,dqn_C_selected,14,85,728.0,272.0,728.0,272.0,259.0,0.0,86.0,66.0,18.235082451279474,481.0,65.0,717.0,85.0,717.0,272.0,246.0,26.0,0.0,11,0,True,True,10,10,False,False
b11_partial,dqn_C_selected,15,80,751.0,249.0,751.0,249.0,243.0,0.0,81.0,68.0,16.53961501951734,463.0,67.0,730.0,80.0,730.0,249.0,237.0,12.0,0.0,21,0,True,True,4,17,False,False
b11_partial,dqn_C_selected,16,86,722.0,278.0,722.0,278.0,263.0,0.0,87.0,72.0,18.240654778982936,501.0,71.0,712.0,86.0,712.0,278.0,248.0,30.0,0.0,10,0,True,False,3,0,False,False
b11_partial,dqn_C_selected,17,25,919.0,81.0,919.0,81.0,73.0,0.0,26.0,20.0,4.448588751836977,165.0,19.0,529.0,25.0,529.0,81.0,65.0,16.0,0.0,390,0,True,True,7,5,False,False
b11_partial,dqn_C_selected,18,88,713.0,287.0,713.0,287.0,266.0,0.0,88.0,70.0,18.579081921802672,471.0,70.0,713.0,88.0,713.0,287.0,245.0,42.0,0.0,0,0,False,True,7,4,False,False
b11_partial,dqn_C_selected,19,62,792.0,208.0,792.0,208.0,194.0,0.0,63.0,47.0,13.185279575767595,335.0,46.0,791.0,62.0,791.0,208.0,180.0,28.0,0.0,1,0,True,True,7,15,False,False
b11_partial,dqn_C_selected,20,43,857.0,143.0,857.0,143.0,133.0,0.0,44.0,31.0,8.711332783947524,209.0,30.0,849.0,43.0,849.0,143.0,123.0,20.0,0.0,8,0,True,True,8,22,False,False
b11_partial,dqn_C_selected,21,64,803.0,197.0,803.0,197.0,186.0,0.0,64.0,52.0,13.283058887755576,298.0,52.0,803.0,64.0,803.0,197.0,175.0,22.0,0.0,0,0,False,True,4,3,False,False
b11_partial,dqn_C_selected,22,90,718.0,282.0,718.0,282.0,266.0,0.0,91.0,74.0,18.767378670644213,501.0,73.0,698.0,90.0,698.0,282.0,250.0,32.0,0.0,20,0,True,True,12,11,False,False
b11_partial,dqn_C_selected,23,58,825.0,175.0,825.0,175.0,171.0,0.0,59.0,50.0,13.117031065524495,366.0,49.0,818.0,58.0,818.0,175.0,167.0,8.0,0.0,7,0,True,True,6,18,False,False
b11_partial,dqn_C_selected,24,70,754.0,246.0,754.0,246.0,224.0,0.0,71.0,57.0,14.096597043112489,389.0,56.0,710.0,70.0,710.0,246.0,202.0,44.0,0.0,44,0,True,True,7,11,False,False
b11_partial,dqn_C_selected,25,76,724.0,276.0,741.0,259.0,243.0,1.0,77.0,63.0,16.378195114980684,422.0,62.0,713.0,76.0,713.0,276.0,228.0,48.0,1.0,11,0,True,True,6,13,False,False
b11_partial,dqn_C_selected,26,92,715.0,285.0,715.0,285.0,277.0,0.0,93.0,74.0,19.646162729179334,540.0,73.0,687.0,92.0,687.0,285.0,269.0,16.0,0.0,28,0,True,False,3,0,False,False
b11_partial,dqn_C_selected,27,91,700.0,300.0,700.0,300.0,280.0,0.0,92.0,67.0,19.824687774039738,490.0,66.0,699.0,91.0,699.0,300.0,260.0,40.0,0.0,1,0,True,True,8,5,False,False
b11_partial,dqn_C_selected,28,75,752.0,248.0,752.0,248.0,235.0,0.0,76.0,55.0,16.798550560250423,393.0,54.0,717.0,75.0,717.0,248.0,222.0,26.0,0.0,35,0,True,False,3,0,False,False
b11_partial,dqn_C_selected,29,16,143.0,857.0,143.0,857.0,452.0,0.0,17.0,13.0,3.829794197580614,90.0,13.0,143.0,16.0,130.0,51.0,45.0,6.0,0.0,13,806,False,True,3,10,False,False
b11_partial,dqn_C_selected,30,49,370.0,630.0,370.0,630.0,386.0,0.0,50.0,33.0,9.894556078089579,235.0,33.0,370.0,49.0,370.0,303.0,141.0,162.0,0.0,0,327,False,True,7,7,False,False
b11_partial,dqn_C_selected,31,52,639.0,361.0,639.0,361.0,254.0,0.0,52.0,40.0,11.020101824310995,292.0,40.0,639.0,52.0,639.0,361.0,147.0,214.0,0.0,0,0,False,True,6,23,False,False
b11_partial,dqn_C_selected,32,83,743.0,257.0,743.0,257.0,253.0,0.0,84.0,69.0,17.725559525984067,513.0,68.0,734.0,83.0,734.0,257.0,249.0,8.0,0.0,9,0,True,True,10,8,False,False
b11_partial,dqn_C_selected,33,88,721.0,279.0,721.0,279.0,266.0,0.0,89.0,72.0,18.461885742613024,485.0,72.0,721.0,88.0,714.0,275.0,253.0,22.0,0.0,7,4,False,True,8,21,False,False
b11_partial,dqn_C_selected,34,85,722.0,278.0,722.0,278.0,262.0,0.0,86.0,72.0,16.801823017722512,515.0,71.0,721.0,85.0,721.0,278.0,246.0,32.0,0.0,1,0,True,True,6,17,False,False
b11_partial,dqn_C_selected,35,42,849.0,151.0,849.0,151.0,136.0,0.0,43.0,33.0,8.360121968180708,226.0,32.0,845.0,42.0,845.0,151.0,121.0,30.0,0.0,4,0,True,True,10,12,False,False
b11_partial,dqn_C_selected,36,84,684.0,316.0,684.0,316.0,273.0,0.0,85.0,64.0,16.972427714901706,468.0,63.0,683.0,84.0,683.0,316.0,250.0,66.0,0.0,1,0,True,True,4,1,False,False
b11_partial,dqn_C_selected,37,82,708.0,292.0,708.0,292.0,268.0,0.0,83.0,65.0,17.25322332306799,477.0,65.0,708.0,82.0,697.0,289.0,241.0,48.0,0.0,11,3,False,True,7,11,False,False
b11_partial,dqn_C_selected,38,93,689.0,311.0,689.0,311.0,291.0,0.0,94.0,68.0,19.834841510025324,438.0,67.0,686.0,93.0,686.0,311.0,271.0,40.0,0.0,3,0,True,True,3,18,False,False
b11_partial,dqn_C_selected,39,84,744.0,256.0,744.0,256.0,250.0,0.0,85.0,65.0,17.754072573548914,453.0,64.0,732.0,84.0,732.0,256.0,244.0,12.0,0.0,12,0,True,True,9,6,False,False
b11_partial,dqn_C_selected,40,87,705.0,295.0,705.0,295.0,276.0,0.0,88.0,68.0,18.314331351723215,490.0,67.0,698.0,87.0,698.0,295.0,257.0,38.0,0.0,7,0,True,True,7,11,False,False
b11_partial,dqn_C_selected,41,62,775.0,225.0,793.0,207.0,195.0,1.0,63.0,55.0,13.105088149781958,375.0,54.0,761.0,62.0,761.0,225.0,183.0,42.0,1.0,14,0,True,True,8,21,False,False
b11_partial,dqn_C_selected,42,67,789.0,211.0,789.0,211.0,205.0,0.0,68.0,62.0,14.716983702890987,470.0,61.0,779.0,67.0,779.0,211.0,199.0,12.0,0.0,10,0,True,True,4,18,False,False
b11_partial,dqn_C_selected,43,72,765.0,235.0,765.0,235.0,229.0,0.0,72.0,60.0,15.371161205902482,436.0,60.0,765.0,72.0,765.0,235.0,223.0,12.0,0.0,0,0,False,True,7,8,False,False
b11_partial,dqn_C_selected,44,80,744.0,256.0,744.0,256.0,245.0,0.0,81.0,68.0,17.902588722447124,433.0,67.0,656.0,80.0,656.0,256.0,234.0,22.0,0.0,88,0,True,True,8,6,False,False
b11_partial,dqn_C_selected,45,80,771.0,229.0,771.0,229.0,224.0,0.0,81.0,60.0,16.30917333617184,451.0,59.0,766.0,80.0,766.0,229.0,219.0,10.0,0.0,5,0,True,True,8,12,False,False
b11_partial,dqn_C_selected,46,3,229.0,771.0,229.0,771.0,390.0,0.0,4.0,3.0,0.8003920130502409,27.0,3.0,229.0,3.0,17.0,7.0,7.0,0.0,0.0,212,764,False,True,8,6,False,False
b11_partial,dqn_C_selected,47,92,685.0,315.0,688.0,312.0,293.0,1.0,93.0,72.0,19.450050290929703,471.0,72.0,685.0,92.0,685.0,305.0,277.0,28.0,0.0,0,10,False,True,9,6,False,False
b11_partial,dqn_C_selected,48,36,895.0,105.0,895.0,105.0,105.0,0.0,37.0,32.0,7.841707153480559,241.0,31.0,350.0,36.0,350.0,105.0,105.0,0.0,0.0,545,0,True,False,1,0,False,False
b11_partial,dqn_C_selected,49,1,998.0,2.0,998.0,2.0,2.0,0.0,2.0,1.0,0.40205696202531643,6.0,0.0,0.0,1.0,0.0,2.0,2.0,0.0,0.0,998,0,True,False,2,0,False,False
b11_partial,dqn_C_selected,50,89,722.0,278.0,722.0,278.0,264.0,0.0,89.0,69.0,17.0636688346581,528.0,69.0,722.0,89.0,722.0,278.0,250.0,28.0,0.0,0,0,False,True,6,3,False,False
b11_partial,dqn_C_selected,51,54,840.0,160.0,840.0,160.0,157.0,0.0,55.0,43.0,10.519340354267785,315.0,43.0,840.0,54.0,835.0,159.0,153.0,6.0,0.0,5,1,False,True,11,8,False,False
b11_partial,dqn_C_selected,52,66,778.0,222.0,778.0,222.0,205.0,0.0,67.0,48.0,13.480978152105221,357.0,47.0,762.0,66.0,762.0,222.0,188.0,34.0,0.0,16,0,True,False,2,0,False,False
b11_partial,dqn_C_selected,53,84,719.0,281.0,719.0,281.0,261.0,0.0,85.0,66.0,17.47148792674458,495.0,65.0,716.0,84.0,716.0,281.0,241.0,40.0,0.0,3,0,True,True,11,9,False,False
b11_partial,dqn_C_selected,54,50,835.0,165.0,835.0,165.0,158.0,0.0,51.0,42.0,10.217029812074971,281.0,41.0,594.0,50.0,594.0,165.0,151.0,14.0,0.0,241,0,True,True,6,19,False,False
b11_partial,dqn_C_selected,55,61,801.0,199.0,801.0,199.0,188.0,0.0,62.0,53.0,12.774830576452409,373.0,52.0,792.0,61.0,792.0,199.0,177.0,22.0,0.0,9,0,True,True,5,19,False,False
b11_partial,dqn_C_selected,56,92,700.0,300.0,713.0,287.0,277.0,1.0,93.0,73.0,19.975074065218458,493.0,73.0,700.0,92.0,700.0,297.0,269.0,28.0,1.0,0,3,False,False,2,0,False,False
b11_partial,dqn_C_selected,57,8,65.0,935.0,65.0,935.0,478.0,0.0,9.0,8.0,1.9845275842394656,52.0,8.0,65.0,8.0,65.0,21.0,21.0,0.0,0.0,0,914,False,True,3,3,False,False
b11_partial,dqn_C_selected,58,82,705.0,295.0,705.0,295.0,264.0,0.0,83.0,65.0,16.545353850887007,494.0,65.0,705.0,82.0,700.0,285.0,231.0,54.0,0.0,5,10,False,True,7,4,False,False
b11_partial,dqn_C_selected,59,89,737.0,263.0,737.0,263.0,257.0,0.0,90.0,70.0,18.210484779603604,520.0,69.0,729.0,89.0,729.0,263.0,251.0,12.0,0.0,8,0,True,False,4,0,False,False
b11_partial,dqn_C_selected,60,55,798.0,202.0,809.0,191.0,173.0,1.0,56.0,44.0,10.704258165659112,318.0,43.0,796.0,55.0,796.0,202.0,154.0,48.0,1.0,2,0,True,True,15,13,False,False
b11_partial,dqn_C_selected,61,58,805.0,195.0,805.0,195.0,186.0,0.0,59.0,48.0,12.653328156963886,310.0,47.0,457.0,58.0,457.0,195.0,177.0,18.0,0.0,348,0,True,True,5,16,False,False
b11_partial,dqn_C_selected,62,81,733.0,267.0,733.0,267.0,248.0,0.0,82.0,63.0,16.482737452349514,460.0,62.0,714.0,81.0,714.0,267.0,229.0,38.0,0.0,19,0,True,True,8,17,False,False
b11_partial,dqn_C_selected,63,64,799.0,201.0,799.0,201.0,195.0,0.0,65.0,58.0,13.32820930174953,422.0,57.0,593.0,64.0,593.0,201.0,189.0,12.0,0.0,206,0,True,True,5,20,False,False
b11_partial,dqn_C_selected,64,55,813.0,187.0,813.0,187.0,176.0,0.0,56.0,45.0,10.826030966160095,315.0,44.0,787.0,55.0,787.0,187.0,165.0,22.0,0.0,26,0,True,True,4,1,False,False
b11_partial,dqn_C_selected,65,66,799.0,201.0,799.0,201.0,195.0,0.0,67.0,57.0,14.02671479617718,397.0,56.0,795.0,66.0,795.0,201.0,189.0,12.0,0.0,4,0,True,True,7,5,False,False
b11_partial,dqn_C_selected,66,67,797.0,203.0,797.0,203.0,200.0,0.0,67.0,57.0,13.04017440557151,386.0,57.0,797.0,67.0,797.0,203.0,197.0,6.0,0.0,0,0,False,True,8,11,False,False
b11_partial,dqn_C_selected,67,88,724.0,276.0,724.0,276.0,265.0,0.0,89.0,70.0,18.450671796822636,492.0,69.0,719.0,88.0,719.0,276.0,254.0,22.0,0.0,5,0,True,True,9,15,False,False
b11_partial,dqn_C_selected,68,53,595.0,405.0,595.0,405.0,274.0,0.0,54.0,44.0,10.938249493075519,307.0,44.0,595.0,53.0,595.0,154.0,144.0,10.0,0.0,0,251,False,False,3,0,False,False
b11_partial,dqn_C_selected,69,79,629.0,371.0,650.0,350.0,285.0,1.0,80.0,61.0,16.55335447283746,446.0,60.0,625.0,79.0,625.0,371.0,221.0,150.0,1.0,4,0,True,True,6,8,False,False
b11_partial,dqn_C_selected,70,81,739.0,261.0,739.0,261.0,250.0,0.0,82.0,66.0,17.019378876526023,450.0,65.0,737.0,81.0,737.0,261.0,239.0,22.0,0.0,2,0,True,True,6,3,False,False
b11_partial,dqn_C_selected,71,40,873.0,127.0,873.0,127.0,117.0,0.0,41.0,36.0,8.377217001753603,260.0,35.0,372.0,40.0,372.0,127.0,107.0,20.0,0.0,501,0,True,True,11,9,False,False
b11_partial,dqn_C_selected,72,51,726.0,274.0,726.0,274.0,212.0,0.0,52.0,43.0,9.559591215779317,309.0,42.0,425.0,51.0,425.0,274.0,150.0,124.0,0.0,301,0,True,False,2,0,False,False
b11_partial,dqn_C_selected,73,91,696.0,304.0,696.0,304.0,290.0,0.0,92.0,75.0,18.60067148624871,505.0,74.0,693.0,91.0,693.0,304.0,276.0,28.0,0.0,3,0,True,True,7,11,False,False
b11_partial,dqn_C_selected,74,57,815.0,185.0,815.0,185.0,179.0,0.0,58.0,48.0,11.637258795722698,332.0,47.0,451.0,57.0,451.0,185.0,173.0,12.0,0.0,364,0,True,True,6,7,False,False
b11_partial,dqn_C_selected,75,50,833.0,167.0,833.0,167.0,156.0,0.0,51.0,42.0,10.246944256290673,308.0,41.0,468.0,50.0,468.0,167.0,145.0,22.0,0.0,365,0,True,True,13,11,False,False
b11_partial,dqn_C_selected,76,5,54.0,946.0,54.0,946.0,482.0,0.0,6.0,4.0,1.08672413751028,35.0,4.0,54.0,5.0,34.0,16.0,16.0,0.0,0.0,20,930,False,True,7,4,False,False
b11_partial,dqn_C_selected,77,69,620.0,380.0,637.0,363.0,276.0,1.0,70.0,56.0,14.784975974481736,433.0,56.0,620.0,69.0,620.0,243.0,191.0,52.0,1.0,0,137,False,True,7,4,False,False
b11_partial,dqn_C_selected,78,82,748.0,252.0,748.0,252.0,245.0,0.0,83.0,68.0,17.554602360388227,439.0,67.0,739.0,82.0,739.0,252.0,238.0,14.0,0.0,9,0,True,True,6,18,False,False
b11_partial,dqn_C_selected,79,59,781.0,219.0,781.0,219.0,198.0,0.0,60.0,44.0,12.026555364512184,320.0,43.0,651.0,59.0,651.0,219.0,177.0,42.0,0.0,130,0,True,True,4,1,False,False
b11_partial,dqn_C_selected,80,84,726.0,274.0,726.0,274.0,262.0,0.0,85.0,69.0,16.781054958534302,482.0,68.0,710.0,84.0,710.0,274.0,250.0,24.0,0.0,16,0,True,False,4,0,False,False
b11_partial,dqn_C_selected,81,80,734.0,266.0,734.0,266.0,247.0,0.0,81.0,67.0,17.059311318120194,462.0,67.0,734.0,80.0,705.0,265.0,242.0,23.0,0.0,29,1,False,True,4,2,False,False
b11_partial,dqn_C_selected,82,79,750.0,250.0,750.0,250.0,235.0,0.0,80.0,62.0,15.665833160926418,471.0,61.0,742.0,79.0,742.0,250.0,220.0,30.0,0.0,8,0,True,True,11,9,False,False
b11_partial,dqn_C_selected,83,32,886.0,114.0,886.0,114.0,107.0,0.0,33.0,31.0,6.399684586949317,201.0,30.0,464.0,32.0,464.0,114.0,100.0,14.0,0.0,422,0,True,True,4,20,False,False
b11_partial,dqn_C_selected,84,5,39.0,961.0,39.0,961.0,490.0,0.0,6.0,5.0,1.3035704496480647,35.0,5.0,39.0,5.0,38.0,18.0,18.0,0.0,0.0,1,943,False,True,6,20,False,False
b11_partial,dqn_C_selected,85,49,831.0,169.0,831.0,169.0,154.0,0.0,50.0,41.0,10.105935125985942,274.0,40.0,436.0,49.0,436.0,169.0,139.0,30.0,0.0,395,0,True,True,5,2,False,False
b11_partial,dqn_C_selected,86,76,717.0,283.0,733.0,267.0,249.0,1.0,76.0,64.0,15.955462389241472,412.0,64.0,717.0,76.0,717.0,283.0,231.0,52.0,1.0,0,0,False,True,8,13,False,False
b11_partial,dqn_C_selected,87,87,708.0,292.0,708.0,292.0,275.0,0.0,88.0,68.0,17.82355453047076,457.0,68.0,708.0,87.0,708.0,288.0,258.0,30.0,0.0,0,4,False,True,4,1,False,False
b11_partial,dqn_C_selected,88,90,733.0,267.0,733.0,267.0,262.0,0.0,91.0,70.0,20.210181399494296,498.0,69.0,683.0,90.0,683.0,267.0,257.0,10.0,0.0,50,0,True,True,8,5,False,False
b11_partial,dqn_C_selected,89,78,726.0,274.0,740.0,260.0,246.0,1.0,79.0,72.0,15.977581186555412,532.0,71.0,713.0,78.0,713.0,274.0,232.0,42.0,1.0,13,0,True,True,11,10,False,False
b11_partial,dqn_C_selected,90,71,748.0,252.0,748.0,252.0,229.0,0.0,72.0,55.0,13.822945853445272,388.0,54.0,524.0,71.0,524.0,252.0,206.0,46.0,0.0,224,0,True,True,8,5,False,False
b11_partial,dqn_C_selected,91,36,875.0,125.0,875.0,125.0,111.0,0.0,37.0,29.0,7.181907196844356,215.0,28.0,588.0,36.0,588.0,125.0,97.0,28.0,0.0,287,0,True,False,3,0,False,False
b11_partial,dqn_C_selected,92,58,793.0,207.0,793.0,207.0,188.0,0.0,59.0,51.0,11.528788078984634,371.0,50.0,559.0,58.0,559.0,207.0,169.0,38.0,0.0,234,0,True,True,5,19,False,False
b11_partial,dqn_C_selected,93,80,747.0,253.0,747.0,253.0,240.0,0.0,81.0,64.0,16.47841377828127,437.0,63.0,743.0,80.0,743.0,253.0,227.0,26.0,0.0,4,0,True,True,6,16,False,False
b11_partial,dqn_C_selected,94,75,732.0,268.0,732.0,268.0,244.0,0.0,76.0,61.0,15.80265252564057,439.0,60.0,727.0,75.0,727.0,268.0,220.0,48.0,0.0,5,0,True,True,8,14,False,False
b11_partial,dqn_C_selected,95,6,244.0,756.0,244.0,756.0,388.0,0.0,7.0,6.0,1.424892427812148,40.0,6.0,244.0,6.0,238.0,19.0,19.0,0.0,0.0,6,737,False,True,5,1,False,False
b11_partial,dqn_C_selected,96,89,713.0,287.0,713.0,287.0,272.0,0.0,90.0,74.0,18.03002120053458,541.0,73.0,654.0,89.0,654.0,287.0,257.0,30.0,0.0,59,0,True,True,6,19,False,False
b11_partial,dqn_C_selected,97,74,749.0,251.0,749.0,251.0,231.0,0.0,75.0,55.0,16.056360810559326,374.0,54.0,742.0,74.0,742.0,251.0,211.0,40.0,0.0,7,0,True,True,7,12,False,False
b11_partial,dqn_C_selected,98,90,720.0,280.0,720.0,280.0,273.0,0.0,91.0,65.0,20.28533560190381,445.0,64.0,711.0,90.0,711.0,280.0,266.0,14.0,0.0,9,0,True,False,2,0,False,False
b11_partial,dqn_C_selected,99,82,720.0,280.0,720.0,280.0,252.0,0.0,83.0,67.0,17.53283838506636,479.0,66.0,717.0,82.0,717.0,280.0,238.0,42.0,0.0,3,0,True,False,3,0,False,False
b11_partial,dqn_C_selected,100,43,864.0,136.0,864.0,136.0,133.0,0.0,44.0,37.0,8.716629543505078,264.0,36.0,857.0,43.0,857.0,136.0,130.0,6.0,0.0,7,0,True,True,6,5,False,False
b11_partial,dqn_C_selected,101,52,832.0,168.0,832.0,168.0,160.0,0.0,53.0,40.0,12.00465768365879,260.0,39.0,372.0,52.0,372.0,168.0,152.0,16.0,0.0,460,0,True,True,8,5,False,False
b11_partial,dqn_C_selected,102,27,196.0,804.0,196.0,804.0,444.0,0.0,28.0,22.0,5.936612569755416,142.0,22.0,196.0,27.0,179.0,81.0,81.0,0.0,0.0,17,723,False,True,5,1,False,False
b11_partial,dqn_C_selected,103,75,774.0,226.0,774.0,226.0,222.0,0.0,75.0,61.0,14.504800895924157,483.0,61.0,774.0,75.0,774.0,226.0,218.0,8.0,0.0,0,0,False,False,1,0,False,False
b11_partial,dqn_C_selected,104,87,736.0,264.0,736.0,264.0,254.0,0.0,88.0,71.0,16.969094095848845,522.0,70.0,730.0,87.0,730.0,264.0,244.0,20.0,0.0,6,0,True,True,6,12,False,False
b11_partial,dqn_C_selected,105,1,997.0,3.0,997.0,3.0,3.0,0.0,2.0,2.0,0.3261075949367088,17.0,1.0,16.0,1.0,16.0,3.0,3.0,0.0,0.0,981,0,True,True,9,16,False,False
b11_partial,dqn_C_selected,106,71,778.0,222.0,778.0,222.0,210.0,0.0,72.0,55.0,14.73040874899367,386.0,54.0,774.0,71.0,774.0,222.0,198.0,24.0,0.0,4,0,True,False,4,0,False,False
b11_partial,dqn_C_selected,107,23,557.0,443.0,557.0,443.0,254.0,0.0,24.0,18.0,5.045178675431655,135.0,17.0,139.0,23.0,139.0,443.0,65.0,378.0,0.0,418,0,True,False,1,0,False,False
b11_partial,dqn_C_selected,108,50,832.0,168.0,832.0,168.0,153.0,0.0,51.0,40.0,10.358891880151432,290.0,39.0,380.0,50.0,380.0,168.0,138.0,30.0,0.0,452,0,True,True,5,2,False,False
b11_partial,dqn_C_selected,109,83,718.0,282.0,718.0,282.0,264.0,0.0,84.0,69.0,17.60899042517161,489.0,68.0,705.0,83.0,705.0,282.0,246.0,36.0,0.0,13,0,True,False,3,0,False,False
b11_partial,dqn_C_selected,110,74,650.0,350.0,650.0,350.0,284.0,0.0,75.0,61.0,15.280885078997658,411.0,60.0,630.0,74.0,630.0,350.0,218.0,132.0,0.0,20,0,True,True,4,21,False,False
b11_partial,dqn_C_selected,111,67,791.0,209.0,791.0,209.0,200.0,0.0,68.0,50.0,13.514599584343847,365.0,49.0,776.0,67.0,776.0,209.0,191.0,18.0,0.0,15,0,True,False,3,0,False,False
b11_partial,dqn_C_selected,112,80,746.0,254.0,746.0,254.0,241.0,0.0,81.0,71.0,16.580657471156005,486.0,70.0,741.0,80.0,741.0,254.0,228.0,26.0,0.0,5,0,True,True,10,15,False,False
b11_partial,dqn_C_selected,113,39,866.0,134.0,866.0,134.0,125.0,0.0,40.0,33.0,7.335451837002964,247.0,32.0,390.0,39.0,390.0,134.0,116.0,18.0,0.0,476,0,True,True,8,11,False,False
b11_partial,dqn_C_selected,114,91,739.0,261.0,739.0,261.0,252.0,0.0,92.0,61.0,19.54213644319717,428.0,60.0,699.0,91.0,699.0,261.0,243.0,18.0,0.0,40,0,True,True,11,10,False,False
b11_partial,dqn_C_selected,115,66,479.0,521.0,501.0,499.0,346.0,1.0,67.0,53.0,14.496282678954916,344.0,53.0,479.0,66.0,479.0,247.0,193.0,54.0,1.0,0,274,False,True,9,21,False,False
b11_partial,dqn_C_selected,116,95,718.0,282.0,718.0,282.0,277.0,0.0,96.0,69.0,20.71257216042323,463.0,68.0,710.0,95.0,710.0,282.0,272.0,10.0,0.0,8,0,True,True,10,10,False,False
b11_partial,dqn_C_selected,117,102,709.0,291.0,709.0,291.0,284.0,0.0,103.0,77.0,22.025272826253367,505.0,76.0,706.0,102.0,706.0,291.0,277.0,14.0,0.0,3,0,True,False,1,0,False,False
b11_partial,dqn_C_selected,118,37,879.0,121.0,879.0,121.0,118.0,0.0,38.0,35.0,7.890115626590863,252.0,34.0,339.0,37.0,339.0,121.0,115.0,6.0,0.0,540,0,True,True,5,11,False,False
b11_partial,dqn_C_selected,119,86,723.0,277.0,723.0,277.0,260.0,0.0,87.0,67.0,16.919094364108478,487.0,67.0,723.0,86.0,720.0,276.0,242.0,34.0,0.0,3,1,False,True,7,3,False,False
b11_partial,dqn_C_selected,120,58,487.0,513.0,796.0,204.0,187.0,1.0,59.0,49.0,12.07480410108668,345.0,48.0,486.0,58.0,486.0,513.0,171.0,342.0,1.0,1,0,True,True,5,18,False,False
b11_partial,dqn_C_selected,121,86,692.0,308.0,711.0,289.0,268.0,1.0,87.0,66.0,18.103874078026088,465.0,65.0,691.0,86.0,691.0,308.0,248.0,60.0,1.0,1,0,True,True,3,19,False,False
b11_partial,dqn_C_selected,122,47,850.0,150.0,850.0,150.0,144.0,0.0,48.0,41.0,10.640238333260411,309.0,40.0,550.0,47.0,550.0,150.0,138.0,12.0,0.0,300,0,True,True,12,23,False,False
b11_partial,dqn_C_selected,123,41,853.0,147.0,853.0,147.0,133.0,0.0,42.0,31.0,8.745773775017692,218.0,30.0,334.0,41.0,334.0,147.0,119.0,28.0,0.0,519,0,True,True,10,7,False,False
b11_partial,dqn_C_selected,124,95,715.0,285.0,715.0,285.0,276.0,0.0,95.0,73.0,19.940321604907354,494.0,73.0,715.0,95.0,715.0,285.0,267.0,18.0,0.0,0,0,False,True,10,9,False,False
b11_partial,dqn_C_selected,125,17,142.0,858.0,142.0,858.0,453.0,0.0,17.0,15.0,3.358079301179499,107.0,15.0,142.0,17.0,142.0,858.0,48.0,810.0,0.0,0,0,False,True,8,7,False,False
b11_partial,dqn_C_selected,126,75,715.0,285.0,732.0,268.0,242.0,1.0,76.0,59.0,15.29364168519025,436.0,58.0,697.0,75.0,697.0,285.0,219.0,66.0,1.0,18,0,True,True,6,2,False,False
b11_partial,dqn_C_selected,127,88,696.0,304.0,696.0,304.0,285.0,0.0,89.0,73.0,18.29124646979788,532.0,73.0,696.0,88.0,695.0,287.0,263.0,24.0,0.0,1,17,False,False,4,0,False,False
b11_partial,dqn_C_selected,128,90,698.0,302.0,698.0,302.0,286.0,0.0,91.0,72.0,18.515574176284755,497.0,71.0,697.0,90.0,697.0,302.0,270.0,32.0,0.0,1,0,True,False,3,0,False,False
b11_partial,dqn_C_selected,129,86,704.0,296.0,704.0,296.0,281.0,0.0,87.0,71.0,18.180285000636513,468.0,70.0,701.0,86.0,701.0,296.0,266.0,30.0,0.0,3,0,True,True,8,4,False,False
b11_partial,dqn_C_selected,130,88,714.0,286.0,714.0,286.0,273.0,0.0,88.0,71.0,18.486740382417686,494.0,71.0,714.0,88.0,714.0,286.0,260.0,26.0,0.0,0,0,False,True,4,12,False,False
b11_partial,dqn_C_selected,131,36,843.0,157.0,860.0,140.0,121.0,1.0,37.0,29.0,7.511193452014544,196.0,28.0,280.0,36.0,280.0,157.0,105.0,52.0,1.0,563,0,True,True,8,11,False,False
b11_partial,dqn_C_selected,132,83,683.0,317.0,683.0,317.0,282.0,0.0,84.0,62.0,16.630657713562346,471.0,61.0,681.0,83.0,681.0,317.0,247.0,70.0,0.0,2,0,True,False,2,0,False,False
b11_partial,dqn_C_selected,133,91,712.0,288.0,712.0,288.0,276.0,0.0,92.0,75.0,19.778842644812936,540.0,75.0,712.0,91.0,712.0,287.0,265.0,22.0,0.0,0,1,False,True,9,15,False,False
b11_partial,dqn_C_selected,134,100,668.0,332.0,668.0,332.0,313.0,0.0,101.0,79.0,21.54748573971871,546.0,78.0,661.0,100.0,661.0,332.0,294.0,38.0,0.0,7,0,True,True,3,1,False,False
b11_partial,dqn_C_selected,135,80,724.0,276.0,724.0,276.0,261.0,0.0,81.0,69.0,16.433286540665865,469.0,68.0,720.0,80.0,720.0,276.0,246.0,30.0,0.0,4,0,True,True,5,1,False,False
b11_partial,dqn_C_selected,136,81,722.0,278.0,736.0,264.0,250.0,1.0,82.0,63.0,16.58772547475907,489.0,62.0,717.0,81.0,717.0,278.0,236.0,42.0,1.0,5,0,True,True,8,5,False,False
b11_partial,dqn_C_selected,137,77,751.0,249.0,751.0,249.0,236.0,0.0,78.0,60.0,16.640313793047063,394.0,59.0,741.0,77.0,741.0,249.0,223.0,26.0,0.0,10,0,True,True,9,13,False,False
b11_partial,dqn_C_selected,138,60,811.0,189.0,811.0,189.0,182.0,0.0,61.0,45.0,12.41619325191905,336.0,45.0,811.0,60.0,797.0,188.0,174.0,14.0,0.0,14,1,False,True,5,18,False,False
b11_partial,dqn_C_selected,139,26,265.0,735.0,265.0,735.0,403.0,0.0,27.0,23.0,5.224365170158987,157.0,23.0,265.0,26.0,248.0,75.0,69.0,6.0,0.0,17,660,False,True,10,7,False,False
b11_partial,dqn_C_selected,140,60,823.0,177.0,823.0,177.0,174.0,0.0,61.0,46.0,12.958477432831787,318.0,45.0,820.0,60.0,820.0,177.0,171.0,6.0,0.0,3,0,True,False,2,0,False,False
b11_partial,dqn_C_selected,141,29,905.0,95.0,905.0,95.0,89.0,0.0,30.0,26.0,6.158790176331851,175.0,25.0,480.0,29.0,480.0,95.0,83.0,12.0,0.0,425,0,True,True,8,5,False,False
b11_partial,dqn_C_selected,142,86,679.0,321.0,700.0,300.0,278.0,1.0,87.0,69.0,15.976475929980776,518.0,69.0,679.0,86.0,667.0,319.0,255.0,64.0,1.0,12,2,False,True,8,7,False,False
b11_partial,dqn_C_selected,143,77,755.0,245.0,755.0,245.0,238.0,0.0,78.0,63.0,16.02118848294898,455.0,62.0,753.0,77.0,753.0,245.0,231.0,14.0,0.0,2,0,True,True,5,5,False,False
b11_partial,dqn_C_selected,144,37,806.0,194.0,806.0,194.0,153.0,0.0,37.0,32.0,7.793746597492247,230.0,32.0,806.0,37.0,806.0,194.0,112.0,82.0,0.0,0,0,False,True,3,20,False,False
b11_partial,dqn_C_selected,145,87,728.0,272.0,728.0,272.0,261.0,0.0,88.0,68.0,17.515043278404473,510.0,67.0,724.0,87.0,724.0,272.0,250.0,22.0,0.0,4,0,True,True,5,10,False,False
b11_partial,dqn_C_selected,146,67,755.0,245.0,785.0,215.0,203.0,2.0,68.0,54.0,13.749236902843347,401.0,53.0,750.0,67.0,750.0,245.0,191.0,54.0,2.0,5,0,True,True,8,15,False,False
b11_partial,dqn_C_selected,147,52,832.0,168.0,832.0,168.0,160.0,0.0,53.0,43.0,11.695200274528904,306.0,42.0,508.0,52.0,508.0,168.0,152.0,16.0,0.0,324,0,True,True,5,18,False,False
b11_partial,dqn_C_selected,148,68,793.0,207.0,793.0,207.0,203.0,0.0,69.0,49.0,14.690147360656397,348.0,48.0,782.0,68.0,782.0,207.0,199.0,8.0,0.0,11,0,True,True,4,1,False,False
b11_partial,dqn_C_selected,149,62,808.0,192.0,808.0,192.0,185.0,0.0,62.0,51.0,12.20201105389343,413.0,51.0,808.0,62.0,808.0,192.0,178.0,14.0,0.0,0,0,False,True,10,7,False,False
b11_partial,dqn_C_selected,150,79,732.0,268.0,732.0,268.0,254.0,0.0,80.0,67.0,16.44874939925707,517.0,66.0,729.0,79.0,729.0,268.0,240.0,28.0,0.0,3,0,True,False,1,0,False,False
b11_partial,dqn_C_selected,151,85,718.0,282.0,718.0,282.0,266.0,0.0,86.0,69.0,16.852297864661256,499.0,69.0,718.0,85.0,718.0,280.0,250.0,30.0,0.0,0,2,False,True,11,10,False,False
b11_partial,dqn_C_selected,152,86,710.0,290.0,710.0,290.0,271.0,0.0,87.0,78.0,17.57507916052895,531.0,77.0,701.0,86.0,701.0,290.0,252.0,38.0,0.0,9,0,True,True,6,3,False,False
b11_partial,dqn_C_selected,153,64,567.0,433.0,567.0,433.0,310.0,0.0,65.0,54.0,13.745607727700907,377.0,54.0,567.0,64.0,567.0,211.0,187.0,24.0,0.0,0,222,False,True,4,19,False,False
b11_partial,dqn_C_selected,154,81,743.0,257.0,743.0,257.0,252.0,0.0,82.0,71.0,17.41419628267803,471.0,70.0,741.0,81.0,741.0,257.0,247.0,10.0,0.0,2,0,True,True,3,1,False,False
b11_partial,dqn_C_selected,155,63,790.0,210.0,801.0,199.0,190.0,1.0,64.0,51.0,13.507021617360069,409.0,50.0,779.0,63.0,779.0,210.0,182.0,28.0,1.0,11,0,True,True,13,10,False,False
b11_partial,dqn_C_selected,156,73,773.0,227.0,773.0,227.0,222.0,0.0,74.0,65.0,15.625437660723353,483.0,64.0,759.0,73.0,759.0,227.0,217.0,10.0,0.0,14,0,True,False,3,0,False,False
b11_partial,dqn_C_selected,157,60,775.0,225.0,775.0,225.0,201.0,0.0,61.0,53.0,11.993897167114083,397.0,52.0,770.0,60.0,770.0,225.0,185.0,40.0,0.0,5,0,True,True,10,9,False,False
b11_partial,dqn_C_selected,158,62,542.0,458.0,803.0,197.0,185.0,1.0,63.0,52.0,13.573487200509133,387.0,51.0,499.0,62.0,499.0,458.0,174.0,284.0,1.0,43,0,True,False,3,0,False,False
b11_partial,dqn_C_selected,159,81,749.0,251.0,749.0,251.0,245.0,0.0,82.0,66.0,17.692293037430808,467.0,65.0,728.0,81.0,728.0,251.0,239.0,12.0,0.0,21,0,True,True,10,9,False,False
b11_partial,dqn_C_selected,160,88,705.0,295.0,725.0,275.0,264.0,1.0,89.0,68.0,18.009913536409712,504.0,67.0,702.0,88.0,702.0,295.0,253.0,42.0,1.0,3,0,True,True,8,11,False,False
b11_partial,dqn_C_selected,161,100,659.0,341.0,659.0,341.0,318.0,0.0,101.0,71.0,21.442396524094296,473.0,71.0,659.0,100.0,653.0,340.0,294.0,46.0,0.0,6,1,False,False,2,0,False,False
b11_partial,dqn_C_selected,162,98,676.0,324.0,676.0,324.0,308.0,0.0,99.0,76.0,19.89825573309623,529.0,76.0,676.0,98.0,675.0,323.0,291.0,32.0,0.0,1,1,False,False,1,0,False,False
b11_partial,dqn_C_selected,163,85,722.0,278.0,722.0,278.0,263.0,0.0,86.0,72.0,17.01722381065182,489.0,71.0,720.0,85.0,720.0,278.0,248.0,30.0,0.0,2,0,True,True,5,18,False,False
b11_partial,dqn_C_selected,164,86,747.0,253.0,747.0,253.0,249.0,0.0,87.0,60.0,19.163486630290144,418.0,59.0,743.0,86.0,743.0,253.0,245.0,8.0,0.0,4,0,True,True,10,14,False,False
b11_partial,dqn_C_selected,165,68,784.0,216.0,784.0,216.0,208.0,0.0,69.0,57.0,13.38791524078616,397.0,56.0,783.0,68.0,783.0,216.0,200.0,16.0,0.0,1,0,True,True,10,7,False,False
b11_partial,dqn_C_selected,166,89,726.0,274.0,726.0,274.0,261.0,0.0,89.0,64.0,17.884535042442213,487.0,64.0,726.0,89.0,726.0,274.0,248.0,26.0,0.0,0,0,False,True,7,20,False,False
b11_partial,dqn_C_selected,167,83,749.0,251.0,749.0,251.0,249.0,0.0,84.0,68.0,17.480025008100526,518.0,67.0,746.0,83.0,746.0,251.0,247.0,4.0,0.0,3,0,True,True,10,10,False,False
b11_partial,dqn_C_selected,168,43,858.0,142.0,858.0,142.0,135.0,0.0,44.0,32.0,9.536207847399938,221.0,31.0,405.0,43.0,405.0,142.0,128.0,14.0,0.0,453,0,True,False,2,0,False,False
b11_partial,dqn_C_selected,169,66,765.0,235.0,779.0,221.0,210.0,1.0,67.0,52.0,13.789564287236031,404.0,51.0,620.0,66.0,620.0,235.0,199.0,36.0,1.0,145,0,True,True,6,11,False,False
b11_partial,dqn_C_selected,170,91,710.0,290.0,710.0,290.0,280.0,0.0,92.0,75.0,19.273052078718038,525.0,74.0,693.0,91.0,693.0,290.0,270.0,20.0,0.0,17,0,True,True,8,4,False,False
b11_partial,dqn_C_selected,171,83,733.0,267.0,733.0,267.0,255.0,0.0,84.0,63.0,17.193337307810523,474.0,62.0,604.0,83.0,604.0,267.0,243.0,24.0,0.0,129,0,True,True,7,7,False,False
b11_partial,dqn_C_selected,172,76,750.0,250.0,750.0,250.0,239.0,0.0,77.0,62.0,15.10356961537974,460.0,61.0,739.0,76.0,739.0,250.0,228.0,22.0,0.0,11,0,True,False,2,0,False,False
b11_partial,dqn_C_selected,173,58,822.0,178.0,822.0,178.0,171.0,0.0,59.0,46.0,11.730547512512349,379.0,45.0,807.0,58.0,807.0,178.0,164.0,14.0,0.0,15,0,True,True,6,4,False,False
b11_partial,dqn_C_selected,174,78,744.0,256.0,744.0,256.0,247.0,0.0,79.0,66.0,16.70011310606501,453.0,66.0,744.0,78.0,734.0,255.0,237.0,18.0,0.0,10,1,False,True,10,15,False,False
b11_partial,dqn_C_selected,175,58,819.0,181.0,819.0,181.0,177.0,0.0,59.0,45.0,11.911583747495383,320.0,44.0,398.0,58.0,398.0,181.0,173.0,8.0,0.0,421,0,True,True,9,8,False,False
b11_partial,dqn_C_selected,176,85,724.0,276.0,724.0,276.0,265.0,0.0,86.0,76.0,18.538875623700935,535.0,75.0,720.0,85.0,720.0,276.0,254.0,22.0,0.0,4,0,True,False,1,0,False,False
b11_partial,dqn_C_selected,177,36,874.0,126.0,874.0,126.0,116.0,0.0,37.0,30.0,7.918828647770231,213.0,29.0,708.0,36.0,708.0,126.0,106.0,20.0,0.0,166,0,True,False,2,0,False,False
b11_partial,dqn_C_selected,178,95,654.0,346.0,654.0,346.0,308.0,0.0,96.0,74.0,20.45067741933992,475.0,74.0,654.0,95.0,654.0,299.0,269.0,30.0,0.0,0,47,False,True,9,9,False,False
b11_partial,dqn_C_selected,179,89,701.0,299.0,705.0,295.0,280.0,1.0,90.0,69.0,18.085758729895407,468.0,68.0,699.0,89.0,699.0,299.0,265.0,34.0,1.0,2,0,True,True,7,18,False,False
b11_partial,dqn_C_selected,180,38,477.0,523.0,477.0,523.0,314.0,0.0,39.0,33.0,7.835361629644075,211.0,33.0,477.0,38.0,477.0,119.0,107.0,12.0,0.0,0,404,False,True,9,7,False,False
b11_partial,dqn_C_selected,181,52,806.0,194.0,806.0,194.0,175.0,0.0,53.0,44.0,10.125238057497986,353.0,43.0,794.0,52.0,794.0,194.0,156.0,38.0,0.0,12,0,True,False,3,0,False,False
b11_partial,dqn_C_selected,182,80,711.0,289.0,727.0,273.0,254.0,1.0,81.0,56.0,16.794963949120028,369.0,56.0,711.0,80.0,706.0,287.0,233.0,54.0,1.0,5,2,False,True,8,5,False,False
b11_partial,dqn_C_selected,183,90,694.0,306.0,694.0,306.0,283.0,0.0,91.0,68.0,19.03056770598483,504.0,67.0,688.0,90.0,688.0,306.0,260.0,46.0,0.0,6,0,True,True,7,12,False,False
b11_partial,dqn_C_selected,184,66,788.0,212.0,788.0,212.0,204.0,0.0,67.0,58.0,13.447477969403696,433.0,57.0,649.0,66.0,649.0,212.0,196.0,16.0,0.0,139,0,True,True,10,22,False,False
b11_partial,dqn_C_selected,185,87,704.0,296.0,704.0,296.0,274.0,0.0,87.0,73.0,17.507686453394257,512.0,73.0,704.0,87.0,704.0,296.0,252.0,44.0,0.0,0,0,False,True,8,12,False,False
b11_partial,dqn_C_selected,186,71,780.0,220.0,780.0,220.0,216.0,0.0,72.0,58.0,14.45175967871568,456.0,57.0,771.0,71.0,771.0,220.0,212.0,8.0,0.0,9,0,True,True,9,7,False,False
b11_partial,dqn_C_selected,187,69,532.0,468.0,532.0,468.0,329.0,0.0,69.0,50.0,14.039318585345749,375.0,50.0,532.0,69.0,532.0,468.0,190.0,278.0,0.0,0,0,False,False,3,0,False,False
b11_partial,dqn_C_selected,188,85,698.0,302.0,719.0,281.0,259.0,1.0,86.0,72.0,19.00943557602595,486.0,71.0,689.0,85.0,689.0,302.0,238.0,64.0,1.0,9,0,True,False,2,0,False,False
b11_partial,dqn_C_selected,189,72,770.0,230.0,770.0,230.0,217.0,0.0,73.0,55.0,14.782439130928728,420.0,54.0,592.0,72.0,592.0,230.0,204.0,26.0,0.0,178,0,True,False,3,0,False,False
b11_partial,dqn_C_selected,190,74,710.0,290.0,724.0,276.0,250.0,1.0,75.0,62.0,14.529750201331773,448.0,61.0,615.0,74.0,615.0,290.0,224.0,66.0,1.0,95,0,True,True,7,4,False,False
b11_partial,dqn_C_selected,191,54,826.0,174.0,826.0,174.0,164.0,0.0,55.0,45.0,11.883061272250593,290.0,44.0,472.0,54.0,472.0,174.0,154.0,20.0,0.0,354,0,True,True,4,10,False,False
b11_partial,dqn_C_selected,192,38,869.0,131.0,869.0,131.0,121.0,0.0,39.0,32.0,7.700219357314934,248.0,31.0,338.0,38.0,338.0,131.0,111.0,20.0,0.0,531,0,True,True,7,18,False,False
b11_partial,dqn_C_selected,193,95,714.0,286.0,714.0,286.0,279.0,0.0,96.0,75.0,19.802601386304758,498.0,74.0,710.0,95.0,710.0,286.0,272.0,14.0,0.0,4,0,True,False,3,0,False,False
b11_partial,dqn_C_selected,194,87,738.0,262.0,738.0,262.0,256.0,0.0,88.0,70.0,18.73874547604979,489.0,69.0,728.0,87.0,728.0,262.0,250.0,12.0,0.0,10,0,True,False,2,0,False,False
b11_partial,dqn_C_selected,195,58,814.0,186.0,814.0,186.0,175.0,0.0,59.0,42.0,11.255463349843541,331.0,41.0,805.0,58.0,805.0,186.0,164.0,22.0,0.0,9,0,True,True,4,2,False,False
b11_partial,dqn_C_selected,196,65,789.0,211.0,789.0,211.0,200.0,0.0,66.0,52.0,13.50210245544397,359.0,52.0,789.0,65.0,777.0,208.0,186.0,22.0,0.0,12,3,False,True,8,6,False,False
b11_partial,dqn_C_selected,197,65,801.0,199.0,801.0,199.0,193.0,0.0,66.0,48.0,13.715659315704537,339.0,47.0,795.0,65.0,795.0,199.0,187.0,12.0,0.0,6,0,True,True,3,20,False,False
b11_partial,dqn_C_selected,198,78,720.0,280.0,735.0,265.0,250.0,1.0,79.0,59.0,16.587565034454155,402.0,58.0,716.0,78.0,716.0,280.0,236.0,44.0,1.0,4,0,True,False,3,0,False,False
b11_partial,dqn_C_selected,199,51,823.0,177.0,823.0,177.0,167.0,0.0,52.0,39.0,11.003627547586188,258.0,38.0,323.0,51.0,323.0,177.0,157.0,20.0,0.0,500,0,True,True,6,3,False,False
b11_partial,dqn_C_selected,200,82,749.0,251.0,749.0,251.0,244.0,0.0,83.0,66.0,16.78163504194836,468.0,65.0,733.0,82.0,733.0,251.0,237.0,14.0,0.0,16,0,True,True,5,1,False,False
b11_partial,dqn_C_selected,201,73,774.0,226.0,774.0,226.0,221.0,0.0,73.0,59.0,14.888159690165175,394.0,59.0,774.0,73.0,774.0,226.0,216.0,10.0,0.0,0,0,False,False,2,0,False,False
b11_partial,dqn_C_selected,202,87,725.0,275.0,725.0,275.0,257.0,0.0,88.0,65.0,17.455118246576234,493.0,64.0,720.0,87.0,720.0,275.0,239.0,36.0,0.0,5,0,True,True,11,8,False,False
b11_partial,dqn_C_selected,203,91,707.0,293.0,707.0,293.0,283.0,0.0,92.0,77.0,18.433504821557527,539.0,77.0,707.0,91.0,704.0,290.0,270.0,20.0,0.0,3,3,False,True,7,3,False,False
b11_partial,dqn_C_selected,204,84,733.0,267.0,733.0,267.0,254.0,0.0,85.0,69.0,17.442055828628714,529.0,68.0,730.0,84.0,730.0,267.0,241.0,26.0,0.0,3,0,True,True,6,4,False,False
b11_partial,dqn_C_selected,205,57,825.0,175.0,825.0,175.0,167.0,0.0,58.0,47.0,11.871879624663299,355.0,46.0,820.0,57.0,820.0,175.0,159.0,16.0,0.0,5,0,True,False,1,0,False,False
b11_partial,dqn_C_selected,206,62,802.0,198.0,802.0,198.0,190.0,0.0,63.0,53.0,12.591955781492056,394.0,53.0,802.0,62.0,790.0,197.0,181.0,16.0,0.0,12,1,False,True,8,15,False,False
b11_partial,dqn_C_selected,207,55,794.0,206.0,825.0,175.0,169.0,2.0,56.0,48.0,11.236813279930114,363.0,47.0,762.0,55.0,762.0,206.0,166.0,40.0,2.0,32,0,True,True,4,10,False,False
b11_partial,dqn_C_selected,208,91,723.0,277.0,723.0,277.0,270.0,0.0,92.0,74.0,20.050047565413134,526.0,73.0,718.0,91.0,718.0,277.0,263.0,14.0,0.0,5,0,True,False,2,0,False,False
b11_partial,dqn_C_selected,209,55,799.0,201.0,799.0,201.0,182.0,0.0,56.0,46.0,10.723334767493254,339.0,45.0,787.0,55.0,787.0,201.0,163.0,38.0,0.0,12,0,True,True,8,8,False,False
b11_partial,dqn_C_selected,210,98,674.0,326.0,674.0,326.0,306.0,0.0,99.0,77.0,21.04907829148895,519.0,76.0,666.0,98.0,666.0,326.0,286.0,40.0,0.0,8,0,True,True,4,2,False,False
b11_partial,dqn_C_selected,211,88,714.0,286.0,714.0,286.0,272.0,0.0,89.0,67.0,18.248123193479902,502.0,67.0,714.0,88.0,712.0,284.0,256.0,28.0,0.0,2,2,False,True,9,8,False,False
b11_partial,dqn_C_selected,212,69,756.0,244.0,773.0,227.0,215.0,1.0,70.0,54.0,14.541732729041321,375.0,53.0,745.0,69.0,745.0,244.0,204.0,40.0,1.0,11,0,True,True,6,16,False,False
b11_partial,dqn_C_selected,213,88,732.0,268.0,732.0,268.0,259.0,0.0,89.0,68.0,18.16873987017968,507.0,67.0,725.0,88.0,725.0,268.0,250.0,18.0,0.0,7,0,True,True,4,2,False,False
b11_partial,dqn_C_selected,214,87,722.0,278.0,722.0,278.0,267.0,0.0,88.0,70.0,18.05529945308246,491.0,69.0,720.0,87.0,720.0,278.0,256.0,22.0,0.0,2,0,True,True,8,8,False,False
b11_partial,dqn_C_selected,215,31,903.0,97.0,903.0,97.0,91.0,0.0,32.0,28.0,6.17328553792706,201.0,27.0,325.0,31.0,325.0,97.0,85.0,12.0,0.0,578,0,True,True,9,8,False,False
b11_partial,dqn_C_selected,216,69,748.0,252.0,764.0,236.0,222.0,1.0,69.0,61.0,13.728684589941272,431.0,61.0,748.0,69.0,748.0,252.0,208.0,44.0,1.0,0,0,False,False,4,0,False,False
b11_partial,dqn_C_selected,217,17,946.0,54.0,946.0,54.0,51.0,0.0,18.0,14.0,4.015281484717076,83.0,13.0,445.0,17.0,445.0,54.0,48.0,6.0,0.0,501,0,True,True,3,2,False,False
b11_partial,dqn_C_selected,218,81,736.0,264.0,736.0,264.0,250.0,0.0,82.0,70.0,16.35507571155027,499.0,69.0,714.0,81.0,714.0,264.0,236.0,28.0,0.0,22,0,True,False,1,0,False,False
b11_partial,dqn_C_selected,219,89,699.0,301.0,717.0,283.0,270.0,1.0,90.0,74.0,19.014405666103993,506.0,73.0,681.0,89.0,681.0,301.0,257.0,44.0,1.0,18,0,True,True,11,8,False,False
b11_partial,dqn_C_selected,220,89,710.0,290.0,710.0,290.0,276.0,0.0,89.0,75.0,19.366336192707042,525.0,75.0,710.0,89.0,710.0,290.0,262.0,28.0,0.0,0,0,False,True,7,16,False,False
b11_partial,dqn_C_selected,221,78,733.0,267.0,733.0,267.0,253.0,0.0,79.0,63.0,15.328288764550493,501.0,62.0,728.0,78.0,728.0,267.0,239.0,28.0,0.0,5,0,True,True,13,10,False,False
b11_partial,dqn_C_selected,222,81,720.0,280.0,720.0,280.0,258.0,0.0,82.0,63.0,15.409173980037195,480.0,62.0,716.0,81.0,716.0,280.0,236.0,44.0,0.0,4,0,True,True,7,18,False,False
b11_partial,dqn_C_selected,223,78,727.0,273.0,727.0,273.0,249.0,0.0,79.0,65.0,16.801593593824116,460.0,64.0,725.0,78.0,725.0,273.0,225.0,48.0,0.0,2,0,True,True,6,12,False,False
b11_partial,dqn_C_selected,224,56,435.0,565.0,452.0,548.0,356.0,1.0,57.0,43.0,12.797149766448621,267.0,42.0,433.0,56.0,433.0,565.0,165.0,400.0,1.0,2,0,True,False,3,0,False,False
b11_partial,dqn_C_selected,225,87,718.0,282.0,718.0,282.0,270.0,0.0,88.0,67.0,18.536125478450064,446.0,66.0,694.0,87.0,694.0,282.0,258.0,24.0,0.0,24,0,True,True,6,18,False,False
b11_partial,dqn_C_selected,226,92,707.0,293.0,707.0,293.0,284.0,0.0,93.0,74.0,21.01954329539693,523.0,73.0,684.0,92.0,684.0,293.0,275.0,18.0,0.0,23,0,True,True,4,3,False,False
b11_partial,dqn_C_selected,227,76,758.0,242.0,758.0,242.0,234.0,0.0,77.0,61.0,16.893340244796562,402.0,60.0,754.0,76.0,754.0,242.0,226.0,16.0,0.0,4,0,True,True,4,3,False,False
b11_partial,dqn_C_selected,228,79,736.0,264.0,736.0,264.0,250.0,0.0,80.0,66.0,16.12866900362388,470.0,65.0,719.0,79.0,719.0,264.0,236.0,28.0,0.0,17,0,True,True,7,4,False,False
b11_partial,dqn_C_selected,229,85,742.0,258.0,742.0,258.0,253.0,0.0,86.0,66.0,18.657239757712507,446.0,65.0,734.0,85.0,734.0,258.0,248.0,10.0,0.0,8,0,True,False,1,0,False,False
b11_partial,dqn_C_selected,230,86,685.0,315.0,707.0,293.0,272.0,1.0,87.0,68.0,17.745944703806494,475.0,67.0,675.0,86.0,675.0,315.0,251.0,64.0,1.0,10,0,True,False,3,0,False,False
b11_partial,dqn_C_selected,231,81,730.0,270.0,730.0,270.0,257.0,0.0,82.0,69.0,17.07002233642252,471.0,68.0,727.0,81.0,727.0,270.0,244.0,26.0,0.0,3,0,True,True,4,2,False,False
b11_partial,dqn_C_selected,232,85,715.0,285.0,715.0,285.0,269.0,0.0,86.0,68.0,17.797316400163776,463.0,67.0,705.0,85.0,705.0,285.0,253.0,32.0,0.0,10,0,True,True,4,2,False,False
b11_partial,dqn_C_selected,233,1,997.0,3.0,997.0,3.0,3.0,0.0,2.0,2.0,0.42658227848101266,14.0,1.0,4.0,1.0,4.0,3.0,3.0,0.0,0.0,993,0,True,True,7,4,False,False
b11_partial,dqn_C_selected,234,80,726.0,274.0,726.0,274.0,258.0,0.0,81.0,66.0,16.277754100957743,466.0,66.0,726.0,80.0,706.0,272.0,240.0,32.0,0.0,20,2,False,True,8,6,False,False
b11_partial,dqn_C_selected,235,86,731.0,269.0,731.0,269.0,261.0,0.0,87.0,66.0,17.853112755372397,454.0,65.0,717.0,86.0,717.0,269.0,253.0,16.0,0.0,14,0,True,True,5,3,False,False
b11_partial,dqn_C_selected,236,92,632.0,368.0,647.0,353.0,312.0,1.0,93.0,69.0,20.577959571052375,451.0,69.0,632.0,92.0,632.0,308.0,272.0,36.0,1.0,0,60,False,False,1,0,False,False
b11_partial,dqn_C_selected,237,76,757.0,243.0,757.0,243.0,234.0,0.0,77.0,64.0,16.1779858673423,444.0,64.0,757.0,76.0,757.0,241.0,223.0,18.0,0.0,0,2,False,False,1,0,False,False
b11_partial,dqn_C_selected,238,94,661.0,339.0,661.0,339.0,308.0,0.0,95.0,66.0,19.94018155954796,468.0,65.0,658.0,94.0,658.0,339.0,277.0,62.0,0.0,3,0,True,True,5,1,False,False
b11_partial,dqn_C_selected,239,5,53.0,947.0,53.0,947.0,481.0,0.0,6.0,5.0,0.9423732685258334,36.0,5.0,53.0,5.0,37.0,19.0,15.0,4.0,0.0,16,928,False,True,6,3,False,False
b11_partial,dqn_C_selected,240,63,769.0,231.0,769.0,231.0,213.0,0.0,64.0,49.0,12.32921447164581,364.0,48.0,763.0,63.0,763.0,231.0,195.0,36.0,0.0,6,0,True,True,4,13,False,False
b11_partial,dqn_C_selected,241,75,754.0,246.0,754.0,246.0,234.0,0.0,76.0,68.0,14.507431531539751,509.0,67.0,749.0,75.0,749.0,246.0,222.0,24.0,0.0,5,0,True,True,8,8,False,False
b11_partial,dqn_C_selected,242,86,716.0,284.0,716.0,284.0,269.0,0.0,87.0,72.0,17.989859665401944,530.0,71.0,715.0,86.0,715.0,284.0,254.0,30.0,0.0,1,0,True,False,1,0,False,False
b11_partial,dqn_C_selected,243,9,965.0,35.0,965.0,35.0,30.0,0.0,10.0,8.0,1.7845001817485913,50.0,7.0,417.0,9.0,417.0,35.0,25.0,10.0,0.0,548,0,True,True,5,19,False,False
b11_partial,dqn_C_selected,244,84,696.0,304.0,696.0,304.0,275.0,0.0,85.0,69.0,16.488296946007313,511.0,68.0,686.0,84.0,686.0,304.0,246.0,58.0,0.0,10,0,True,True,5,5,False,False
b11_partial,dqn_C_selected,245,47,811.0,189.0,840.0,160.0,150.0,2.0,48.0,42.0,10.844040189560348,270.0,42.0,811.0,47.0,768.0,188.0,138.0,50.0,2.0,43,1,False,True,7,10,False,False
b11_partial,dqn_C_selected,246,41,869.0,131.0,869.0,131.0,126.0,0.0,42.0,37.0,8.178471762777916,254.0,36.0,441.0,41.0,441.0,131.0,121.0,10.0,0.0,428,0,True,True,6,17,False,False
b11_partial,dqn_C_selected,247,67,752.0,248.0,768.0,232.0,214.0,1.0,68.0,50.0,14.419782823759535,313.0,50.0,752.0,67.0,752.0,246.0,194.0,52.0,1.0,0,2,False,True,3,1,False,False
b11_partial,dqn_C_selected,248,92,696.0,304.0,716.0,284.0,272.0,1.0,93.0,77.0,19.21552139021352,537.0,76.0,692.0,92.0,692.0,304.0,260.0,44.0,1.0,4,0,True,False,2,0,False,False
b11_partial,dqn_C_selected,249,57,815.0,185.0,815.0,185.0,174.0,0.0,58.0,48.0,12.101005728522104,335.0,47.0,795.0,57.0,795.0,185.0,163.0,22.0,0.0,20,0,True,True,4,4,False,False
b11_partial,dqn_C_selected,250,84,727.0,273.0,727.0,273.0,260.0,0.0,85.0,68.0,18.00389947746927,478.0,67.0,725.0,84.0,725.0,273.0,247.0,26.0,0.0,2,0,True,False,1,0,False,False
b11_partial,dqn_C_selected,251,61,809.0,191.0,809.0,191.0,181.0,0.0,61.0,45.0,12.34967170149096,327.0,45.0,809.0,61.0,809.0,191.0,172.0,19.0,0.0,0,0,False,False,3,0,False,False
b11_partial,dqn_C_selected,252,83,737.0,263.0,737.0,263.0,251.0,0.0,84.0,71.0,17.02989618586061,531.0,70.0,724.0,83.0,724.0,263.0,239.0,24.0,0.0,13,0,True,True,10,13,False,False
b11_partial,dqn_C_selected,253,21,936.0,64.0,936.0,64.0,58.0,0.0,22.0,13.0,4.76205733001693,86.0,12.0,930.0,21.0,930.0,64.0,52.0,12.0,0.0,6,0,True,True,5,14,False,False
b11_partial,dqn_C_selected,254,56,464.0,536.0,464.0,536.0,349.0,0.0,57.0,41.0,11.916451313658264,283.0,41.0,464.0,56.0,464.0,534.0,160.0,374.0,0.0,0,2,False,False,1,0,False,False
b11_partial,dqn_C_selected,255,103,652.0,348.0,652.0,348.0,319.0,0.0,104.0,76.0,20.218337035095338,523.0,75.0,651.0,103.0,651.0,348.0,290.0,58.0,0.0,1,0,True,True,8,12,False,False
b11_partial,dqn_C_selected,256,57,818.0,182.0,818.0,182.0,174.0,0.0,58.0,49.0,11.735927945234653,337.0,48.0,448.0,57.0,448.0,182.0,166.0,16.0,0.0,370,0,True,True,9,15,False,False
b11_partial,dqn_C_selected,257,29,910.0,90.0,910.0,90.0,90.0,0.0,30.0,26.0,6.458151506661654,186.0,25.0,907.0,29.0,907.0,90.0,90.0,0.0,0.0,3,0,True,True,5,1,False,False
b11_partial,dqn_C_selected,258,96,695.0,305.0,695.0,305.0,290.0,0.0,97.0,69.0,20.605041150477316,480.0,68.0,693.0,96.0,693.0,305.0,275.0,30.0,0.0,2,0,True,True,6,15,False,False
b11_partial,dqn_C_selected,259,5,75.0,925.0,75.0,925.0,470.0,0.0,6.0,6.0,1.3299275574525407,49.0,6.0,75.0,5.0,65.0,14.0,14.0,0.0,0.0,10,911,False,True,7,6,False,False
b11_partial,dqn_C_selected,260,81,720.0,280.0,720.0,280.0,258.0,0.0,82.0,68.0,16.08219928735221,471.0,67.0,707.0,81.0,707.0,280.0,236.0,44.0,0.0,13,0,True,True,6,11,False,False
b11_partial,dqn_C_selected,261,85,730.0,270.0,730.0,270.0,260.0,0.0,86.0,71.0,17.561669015312177,514.0,70.0,723.0,85.0,723.0,270.0,250.0,20.0,0.0,7,0,True,True,4,3,False,False
b11_partial,dqn_C_selected,262,85,732.0,268.0,732.0,268.0,253.0,0.0,86.0,64.0,18.284709846350488,458.0,64.0,732.0,85.0,721.0,267.0,237.0,30.0,0.0,11,1,False,True,5,17,False,False
b11_partial,dqn_C_selected,263,38,868.0,132.0,868.0,132.0,122.0,0.0,39.0,32.0,8.262460960527159,230.0,31.0,294.0,38.0,294.0,132.0,112.0,20.0,0.0,574,0,True,True,5,14,False,False
b11_partial,dqn_C_selected,264,63,808.0,192.0,808.0,192.0,187.0,0.0,64.0,52.0,13.51036145339199,375.0,51.0,801.0,63.0,801.0,192.0,182.0,10.0,0.0,7,0,True,True,7,4,False,False
b11_partial,dqn_C_selected,265,14,128.0,872.0,128.0,872.0,456.0,0.0,15.0,13.0,2.1787852544281536,121.0,12.0,122.0,14.0,122.0,872.0,40.0,832.0,0.0,6,0,True,True,13,13,False,False
b11_partial,dqn_C_selected,266,46,849.0,151.0,849.0,151.0,145.0,0.0,47.0,38.0,9.677410418369465,269.0,37.0,493.0,46.0,493.0,151.0,139.0,12.0,0.0,356,0,True,True,6,20,False,False
b11_partial,dqn_C_selected,267,76,748.0,252.0,748.0,252.0,241.0,0.0,77.0,56.0,16.529723702336764,404.0,56.0,748.0,76.0,736.0,251.0,229.0,22.0,0.0,12,1,False,False,2,0,False,False
b11_partial,dqn_C_selected,268,90,724.0,276.0,724.0,276.0,271.0,0.0,91.0,73.0,19.346998545721362,487.0,72.0,717.0,90.0,717.0,276.0,266.0,10.0,0.0,7,0,True,True,5,8,False,False
b11_partial,dqn_C_selected,269,66,780.0,220.0,780.0,220.0,205.0,0.0,67.0,52.0,12.823505218318004,374.0,51.0,778.0,66.0,778.0,220.0,190.0,30.0,0.0,2,0,True,True,7,4,False,False
b11_partial,dqn_C_selected,270,88,707.0,293.0,707.0,293.0,276.0,0.0,89.0,67.0,18.956227068103555,476.0,67.0,707.0,88.0,707.0,291.0,257.0,34.0,0.0,0,2,False,True,7,16,False,False
b11_partial,dqn_C_selected,271,82,743.0,257.0,743.0,257.0,246.0,0.0,83.0,66.0,17.602937242738932,453.0,66.0,743.0,82.0,732.0,254.0,232.0,22.0,0.0,11,3,False,False,3,0,False,False
b11_partial,dqn_C_selected,272,82,734.0,266.0,734.0,266.0,258.0,0.0,83.0,70.0,17.944554298015078,503.0,69.0,730.0,82.0,730.0,266.0,250.0,16.0,0.0,4,0,True,True,12,15,False,False
b11_partial,dqn_C_selected,273,69,768.0,232.0,768.0,232.0,216.0,0.0,70.0,53.0,14.456247913500906,388.0,52.0,580.0,69.0,580.0,232.0,200.0,32.0,0.0,188,0,True,True,9,5,False,False
b11_partial,dqn_C_selected,274,84,744.0,256.0,744.0,256.0,251.0,0.0,85.0,64.0,19.06628910513626,455.0,64.0,744.0,84.0,730.0,254.0,244.0,10.0,0.0,14,2,False,True,9,15,False,False
b11_partial,dqn_C_selected,275,72,765.0,235.0,765.0,235.0,223.0,0.0,73.0,60.0,13.799929501120468,478.0,59.0,757.0,72.0,757.0,235.0,211.0,24.0,0.0,8,0,True,True,14,13,False,False
b11_partial,dqn_C_selected,276,51,844.0,156.0,844.0,156.0,154.0,0.0,52.0,46.0,10.759227290225361,324.0,45.0,835.0,51.0,835.0,156.0,152.0,4.0,0.0,9,0,True,True,6,3,False,False
b11_partial,dqn_C_selected,277,98,679.0,321.0,679.0,321.0,303.0,0.0,99.0,70.0,20.624009253289387,504.0,69.0,676.0,98.0,676.0,321.0,285.0,36.0,0.0,3,0,True,False,2,0,False,False
b11_partial,dqn_C_selected,278,47,863.0,137.0,863.0,137.0,133.0,0.0,48.0,38.0,9.193616611352954,274.0,37.0,837.0,47.0,837.0,137.0,129.0,8.0,0.0,26,0,True,False,4,0,False,False
b11_partial,dqn_C_selected,279,33,899.0,101.0,899.0,101.0,101.0,0.0,34.0,28.0,6.668439947668366,203.0,27.0,326.0,33.0,326.0,101.0,101.0,0.0,0.0,573,0,True,False,4,0,False,False
b11_partial,dqn_C_selected,280,87,750.0,250.0,750.0,250.0,246.0,0.0,88.0,74.0,18.357107271399396,496.0,73.0,745.0,87.0,745.0,250.0,242.0,8.0,0.0,5,0,True,True,4,21,False,False
b11_partial,dqn_C_selected,281,88,693.0,307.0,705.0,295.0,275.0,1.0,89.0,73.0,19.118219992080284,521.0,72.0,691.0,88.0,691.0,307.0,257.0,50.0,1.0,2,0,True,True,7,8,False,False
b11_partial,dqn_C_selected,282,93,705.0,295.0,721.0,279.0,273.0,1.0,94.0,75.0,19.52586114666183,548.0,75.0,705.0,93.0,700.0,293.0,265.0,28.0,1.0,5,2,False,True,8,17,False,False
b11_partial,dqn_C_selected,283,28,268.0,732.0,268.0,732.0,411.0,0.0,29.0,23.0,6.364419703314186,143.0,23.0,268.0,28.0,254.0,105.0,87.0,18.0,0.0,14,627,False,True,6,8,False,False
b11_partial,dqn_C_selected,284,97,678.0,322.0,695.0,305.0,286.0,1.0,98.0,74.0,21.11579410969072,507.0,73.0,676.0,97.0,676.0,322.0,270.0,52.0,1.0,2,0,True,False,2,0,False,False
b11_partial,dqn_C_selected,285,89,714.0,286.0,714.0,286.0,270.0,0.0,90.0,76.0,19.146711941904858,545.0,75.0,708.0,89.0,708.0,286.0,254.0,32.0,0.0,6,0,True,True,12,12,False,False
b11_partial,dqn_C_selected,286,81,721.0,279.0,721.0,279.0,265.0,0.0,82.0,70.0,16.747786261339076,487.0,70.0,721.0,81.0,698.0,278.0,250.0,28.0,0.0,23,1,False,True,9,7,False,False
b11_partial,dqn_C_selected,287,102,637.0,363.0,637.0,363.0,332.0,0.0,103.0,66.0,21.823409590881276,444.0,65.0,635.0,102.0,635.0,363.0,301.0,62.0,0.0,2,0,True,True,6,20,False,False
b11_partial,dqn_C_selected,288,82,744.0,256.0,744.0,256.0,252.0,0.0,83.0,67.0,17.677526063941208,438.0,66.0,730.0,82.0,730.0,256.0,248.0,8.0,0.0,14,0,True,False,2,0,False,False
b11_partial,dqn_C_selected,289,61,762.0,238.0,779.0,221.0,199.0,1.0,62.0,50.0,13.03327691199372,353.0,49.0,497.0,61.0,497.0,238.0,180.0,58.0,1.0,265,0,True,True,8,4,False,False
b11_partial,dqn_C_selected,290,95,693.0,307.0,693.0,307.0,292.0,0.0,96.0,78.0,20.09777109322084,523.0,77.0,692.0,95.0,692.0,307.0,277.0,30.0,0.0,1,0,True,True,12,10,False,False
b11_partial,dqn_C_selected,291,80,715.0,285.0,715.0,285.0,260.0,0.0,81.0,64.0,16.993605164505787,466.0,63.0,687.0,80.0,687.0,285.0,235.0,50.0,0.0,28,0,True,False,4,0,False,False
b11_partial,dqn_C_selected,292,86,730.0,270.0,730.0,270.0,261.0,0.0,87.0,70.0,18.672967763352403,483.0,69.0,727.0,86.0,727.0,270.0,252.0,18.0,0.0,3,0,True,True,7,15,False,False
b11_partial,dqn_C_selected,293,66,794.0,206.0,794.0,206.0,195.0,0.0,66.0,59.0,12.607833201752529,468.0,59.0,794.0,66.0,794.0,206.0,184.0,22.0,0.0,0,0,False,True,10,14,False,False
b11_partial,dqn_C_selected,294,33,867.0,133.0,883.0,117.0,109.0,1.0,34.0,26.0,7.081979049297321,184.0,25.0,556.0,33.0,556.0,133.0,102.0,31.0,1.0,311,0,True,True,5,12,False,False
b11_partial,dqn_C_selected,295,86,732.0,268.0,732.0,268.0,261.0,0.0,87.0,71.0,17.851540979522593,509.0,71.0,732.0,86.0,725.0,267.0,253.0,14.0,0.0,7,1,False,False,3,0,False,False
b11_partial,dqn_C_selected,296,90,698.0,302.0,698.0,302.0,285.0,0.0,91.0,73.0,18.90160515338062,512.0,72.0,696.0,90.0,696.0,302.0,268.0,34.0,0.0,2,0,True,True,5,2,False,False
b11_partial,dqn_C_selected,297,63,509.0,491.0,509.0,491.0,337.0,0.0,64.0,53.0,13.20427886288094,388.0,53.0,509.0,63.0,509.0,199.0,183.0,16.0,0.0,0,292,False,True,4,5,False,False
b11_partial,dqn_C_selected,298,35,898.0,102.0,898.0,102.0,100.0,0.0,36.0,28.0,7.171760319093881,217.0,27.0,698.0,35.0,698.0,102.0,98.0,4.0,0.0,200,0,True,True,8,15,False,False
b11_partial,dqn_C_selected,299,45,864.0,136.0,864.0,136.0,132.0,0.0,46.0,36.0,9.879646646277761,282.0,35.0,395.0,45.0,395.0,136.0,128.0,8.0,0.0,469,0,True,True,7,13,False,False
b11_partial,dqn_C_selected,300,78,745.0,255.0,745.0,255.0,240.0,0.0,79.0,66.0,14.829457774639181,518.0,65.0,738.0,78.0,738.0,255.0,225.0,30.0,0.0,7,0,True,True,5,19,False,False
b11_partial,dqn_C_selected,301,59,808.0,192.0,808.0,192.0,184.0,0.0,60.0,55.0,12.74523261036943,384.0,54.0,803.0,59.0,803.0,192.0,176.0,16.0,0.0,5,0,True,True,8,15,False,False
b11_partial,dqn_C_selected,302,32,281.0,719.0,281.0,719.0,407.0,0.0,33.0,25.0,7.059293548804591,187.0,25.0,281.0,32.0,264.0,104.0,92.0,12.0,0.0,17,615,False,True,10,7,False,False
b11_partial,dqn_C_selected,303,58,815.0,185.0,815.0,185.0,176.0,0.0,59.0,48.0,12.335220282180869,330.0,47.0,666.0,58.0,666.0,185.0,167.0,18.0,0.0,149,0,True,True,6,4,False,False
b11_partial,dqn_C_selected,304,39,861.0,139.0,861.0,139.0,128.0,0.0,40.0,35.0,8.307124672831346,270.0,34.0,768.0,39.0,768.0,139.0,117.0,22.0,0.0,93,0,True,True,6,3,False,False
b11_partial,dqn_C_selected,305,11,970.0,30.0,970.0,30.0,30.0,0.0,12.0,10.0,2.479771897784167,69.0,9.0,440.0,11.0,440.0,30.0,30.0,0.0,0.0,530,0,True,True,6,19,False,False
b11_partial,dqn_C_selected,306,16,124.0,876.0,124.0,876.0,462.0,0.0,17.0,15.0,3.291544385082069,108.0,14.0,120.0,16.0,120.0,876.0,48.0,828.0,0.0,4,0,True,True,8,8,False,False
b11_partial,dqn_C_selected,307,56,498.0,502.0,498.0,502.0,336.0,0.0,57.0,49.0,11.391458098275848,394.0,48.0,478.0,56.0,478.0,502.0,170.0,332.0,0.0,20,0,True,True,6,7,False,False
b11_partial,dqn_C_selected,308,83,718.0,282.0,732.0,268.0,251.0,1.0,83.0,61.0,16.112933685043476,473.0,61.0,718.0,83.0,718.0,282.0,234.0,48.0,1.0,0,0,False,False,1,0,False,False
b11_partial,dqn_C_selected,309,84,735.0,265.0,735.0,265.0,255.0,0.0,85.0,65.0,17.357343653609988,444.0,64.0,716.0,84.0,716.0,265.0,245.0,20.0,0.0,19,0,True,False,3,0,False,False
b11_partial,dqn_C_selected,310,70,762.0,238.0,762.0,238.0,223.0,0.0,71.0,54.0,14.960885270028427,362.0,53.0,757.0,70.0,757.0,238.0,208.0,30.0,0.0,5,0,True,True,5,2,False,False
b11_partial,dqn_C_selected,311,61,799.0,201.0,799.0,201.0,195.0,0.0,62.0,52.0,13.058989621739594,376.0,51.0,794.0,61.0,794.0,201.0,189.0,12.0,0.0,5,0,True,True,7,12,False,False
b11_partial,dqn_C_selected,312,96,640.0,360.0,640.0,360.0,323.0,0.0,97.0,74.0,19.87495169373654,543.0,73.0,637.0,96.0,637.0,360.0,286.0,74.0,0.0,3,0,True,True,3,2,False,False
b11_partial,dqn_C_selected,313,69,780.0,220.0,780.0,220.0,209.0,0.0,70.0,55.0,14.252477481607295,385.0,54.0,768.0,69.0,768.0,220.0,198.0,22.0,0.0,12,0,True,True,12,11,False,False
b11_partial,dqn_C_selected,314,53,849.0,151.0,849.0,151.0,145.0,0.0,54.0,40.0,11.48416786945823,279.0,39.0,396.0,53.0,396.0,151.0,139.0,12.0,0.0,453,0,True,True,10,9,False,False
b11_partial,dqn_C_selected,315,86,686.0,314.0,701.0,299.0,277.0,1.0,87.0,69.0,17.86904160116538,488.0,68.0,677.0,86.0,677.0,314.0,258.0,56.0,1.0,9,0,True,True,14,11,False,False
b11_partial,dqn_C_selected,316,19,942.0,58.0,942.0,58.0,56.0,0.0,20.0,18.0,3.880668751242525,120.0,17.0,554.0,19.0,554.0,58.0,54.0,4.0,0.0,388,0,True,True,9,6,False,False
b11_partial,dqn_C_selected,317,61,819.0,181.0,819.0,181.0,177.0,0.0,62.0,49.0,13.250735000808373,324.0,48.0,818.0,61.0,818.0,181.0,173.0,8.0,0.0,1,0,True,True,7,6,False,False
b11_partial,dqn_C_selected,318,78,748.0,252.0,748.0,252.0,234.0,0.0,79.0,56.0,16.198280410888785,398.0,55.0,620.0,78.0,620.0,252.0,216.0,36.0,0.0,128,0,True,True,5,3,False,False
b11_partial,dqn_C_selected,319,88,695.0,305.0,695.0,305.0,286.0,0.0,89.0,77.0,19.053035792019326,495.0,76.0,688.0,88.0,688.0,305.0,267.0,38.0,0.0,7,0,True,True,4,12,False,False
b11_partial,dqn_C_selected,320,95,708.0,292.0,708.0,292.0,286.0,0.0,96.0,80.0,19.436298053408745,541.0,79.0,705.0,95.0,705.0,292.0,280.0,12.0,0.0,3,0,True,True,10,9,False,False
b11_partial,dqn_C_selected,321,60,819.0,181.0,819.0,181.0,178.0,0.0,61.0,50.0,13.386000415792646,354.0,49.0,790.0,60.0,790.0,181.0,175.0,6.0,0.0,29,0,True,True,9,6,False,False
b11_partial,dqn_C_selected,322,66,808.0,192.0,808.0,192.0,187.0,0.0,67.0,53.0,14.338509061715747,367.0,52.0,801.0,66.0,801.0,192.0,182.0,10.0,0.0,7,0,True,True,4,8,False,False
b11_partial,dqn_C_selected,323,48,837.0,163.0,837.0,163.0,155.0,0.0,49.0,43.0,10.250320307941816,297.0,42.0,519.0,48.0,519.0,163.0,147.0,16.0,0.0,318,0,True,True,5,11,False,False
b11_partial,dqn_C_selected,324,57,805.0,195.0,805.0,195.0,179.0,0.0,58.0,43.0,11.972581497828827,323.0,43.0,805.0,57.0,804.0,190.0,162.0,28.0,0.0,1,5,False,False,3,0,False,False
b11_partial,dqn_C_selected,325,75,740.0,260.0,740.0,260.0,239.0,0.0,76.0,61.0,15.190754580190083,449.0,60.0,722.0,75.0,722.0,260.0,218.0,42.0,0.0,18,0,True,True,6,5,False,False
b11_partial,dqn_C_selected,326,49,517.0,483.0,517.0,483.0,312.0,0.0,50.0,40.0,9.647437614240333,328.0,40.0,517.0,49.0,517.0,443.0,141.0,302.0,0.0,0,40,False,True,6,3,False,False
b11_partial,dqn_C_selected,327,95,703.0,297.0,703.0,297.0,284.0,0.0,96.0,73.0,19.80824326598774,499.0,73.0,703.0,95.0,687.0,296.0,270.0,26.0,0.0,16,1,False,False,2,0,False,False
b11_partial,dqn_C_selected,328,53,829.0,171.0,829.0,171.0,161.0,0.0,54.0,46.0,11.099659281273208,299.0,45.0,552.0,53.0,552.0,171.0,151.0,20.0,0.0,277,0,True,True,6,16,False,False
b11_partial,dqn_C_selected,329,98,694.0,306.0,694.0,306.0,294.0,0.0,99.0,71.0,20.09053757885308,480.0,70.0,680.0,98.0,680.0,306.0,282.0,24.0,0.0,14,0,True,False,2,0,False,False
b11_partial,dqn_C_selected,330,44,848.0,152.0,848.0,152.0,143.0,0.0,45.0,36.0,8.846585733779195,246.0,35.0,389.0,44.0,389.0,152.0,134.0,18.0,0.0,459,0,True,True,5,5,False,False
b11_partial,dqn_C_selected,331,78,749.0,251.0,749.0,251.0,242.0,0.0,78.0,64.0,15.108680532812897,431.0,64.0,749.0,78.0,749.0,251.0,233.0,18.0,0.0,0,0,False,False,2,0,False,False
b11_partial,dqn_C_selected,332,59,821.0,179.0,821.0,179.0,172.0,0.0,60.0,41.0,11.481315992042413,302.0,40.0,434.0,59.0,434.0,179.0,165.0,14.0,0.0,387,0,True,True,4,20,False,False
b11_partial,dqn_C_selected,333,16,123.0,877.0,123.0,877.0,464.0,0.0,17.0,15.0,3.8617989693588424,103.0,14.0,116.0,16.0,116.0,877.0,51.0,826.0,0.0,7,0,True,True,8,7,False,False
b11_partial,dqn_C_selected,334,82,739.0,261.0,739.0,261.0,252.0,0.0,83.0,64.0,17.75337997067118,439.0,63.0,736.0,82.0,736.0,261.0,243.0,18.0,0.0,3,0,True,False,3,0,False,False
b11_partial,dqn_C_selected,335,59,823.0,177.0,823.0,177.0,170.0,0.0,60.0,45.0,11.67208395266498,324.0,44.0,455.0,59.0,455.0,177.0,163.0,14.0,0.0,368,0,True,False,1,0,False,False
b11_partial,dqn_C_selected,336,24,191.0,809.0,191.0,809.0,442.0,0.0,25.0,18.0,4.948059568888155,137.0,18.0,191.0,24.0,177.0,85.0,73.0,12.0,0.0,14,724,False,True,7,11,False,False
b11_partial,dqn_C_selected,337,96,707.0,293.0,707.0,293.0,280.0,0.0,97.0,63.0,21.530996525353423,462.0,62.0,702.0,96.0,702.0,293.0,267.0,26.0,0.0,5,0,True,True,4,22,False,False
b11_partial,dqn_C_selected,338,84,745.0,255.0,745.0,255.0,246.0,0.0,85.0,67.0,16.591287429054354,552.0,66.0,739.0,84.0,739.0,255.0,237.0,18.0,0.0,6,0,True,True,13,12,False,False
b11_partial,dqn_C_selected,339,85,704.0,296.0,704.0,296.0,269.0,0.0,86.0,69.0,17.544960571519482,505.0,68.0,703.0,85.0,703.0,296.0,242.0,54.0,0.0,1,0,True,True,4,1,False,False
b11_partial,dqn_C_selected,340,65,459.0,541.0,459.0,541.0,366.0,0.0,66.0,49.0,13.511381210860955,320.0,48.0,455.0,65.0,455.0,541.0,191.0,350.0,0.0,4,0,True,True,9,10,False,False
b11_partial,dqn_C_selected,341,58,783.0,217.0,783.0,217.0,192.0,0.0,58.0,43.0,10.74690352985247,336.0,43.0,783.0,58.0,783.0,217.0,167.0,50.0,0.0,0,0,False,True,9,15,False,False
b11_partial,dqn_C_selected,342,55,822.0,178.0,822.0,178.0,169.0,0.0,56.0,45.0,11.7246348845411,317.0,44.0,582.0,55.0,582.0,178.0,160.0,18.0,0.0,240,0,True,True,6,15,False,False
b11_partial,dqn_C_selected,343,56,779.0,221.0,806.0,194.0,178.0,1.0,57.0,41.0,11.555338326791619,270.0,40.0,421.0,56.0,421.0,221.0,163.0,58.0,1.0,358,0,True,True,10,13,False,False
b11_partial,dqn_C_selected,344,91,718.0,282.0,718.0,282.0,271.0,0.0,92.0,73.0,19.480601778483248,488.0,72.0,716.0,91.0,716.0,282.0,260.0,22.0,0.0,2,0,True,True,6,20,False,False
b11_partial,dqn_C_selected,345,84,694.0,306.0,713.0,287.0,260.0,1.0,85.0,66.0,17.006367922976683,464.0,65.0,692.0,84.0,692.0,306.0,234.0,72.0,1.0,2,0,True,True,4,2,False,False
b11_partial,dqn_C_selected,346,76,746.0,254.0,746.0,254.0,234.0,0.0,77.0,62.0,16.03376485062091,438.0,61.0,563.0,76.0,563.0,254.0,214.0,40.0,0.0,183,0,True,True,6,3,False,False
b11_partial,dqn_C_selected,347,44,742.0,258.0,742.0,258.0,194.0,0.0,45.0,34.0,8.780599401126894,235.0,34.0,742.0,44.0,742.0,133.0,131.0,2.0,0.0,0,125,False,True,6,12,False,False
b11_partial,dqn_C_selected,348,20,940.0,60.0,940.0,60.0,58.0,0.0,21.0,17.0,4.107829629485215,141.0,16.0,933.0,20.0,933.0,60.0,56.0,4.0,0.0,7,0,True,False,2,0,False,False
b11_partial,dqn_C_selected,349,85,697.0,303.0,713.0,287.0,259.0,2.0,86.0,67.0,17.575686978005532,477.0,67.0,697.0,85.0,697.0,295.0,242.0,53.0,1.0,0,8,False,True,8,16,False,False
b11_partial,dqn_C_selected,350,74,700.0,300.0,700.0,300.0,252.0,0.0,75.0,62.0,15.389454659060187,472.0,62.0,700.0,74.0,691.0,227.0,203.0,24.0,0.0,9,73,False,True,9,14,False,False
b11_partial,dqn_C_selected,351,26,211.0,789.0,211.0,789.0,431.0,0.0,27.0,20.0,4.923094689751647,146.0,19.0,186.0,26.0,186.0,789.0,73.0,716.0,0.0,25,0,True,True,8,5,False,False
b11_partial,dqn_C_selected,352,65,794.0,206.0,794.0,206.0,198.0,0.0,66.0,47.0,14.50433331888266,303.0,46.0,791.0,65.0,791.0,206.0,190.0,16.0,0.0,3,0,True,True,5,3,False,False
b11_partial,dqn_C_selected,353,89,699.0,301.0,714.0,286.0,270.0,1.0,90.0,72.0,20.205775948626354,489.0,71.0,697.0,89.0,697.0,301.0,257.0,44.0,1.0,2,0,True,True,6,5,False,False
b11_partial,dqn_C_selected,354,85,705.0,295.0,705.0,295.0,271.0,0.0,86.0,69.0,17.965150160377974,496.0,68.0,687.0,85.0,687.0,295.0,247.0,48.0,0.0,18,0,True,True,8,7,False,False
b11_partial,dqn_C_selected,355,85,734.0,266.0,734.0,266.0,259.0,0.0,85.0,66.0,18.626301879280987,461.0,66.0,734.0,85.0,734.0,266.0,252.0,14.0,0.0,0,0,False,True,4,1,False,False
b11_partial,dqn_C_selected,356,73,761.0,239.0,761.0,239.0,222.0,0.0,74.0,51.0,14.96262602048553,394.0,50.0,745.0,73.0,745.0,239.0,205.0,34.0,0.0,16,0,True,False,3,0,False,False
b11_partial,dqn_C_selected,357,74,741.0,259.0,758.0,242.0,225.0,1.0,75.0,67.0,15.065070216074236,529.0,66.0,737.0,74.0,737.0,259.0,211.0,48.0,1.0,4,0,True,True,6,4,False,False
b11_partial,dqn_C_selected,358,9,964.0,36.0,964.0,36.0,31.0,0.0,10.0,9.0,1.8493476126821082,55.0,8.0,486.0,9.0,486.0,36.0,26.0,10.0,0.0,478,0,True,True,6,10,False,False
b11_partial,dqn_C_selected,359,85,719.0,281.0,721.0,279.0,264.0,1.0,86.0,66.0,18.79659279999855,444.0,65.0,715.0,85.0,715.0,281.0,249.0,32.0,1.0,4,0,True,True,5,1,False,False
b11_partial,dqn_C_selected,360,80,738.0,262.0,738.0,262.0,246.0,0.0,81.0,64.0,15.635686298229686,449.0,63.0,725.0,80.0,725.0,262.0,230.0,32.0,0.0,13,0,True,False,3,0,False,False
b11_partial,dqn_C_selected,361,29,909.0,91.0,909.0,91.0,89.0,0.0,30.0,24.0,5.96220688530066,151.0,23.0,667.0,29.0,667.0,91.0,87.0,4.0,0.0,242,0,True,True,5,17,False,False
b11_partial,dqn_C_selected,362,81,758.0,242.0,758.0,242.0,233.0,0.0,82.0,62.0,18.211006048149695,445.0,61.0,749.0,81.0,749.0,242.0,224.0,18.0,0.0,9,0,True,True,4,19,False,False
b11_partial,dqn_C_selected,363,49,837.0,163.0,837.0,163.0,154.0,0.0,50.0,43.0,11.480083597617693,292.0,42.0,822.0,49.0,822.0,163.0,145.0,18.0,0.0,15,0,True,False,1,0,False,False
b11_partial,dqn_C_selected,364,83,721.0,279.0,721.0,279.0,263.0,0.0,84.0,69.0,17.43918315822229,466.0,69.0,721.0,83.0,719.0,275.0,247.0,28.0,0.0,2,4,False,False,2,0,False,False
b11_partial,dqn_C_selected,365,30,906.0,94.0,906.0,94.0,94.0,0.0,31.0,27.0,6.182110384845827,198.0,27.0,906.0,30.0,902.0,93.0,93.0,0.0,0.0,4,1,False,True,8,8,False,False
b11_partial,dqn_C_selected,366,77,733.0,267.0,748.0,252.0,238.0,1.0,78.0,64.0,16.35459650736502,454.0,63.0,714.0,77.0,714.0,267.0,227.0,40.0,1.0,19,0,True,False,1,0,False,False
b11_partial,dqn_C_selected,367,88,702.0,298.0,702.0,298.0,281.0,0.0,89.0,72.0,19.71304053023186,506.0,72.0,702.0,88.0,701.0,296.0,262.0,34.0,0.0,1,2,False,False,3,0,False,False
b11_partial,dqn_C_selected,368,3,233.0,767.0,233.0,767.0,388.0,0.0,4.0,3.0,0.9657646151317038,18.0,3.0,233.0,3.0,38.0,10.0,8.0,2.0,0.0,195,757,False,True,5,20,False,False
b11_partial,dqn_C_selected,369,92,741.0,259.0,741.0,259.0,257.0,0.0,93.0,72.0,20.443325489924586,497.0,71.0,738.0,92.0,738.0,259.0,255.0,4.0,0.0,3,0,True,True,5,15,False,False
b11_partial,dqn_C_selected,370,78,745.0,255.0,745.0,255.0,243.0,0.0,79.0,62.0,15.595896191399532,442.0,61.0,725.0,78.0,725.0,255.0,231.0,24.0,0.0,20,0,True,True,3,20,False,False
b11_partial,dqn_C_selected,371,19,939.0,61.0,939.0,61.0,59.0,0.0,20.0,17.0,3.8455528179890304,112.0,17.0,939.0,19.0,932.0,60.0,56.0,4.0,0.0,7,1,False,True,5,2,False,False
b11_partial,dqn_C_selected,372,92,709.0,291.0,709.0,291.0,278.0,0.0,93.0,76.0,19.36979846076428,501.0,75.0,680.0,92.0,680.0,291.0,265.0,26.0,0.0,29,0,True,True,8,8,False,False
b11_partial,dqn_C_selected,373,72,760.0,240.0,760.0,240.0,229.0,0.0,73.0,60.0,15.005810250410356,456.0,59.0,745.0,72.0,745.0,240.0,218.0,22.0,0.0,15,0,True,True,13,10,False,False
b11_partial,dqn_C_selected,374,67,738.0,262.0,755.0,245.0,222.0,1.0,68.0,55.0,13.854272777089882,392.0,54.0,667.0,67.0,667.0,262.0,202.0,60.0,1.0,71,0,True,True,5,8,False,False
b11_partial,dqn_C_selected,375,90,690.0,310.0,690.0,310.0,285.0,0.0,91.0,74.0,18.956096439949658,522.0,73.0,679.0,90.0,679.0,310.0,260.0,50.0,0.0,11,0,True,True,8,6,False,False
b11_partial,dqn_C_selected,376,83,721.0,279.0,721.0,279.0,263.0,0.0,84.0,70.0,17.683093766429547,460.0,69.0,707.0,83.0,707.0,279.0,247.0,32.0,0.0,14,0,True,True,6,8,False,False
b11_partial,dqn_C_selected,377,80,743.0,257.0,743.0,257.0,250.0,0.0,81.0,71.0,15.664985822691145,491.0,70.0,738.0,80.0,738.0,257.0,243.0,14.0,0.0,5,0,True,False,3,0,False,False
b11_partial,dqn_C_selected,378,25,923.0,77.0,923.0,77.0,76.0,0.0,26.0,22.0,5.132058845560623,175.0,21.0,380.0,25.0,380.0,77.0,75.0,2.0,0.0,543,0,True,True,8,21,False,False
b11_partial,dqn_C_selected,379,44,777.0,223.0,777.0,223.0,178.0,0.0,45.0,34.0,9.307285236817332,227.0,34.0,777.0,44.0,777.0,143.0,135.0,8.0,0.0,0,80,False,False,1,0,False,False
b11_partial,dqn_C_selected,380,64,807.0,193.0,807.0,193.0,191.0,0.0,65.0,58.0,13.968074643019664,406.0,57.0,563.0,64.0,563.0,193.0,189.0,4.0,0.0,244,0,True,True,8,6,False,False
b11_partial,dqn_C_selected,381,80,727.0,273.0,727.0,273.0,259.0,0.0,81.0,67.0,16.004559975115217,492.0,66.0,725.0,80.0,725.0,273.0,245.0,28.0,0.0,2,0,True,True,5,1,False,False
b11_partial,dqn_C_selected,382,22,932.0,68.0,932.0,68.0,66.0,0.0,23.0,18.0,4.757872429553647,109.0,17.0,400.0,22.0,400.0,68.0,64.0,4.0,0.0,532,0,True,False,2,0,False,False
b11_partial,dqn_C_selected,383,84,704.0,296.0,724.0,276.0,260.0,1.0,85.0,68.0,16.155998269284748,493.0,68.0,704.0,84.0,702.0,295.0,243.0,52.0,1.0,2,1,False,True,6,14,False,False
b11_partial,dqn_C_selected,384,91,689.0,311.0,721.0,279.0,267.0,1.0,92.0,69.0,19.814984919002658,473.0,68.0,687.0,91.0,687.0,311.0,257.0,54.0,1.0,2,0,True,True,6,20,False,False
b11_partial,dqn_C_selected,385,58,817.0,183.0,817.0,183.0,180.0,0.0,59.0,50.0,12.499296622481383,369.0,50.0,817.0,58.0,811.0,181.0,175.0,6.0,0.0,6,2,False,True,9,11,False,False
b11_partial,dqn_C_selected,386,82,699.0,301.0,727.0,273.0,252.0,1.0,83.0,61.0,18.349758881766505,421.0,60.0,694.0,82.0,694.0,301.0,231.0,70.0,1.0,5,0,True,True,3,21,False,False
b11_partial,dqn_C_selected,387,101,680.0,320.0,680.0,320.0,307.0,0.0,102.0,77.0,21.842093744866535,520.0,76.0,671.0,101.0,671.0,320.0,294.0,26.0,0.0,9,0,True,False,4,0,False,False
b11_partial,dqn_C_selected,388,85,724.0,276.0,724.0,276.0,262.0,0.0,86.0,67.0,18.143147352620172,456.0,67.0,724.0,85.0,707.0,275.0,247.0,28.0,0.0,17,1,False,True,4,21,False,False
b11_partial,dqn_C_selected,389,87,693.0,307.0,693.0,307.0,286.0,0.0,88.0,73.0,17.465871305189978,542.0,72.0,678.0,87.0,678.0,307.0,265.0,42.0,0.0,15,0,True,True,6,6,False,False
b11_partial,dqn_C_selected,390,75,758.0,242.0,758.0,242.0,232.0,0.0,76.0,61.0,15.089088978802856,436.0,61.0,758.0,75.0,751.0,239.0,219.0,20.0,0.0,7,3,False,False,2,0,False,False
b11_partial,dqn_C_selected,391,71,762.0,238.0,762.0,238.0,226.0,0.0,72.0,59.0,13.998139274442712,436.0,58.0,754.0,71.0,754.0,238.0,214.0,24.0,0.0,8,0,True,True,6,12,False,False
b11_partial,dqn_C_selected,392,18,950.0,50.0,950.0,50.0,50.0,0.0,19.0,14.0,4.091504579348568,98.0,13.0,481.0,18.0,481.0,50.0,50.0,0.0,0.0,469,0,True,True,6,14,False,False
b11_partial,dqn_C_selected,393,93,683.0,317.0,683.0,317.0,277.0,0.0,94.0,70.0,18.44283269262943,512.0,69.0,672.0,93.0,672.0,317.0,257.0,60.0,0.0,11,0,True,True,9,16,False,False
b11_partial,dqn_C_selected,394,15,101.0,899.0,101.0,899.0,471.0,0.0,16.0,11.0,3.0982230963845345,79.0,11.0,101.0,15.0,83.0,898.0,42.0,856.0,0.0,18,1,False,False,4,0,False,False
b11_partial,dqn_C_selected,395,88,717.0,283.0,717.0,283.0,270.0,0.0,89.0,69.0,19.686748543166736,526.0,68.0,702.0,88.0,702.0,283.0,257.0,26.0,0.0,15,0,True,False,2,0,False,False
b11_partial,dqn_C_selected,396,50,310.0,690.0,310.0,690.0,417.0,0.0,51.0,38.0,10.365977016308598,279.0,38.0,310.0,50.0,310.0,689.0,143.0,546.0,0.0,0,1,False,False,1,0,False,False
b11_partial,dqn_C_selected,397,47,794.0,206.0,794.0,206.0,178.0,0.0,48.0,43.0,9.19974088567974,324.0,42.0,368.0,47.0,368.0,206.0,150.0,56.0,0.0,426,0,True,True,4,3,False,False
b11_partial,dqn_C_selected,398,58,792.0,208.0,792.0,208.0,188.0,0.0,59.0,47.0,12.504743893408161,359.0,46.0,785.0,58.0,785.0,208.0,168.0,40.0,0.0,7,0,True,False,3,0,False,False
b11_partial,dqn_C_selected,399,80,739.0,261.0,739.0,261.0,247.0,0.0,81.0,69.0,17.397867218354925,466.0,68.0,733.0,80.0,733.0,261.0,233.0,28.0,0.0,6,0,True,True,8,14,False,False
b11_partial,dqn_C_selected,400,96,646.0,354.0,666.0,334.0,296.0,1.0,97.0,69.0,21.411174671955695,450.0,69.0,646.0,96.0,636.0,352.0,277.0,75.0,1.0,10,2,False,False,1,0,False,False
b11_partial,dqn_C_selected,401,75,697.0,303.0,754.0,246.0,233.0,1.0,76.0,66.0,15.414450174582758,447.0,65.0,696.0,75.0,696.0,303.0,221.0,82.0,1.0,1,0,True,True,4,20,False,False
b11_partial,dqn_C_selected,402,86,696.0,304.0,717.0,283.0,261.0,1.0,87.0,64.0,18.538098844861445,473.0,63.0,676.0,86.0,676.0,304.0,240.0,64.0,1.0,20,0,True,True,13,10,False,False
b11_partial,dqn_C_selected,403,98,690.0,310.0,690.0,310.0,298.0,0.0,99.0,78.0,20.96665407450351,515.0,78.0,690.0,98.0,671.0,307.0,283.0,24.0,0.0,19,3,False,False,3,0,False,False
b11_partial,dqn_C_selected,404,98,689.0,311.0,689.0,311.0,293.0,0.0,99.0,77.0,20.05435784369524,554.0,76.0,686.0,98.0,686.0,311.0,275.0,36.0,0.0,3,0,True,True,5,17,False,False
b11_partial,dqn_C_selected,405,79,769.0,231.0,769.0,231.0,227.0,0.0,80.0,60.0,16.29096927410323,444.0,59.0,747.0,79.0,747.0,231.0,223.0,8.0,0.0,22,0,True,True,5,4,False,False
b11_partial,dqn_C_selected,406,20,934.0,66.0,934.0,66.0,60.0,0.0,21.0,15.0,4.0875794407875805,112.0,14.0,378.0,20.0,378.0,66.0,54.0,12.0,0.0,556,0,True,False,4,0,False,False
b11_partial,dqn_C_selected,407,58,826.0,174.0,826.0,174.0,168.0,0.0,59.0,44.0,12.68722575906499,314.0,44.0,826.0,58.0,816.0,172.0,160.0,12.0,0.0,10,2,False,True,9,16,False,False
b11_partial,dqn_C_selected,408,13,120.0,880.0,120.0,880.0,459.0,0.0,14.0,11.0,2.679749497301797,91.0,11.0,120.0,13.0,104.0,46.0,36.0,10.0,0.0,16,834,False,False,1,0,False,False
b11_partial,dqn_C_selected,409,84,726.0,274.0,726.0,274.0,264.0,0.0,85.0,67.0,18.019899503067286,469.0,66.0,720.0,84.0,720.0,274.0,254.0,20.0,0.0,6,0,True,True,7,10,False,False
b11_partial,dqn_C_selected,410,45,847.0,153.0,847.0,153.0,143.0,0.0,46.0,34.0,9.120993378973116,258.0,33.0,395.0,45.0,395.0,153.0,133.0,20.0,0.0,452,0,True,True,9,18,False,False
b11_partial,dqn_C_selected,411,67,725.0,275.0,725.0,275.0,239.0,0.0,68.0,55.0,14.370430201537888,413.0,54.0,718.0,67.0,718.0,275.0,203.0,72.0,0.0,7,0,True,True,5,8,False,False
b11_partial,dqn_C_selected,412,86,733.0,267.0,733.0,267.0,264.0,0.0,87.0,69.0,18.054621800612814,532.0,69.0,733.0,86.0,733.0,266.0,260.0,6.0,0.0,0,1,False,False,2,0,False,False
b11_partial,dqn_C_selected,413,99,685.0,315.0,685.0,315.0,300.0,0.0,100.0,76.0,22.374793676603364,504.0,75.0,667.0,99.0,667.0,315.0,285.0,30.0,0.0,18,0,True,False,3,0,False,False
b11_partial,dqn_C_selected,414,59,801.0,199.0,801.0,199.0,190.0,0.0,60.0,39.0,12.790229534111395,277.0,38.0,632.0,59.0,632.0,199.0,181.0,18.0,0.0,169,0,True,True,9,15,False,False
b11_partial,dqn_C_selected,415,82,745.0,255.0,745.0,255.0,248.0,0.0,83.0,68.0,17.684572704780283,495.0,67.0,726.0,82.0,726.0,255.0,241.0,14.0,0.0,19,0,True,True,8,11,False,False
b11_partial,dqn_C_selected,416,65,791.0,209.0,791.0,209.0,203.0,0.0,66.0,54.0,13.561158341099828,398.0,53.0,788.0,65.0,788.0,209.0,197.0,12.0,0.0,3,0,True,False,3,0,False,False
b11_partial,dqn_C_selected,417,82,746.0,254.0,746.0,254.0,245.0,0.0,83.0,68.0,16.64951455076924,509.0,68.0,746.0,82.0,735.0,253.0,235.0,18.0,0.0,11,1,False,True,7,13,False,False
b11_partial,dqn_C_selected,418,62,808.0,192.0,808.0,192.0,188.0,0.0,63.0,48.0,14.013052732439192,319.0,47.0,798.0,62.0,798.0,192.0,184.0,8.0,0.0,10,0,True,True,7,4,False,False
b11_partial,dqn_C_selected,419,81,741.0,259.0,741.0,259.0,250.0,0.0,82.0,65.0,16.997059206861678,478.0,64.0,738.0,81.0,738.0,259.0,241.0,18.0,0.0,3,0,True,True,7,22,False,False
b11_partial,dqn_C_selected,420,83,693.0,307.0,693.0,307.0,278.0,0.0,84.0,67.0,17.31511819750604,435.0,66.0,692.0,83.0,692.0,307.0,249.0,58.0,0.0,1,0,True,True,5,2,False,False
b11_partial,dqn_C_selected,421,9,51.0,949.0,51.0,949.0,488.0,0.0,10.0,5.0,1.8678066836626563,39.0,5.0,51.0,9.0,51.0,26.0,26.0,0.0,0.0,0,923,False,True,11,10,False,False
b11_partial,dqn_C_selected,422,23,921.0,79.0,921.0,79.0,72.0,0.0,24.0,18.0,4.843986596161631,126.0,17.0,566.0,23.0,566.0,79.0,65.0,14.0,0.0,355,0,True,True,7,7,False,False
b11_partial,dqn_C_selected,423,85,700.0,300.0,700.0,300.0,274.0,0.0,86.0,68.0,17.19221165645482,492.0,67.0,687.0,85.0,687.0,300.0,248.0,52.0,0.0,13,0,True,True,5,19,False,False
b11_partial,dqn_C_selected,424,91,680.0,320.0,697.0,303.0,285.0,1.0,92.0,74.0,19.88951228424299,541.0,73.0,677.0,91.0,677.0,320.0,270.0,50.0,1.0,3,0,True,True,10,13,False,False
b11_partial,dqn_C_selected,425,68,771.0,229.0,771.0,229.0,216.0,0.0,69.0,53.0,15.089142602377606,347.0,52.0,587.0,68.0,587.0,229.0,203.0,26.0,0.0,184,0,True,True,8,9,False,False
b11_partial,dqn_C_selected,426,59,817.0,183.0,817.0,183.0,174.0,0.0,60.0,55.0,11.444094634776958,439.0,54.0,619.0,59.0,619.0,183.0,165.0,18.0,0.0,198,0,True,False,2,0,False,False
b11_partial,dqn_C_selected,427,82,742.0,258.0,742.0,258.0,248.0,0.0,83.0,66.0,16.64442196033247,477.0,66.0,742.0,82.0,742.0,256.0,236.0,20.0,0.0,0,2,False,True,9,8,False,False
b11_partial,dqn_C_selected,428,62,802.0,198.0,802.0,198.0,185.0,0.0,63.0,51.0,12.549754290930675,359.0,50.0,800.0,62.0,800.0,198.0,172.0,26.0,0.0,2,0,True,True,4,18,False,False
b11_partial,dqn_C_selected,429,80,727.0,273.0,727.0,273.0,249.0,0.0,81.0,67.0,16.92116448392888,474.0,67.0,727.0,80.0,727.0,267.0,225.0,42.0,0.0,0,6,False,True,4,4,False,False
b11_partial,dqn_C_selected,430,81,732.0,268.0,732.0,268.0,251.0,0.0,82.0,62.0,16.468365314573898,459.0,61.0,723.0,81.0,723.0,268.0,234.0,34.0,0.0,9,0,True,True,8,19,False,False
b11_partial,dqn_C_selected,431,76,740.0,260.0,740.0,260.0,244.0,0.0,77.0,58.0,16.4114746295734,407.0,57.0,724.0,76.0,724.0,260.0,228.0,32.0,0.0,16,0,True,True,10,8,False,False
b11_partial,dqn_C_selected,432,63,784.0,216.0,784.0,216.0,200.0,0.0,64.0,52.0,12.612740118181911,405.0,51.0,782.0,63.0,782.0,216.0,184.0,32.0,0.0,2,0,True,True,13,11,False,False
b11_partial,dqn_C_selected,433,9,40.0,960.0,40.0,960.0,494.0,0.0,10.0,5.0,1.8584207007857905,39.0,5.0,40.0,9.0,25.0,44.0,26.0,18.0,0.0,15,916,False,False,1,0,False,False
b11_partial,dqn_C_selected,434,64,804.0,196.0,804.0,196.0,191.0,0.0,65.0,52.0,13.029142152836364,375.0,51.0,789.0,64.0,789.0,196.0,186.0,10.0,0.0,15,0,True,True,14,11,False,False
b11_partial,dqn_C_selected,435,3,235.0,765.0,235.0,765.0,387.0,0.0,4.0,3.0,0.6870638854816069,19.0,3.0,235.0,3.0,21.0,6.0,6.0,0.0,0.0,214,759,False,False,2,0,False,False
b11_partial,dqn_C_selected,436,5,225.0,775.0,225.0,775.0,397.0,0.0,6.0,4.0,1.2007575596732825,30.0,4.0,225.0,5.0,225.0,20.0,16.0,4.0,0.0,0,755,False,True,8,6,False,False
b11_partial,dqn_C_selected,437,20,143.0,857.0,143.0,857.0,457.0,0.0,20.0,17.0,3.767910389690327,123.0,17.0,143.0,20.0,143.0,857.0,57.0,800.0,0.0,0,0,False,True,11,14,False,False
b11_partial,dqn_C_selected,438,95,688.0,312.0,688.0,312.0,293.0,0.0,96.0,72.0,20.684654385094255,465.0,71.0,686.0,95.0,686.0,312.0,274.0,38.0,0.0,2,0,True,False,2,0,False,False
b11_partial,dqn_C_selected,439,82,769.0,231.0,769.0,231.0,228.0,0.0,83.0,68.0,18.334910810480192,488.0,67.0,693.0,82.0,693.0,231.0,225.0,6.0,0.0,76,0,True,True,10,8,False,False
b11_partial,dqn_C_selected,440,86,725.0,275.0,725.0,275.0,262.0,0.0,87.0,76.0,17.321009652420706,567.0,75.0,720.0,86.0,720.0,275.0,249.0,26.0,0.0,5,0,True,True,8,14,False,False
b11_partial,dqn_C_selected,441,89,721.0,279.0,721.0,279.0,269.0,0.0,90.0,68.0,18.64710601043231,499.0,67.0,710.0,89.0,710.0,279.0,259.0,20.0,0.0,11,0,True,True,5,20,False,False
b11_partial,dqn_C_selected,442,57,519.0,481.0,519.0,481.0,324.0,0.0,58.0,49.0,11.241453574405508,416.0,48.0,518.0,57.0,518.0,481.0,167.0,314.0,0.0,1,0,True,True,7,13,False,False
b11_partial,dqn_C_selected,443,93,689.0,311.0,710.0,290.0,281.0,1.0,94.0,72.0,18.848267538105958,509.0,72.0,689.0,93.0,689.0,310.0,272.0,38.0,1.0,0,1,False,True,4,3,False,False
b11_partial,dqn_C_selected,444,95,673.0,327.0,673.0,327.0,303.0,0.0,96.0,74.0,20.10488065071554,527.0,73.0,672.0,95.0,672.0,327.0,279.0,48.0,0.0,1,0,True,False,1,0,False,False
b11_partial,dqn_C_selected,445,6,985.0,15.0,985.0,15.0,15.0,0.0,7.0,5.0,1.4675770506300154,33.0,4.0,450.0,6.0,450.0,15.0,15.0,0.0,0.0,535,0,True,True,3,1,False,False
b11_partial,dqn_C_selected,446,59,776.0,224.0,797.0,203.0,186.0,1.0,60.0,50.0,11.694792040955772,365.0,49.0,551.0,59.0,551.0,224.0,170.0,54.0,1.0,225,0,True,True,8,4,False,False
b11_partial,dqn_C_selected,447,92,682.0,318.0,694.0,306.0,284.0,1.0,93.0,72.0,19.495215441151537,478.0,71.0,673.0,92.0,673.0,318.0,264.0,54.0,1.0,9,0,True,False,2,0,False,False
b11_partial,dqn_C_selected,448,86,687.0,313.0,687.0,313.0,287.0,0.0,87.0,66.0,18.253986007953685,457.0,65.0,672.0,86.0,672.0,313.0,261.0,52.0,0.0,15,0,True,True,7,10,False,False
b11_partial,dqn_C_selected,449,71,787.0,213.0,787.0,213.0,207.0,0.0,72.0,53.0,15.463226986632499,402.0,52.0,766.0,71.0,766.0,213.0,201.0,12.0,0.0,21,0,True,False,2,0,False,False
b11_partial,dqn_C_selected,450,88,712.0,288.0,712.0,288.0,269.0,0.0,89.0,68.0,19.0766009226243,468.0,67.0,698.0,88.0,698.0,288.0,250.0,38.0,0.0,14,0,True,True,6,19,False,False
b11_partial,dqn_C_selected,451,80,753.0,247.0,753.0,247.0,235.0,0.0,81.0,61.0,17.35994817730171,419.0,60.0,574.0,80.0,574.0,247.0,223.0,24.0,0.0,179,0,True,True,4,2,False,False
b11_partial,dqn_C_selected,452,90,723.0,277.0,723.0,277.0,262.0,0.0,91.0,74.0,18.676101677229752,539.0,73.0,721.0,90.0,721.0,277.0,247.0,30.0,0.0,2,0,True,True,9,5,False,False
b11_partial,dqn_C_selected,453,85,733.0,267.0,733.0,267.0,258.0,0.0,86.0,74.0,17.977079721119857,552.0,73.0,718.0,85.0,718.0,267.0,249.0,18.0,0.0,15,0,True,True,7,4,False,False
b11_partial,dqn_C_selected,454,42,863.0,137.0,863.0,137.0,130.0,0.0,43.0,39.0,9.375650588072231,250.0,38.0,396.0,42.0,396.0,137.0,123.0,14.0,0.0,467,0,True,True,4,3,False,False
b11_partial,dqn_C_selected,455,84,729.0,271.0,729.0,271.0,254.0,0.0,85.0,64.0,15.963363310182245,514.0,63.0,700.0,84.0,700.0,271.0,237.0,34.0,0.0,29,0,True,True,10,10,False,False
b11_partial,dqn_C_selected,456,96,687.0,313.0,687.0,313.0,295.0,0.0,97.0,73.0,19.467630393299064,536.0,72.0,675.0,96.0,675.0,313.0,277.0,36.0,0.0,12,0,True,True,12,11,False,False
b11_partial,dqn_C_selected,457,80,763.0,237.0,763.0,237.0,229.0,0.0,81.0,64.0,15.84819682661586,494.0,63.0,760.0,80.0,760.0,237.0,221.0,16.0,0.0,3,0,True,True,6,21,False,False
b11_partial,dqn_C_selected,458,87,709.0,291.0,709.0,291.0,277.0,0.0,88.0,65.0,17.836948121430908,453.0,64.0,672.0,87.0,672.0,291.0,263.0,28.0,0.0,37,0,True,True,5,17,False,False
b11_partial,dqn_C_selected,459,78,708.0,292.0,708.0,292.0,256.0,0.0,79.0,59.0,15.820277860435821,438.0,58.0,598.0,78.0,598.0,292.0,220.0,72.0,0.0,110,0,True,False,2,0,False,False
b11_partial,dqn_C_selected,460,87,716.0,284.0,716.0,284.0,263.0,0.0,88.0,69.0,18.54431228942808,522.0,68.0,710.0,87.0,710.0,284.0,254.0,30.0,0.0,6,0,True,True,6,2,False,False
b11_partial,dqn_C_selected,461,36,875.0,125.0,875.0,125.0,116.0,0.0,37.0,30.0,7.621858652795681,186.0,29.0,473.0,36.0,473.0,125.0,107.0,18.0,0.0,402,0,True,False,3,0,False,False
b11_partial,dqn_C_selected,462,19,947.0,53.0,947.0,53.0,53.0,0.0,20.0,17.0,3.5096171380313756,123.0,16.0,495.0,19.0,495.0,53.0,53.0,0.0,0.0,452,0,True,True,4,20,False,False
b11_partial,dqn_C_selected,463,66,793.0,207.0,793.0,207.0,201.0,0.0,67.0,56.0,13.645976221693877,400.0,55.0,517.0,66.0,517.0,207.0,195.0,12.0,0.0,276,0,True,True,8,8,False,False
b11_partial,dqn_C_selected,464,81,741.0,259.0,741.0,259.0,245.0,0.0,82.0,66.0,17.39741076558308,479.0,65.0,733.0,81.0,733.0,259.0,231.0,28.0,0.0,8,0,True,False,3,0,False,False
b11_partial,dqn_C_selected,465,82,742.0,258.0,742.0,258.0,244.0,0.0,83.0,65.0,17.466465646592585,446.0,64.0,580.0,82.0,580.0,258.0,230.0,28.0,0.0,162,0,True,True,8,16,False,False
b11_partial,dqn_C_selected,466,70,754.0,246.0,768.0,232.0,217.0,1.0,71.0,53.0,14.94240987786179,360.0,52.0,747.0,70.0,747.0,246.0,202.0,44.0,1.0,7,0,True,True,6,20,False,False
b11_partial,dqn_C_selected,467,89,670.0,330.0,694.0,306.0,274.0,1.0,90.0,64.0,18.484659758764217,422.0,63.0,669.0,89.0,669.0,330.0,242.0,88.0,1.0,1,0,True,True,5,2,False,False
b11_partial,dqn_C_selected,468,58,786.0,214.0,804.0,196.0,181.0,1.0,59.0,50.0,11.252791685030935,371.0,49.0,777.0,58.0,777.0,214.0,166.0,48.0,1.0,9,0,True,True,7,16,False,False
b11_partial,dqn_C_selected,469,76,742.0,258.0,755.0,245.0,231.0,1.0,77.0,66.0,16.11790527680147,452.0,65.0,725.0,76.0,725.0,258.0,218.0,40.0,1.0,17,0,True,True,5,17,False,False
b11_partial,dqn_C_selected,470,28,919.0,81.0,919.0,81.0,80.0,0.0,29.0,27.0,5.609574232016184,209.0,26.0,553.0,28.0,553.0,81.0,79.0,2.0,0.0,366,0,True,True,12,9,False,False
b11_partial,dqn_C_selected,471,76,747.0,253.0,747.0,253.0,240.0,0.0,77.0,66.0,16.014809570130232,486.0,65.0,746.0,76.0,746.0,253.0,227.0,26.0,0.0,1,0,True,True,6,6,False,False
b11_partial,dqn_C_selected,472,70,777.0,223.0,777.0,223.0,213.0,0.0,71.0,48.0,14.624887492181138,325.0,47.0,508.0,70.0,508.0,223.0,203.0,20.0,0.0,269,0,True,True,7,3,False,False
b11_partial,dqn_C_selected,473,87,682.0,318.0,682.0,318.0,291.0,0.0,88.0,71.0,17.928466456496626,506.0,71.0,682.0,87.0,682.0,311.0,261.0,50.0,0.0,0,7,False,True,9,5,False,False
b11_partial,dqn_C_selected,474,81,746.0,254.0,746.0,254.0,240.0,0.0,82.0,64.0,18.46684613423544,461.0,63.0,627.0,81.0,627.0,254.0,226.0,28.0,0.0,119,0,True,True,5,16,False,False
b11_partial,dqn_C_selected,475,99,664.0,336.0,681.0,319.0,302.0,1.0,100.0,74.0,21.21500496336734,517.0,73.0,658.0,99.0,658.0,336.0,288.0,48.0,1.0,6,0,True,True,7,4,False,False
b11_partial,dqn_C_selected,476,102,668.0,332.0,688.0,312.0,303.0,1.0,103.0,76.0,21.61586785991114,561.0,75.0,666.0,102.0,666.0,332.0,294.0,38.0,1.0,2,0,True,True,4,1,False,False
b11_partial,dqn_C_selected,477,80,729.0,271.0,729.0,271.0,255.0,0.0,81.0,65.0,18.0308993875428,482.0,65.0,729.0,80.0,704.0,268.0,236.0,32.0,0.0,25,3,False,True,7,9,False,False
b11_partial,dqn_C_selected,478,46,871.0,129.0,871.0,129.0,127.0,0.0,47.0,35.0,10.269014230606075,244.0,34.0,342.0,46.0,342.0,129.0,125.0,4.0,0.0,529,0,True,False,3,0,False,False
b11_partial,dqn_C_selected,479,72,776.0,224.0,776.0,224.0,222.0,0.0,73.0,61.0,16.292642251977522,412.0,60.0,760.0,72.0,760.0,224.0,220.0,4.0,0.0,16,0,True,True,6,3,False,False
b11_partial,dqn_C_selected,480,58,642.0,358.0,642.0,358.0,266.0,0.0,59.0,49.0,12.117985250918395,355.0,48.0,543.0,58.0,543.0,358.0,174.0,184.0,0.0,99,0,True,True,7,6,False,False
b11_partial,dqn_C_selected,481,84,711.0,289.0,726.0,274.0,261.0,1.0,85.0,72.0,17.032395274887925,500.0,72.0,711.0,84.0,711.0,270.0,250.0,20.0,0.0,0,19,False,False,1,0,False,False
b11_partial,dqn_C_selected,482,58,809.0,191.0,809.0,191.0,180.0,0.0,59.0,47.0,11.962203361975101,339.0,46.0,806.0,58.0,806.0,191.0,169.0,22.0,0.0,3,0,True,True,4,18,False,False
b11_partial,dqn_C_selected,483,85,730.0,270.0,730.0,270.0,254.0,0.0,86.0,67.0,18.13055185811421,472.0,66.0,704.0,85.0,704.0,270.0,238.0,32.0,0.0,26,0,True,True,6,16,False,False
b11_partial,dqn_C_selected,484,82,713.0,287.0,731.0,269.0,253.0,1.0,83.0,63.0,17.456300142571322,458.0,62.0,691.0,82.0,691.0,287.0,237.0,50.0,1.0,22,0,True,True,7,9,False,False
b11_partial,dqn_C_selected,485,88,694.0,306.0,694.0,306.0,285.0,0.0,89.0,68.0,17.784333616992384,491.0,67.0,688.0,88.0,688.0,306.0,264.0,42.0,0.0,6,0,True,True,7,4,False,False
b11_partial,dqn_C_selected,486,90,689.0,311.0,689.0,311.0,290.0,0.0,91.0,71.0,19.488138632199234,498.0,70.0,683.0,90.0,683.0,311.0,269.0,42.0,0.0,6,0,True,True,10,11,False,False
b11_partial,dqn_C_selected,487,76,714.0,286.0,728.0,272.0,245.0,1.0,77.0,63.0,16.07789145044756,450.0,63.0,714.0,76.0,713.0,285.0,217.0,68.0,1.0,1,1,False,False,3,0,False,False
b11_partial,dqn_C_selected,488,80,720.0,280.0,720.0,280.0,264.0,0.0,81.0,70.0,15.25120550632829,514.0,69.0,718.0,80.0,718.0,280.0,248.0,32.0,0.0,2,0,True,True,12,11,False,False
b11_partial,dqn_C_selected,489,86,693.0,307.0,709.0,291.0,271.0,1.0,87.0,70.0,17.964832439599732,492.0,69.0,686.0,86.0,686.0,307.0,251.0,56.0,1.0,7,0,True,True,9,8,False,False
b11_partial,dqn_C_selected,490,87,697.0,303.0,697.0,303.0,270.0,0.0,87.0,70.0,18.42192609722442,498.0,70.0,697.0,87.0,697.0,303.0,259.0,44.0,0.0,0,0,False,True,6,3,False,False
b11_partial,dqn_C_selected,491,41,866.0,134.0,866.0,134.0,127.0,0.0,42.0,34.0,8.700118573860143,240.0,33.0,851.0,41.0,851.0,134.0,120.0,14.0,0.0,15,0,True,False,2,0,False,False
b11_partial,dqn_C_selected,492,72,776.0,224.0,776.0,224.0,211.0,0.0,73.0,51.0,14.676165643904698,373.0,50.0,566.0,72.0,566.0,224.0,198.0,26.0,0.0,210,0,True,False,2,0,False,False
b11_partial,dqn_C_selected,493,67,614.0,386.0,614.0,386.0,292.0,0.0,68.0,57.0,14.244643180117063,409.0,57.0,614.0,67.0,614.0,232.0,198.0,34.0,0.0,0,154,False,True,7,5,False,False
b11_partial,dqn_C_selected,494,55,818.0,182.0,818.0,182.0,177.0,0.0,56.0,44.0,11.59307567522661,335.0,43.0,815.0,55.0,815.0,182.0,172.0,10.0,0.0,3,0,True,True,6,18,False,False
b11_partial,dqn_C_selected,495,94,711.0,289.0,711.0,289.0,279.0,0.0,95.0,78.0,19.305787158075802,544.0,77.0,693.0,94.0,693.0,289.0,269.0,20.0,0.0,18,0,True,True,6,4,False,False
b11_partial,dqn_C_selected,496,93,720.0,280.0,720.0,280.0,269.0,0.0,94.0,70.0,20.287903349498492,491.0,70.0,720.0,93.0,719.0,276.0,256.0,20.0,0.0,1,4,False,True,4,1,False,False
b11_partial,dqn_C_selected,497,75,736.0,264.0,736.0,264.0,242.0,0.0,76.0,60.0,14.559160490529823,420.0,60.0,736.0,75.0,734.0,262.0,218.0,44.0,0.0,2,2,False,True,5,1,False,False
b11_partial,dqn_C_selected,498,96,668.0,332.0,668.0,332.0,310.0,0.0,97.0,75.0,20.22995942979161,529.0,75.0,668.0,96.0,668.0,325.0,287.0,38.0,0.0,0,7,False,True,7,12,False,False
b11_partial,dqn_C_selected,499,67,790.0,210.0,790.0,210.0,199.0,0.0,68.0,55.0,13.64063017393876,416.0,54.0,658.0,67.0,658.0,210.0,188.0,22.0,0.0,132,0,True,False,1,0,False,False
