case,policy,board_id,spawn_count,spawn_distance,spawn_expected,spawn_empty_board,spawn_body_effect,spawn_residual,spawn_body_cells,completed_count,completed_distance,completed_expected,completed_residual,completed_excess,completed_duration,terminal_elapsed,terminal_start_distance,fruits,return_value
b7_full,direct,0,278.0,1003.0,963.1115097266829,936.4583333333316,26.653176393348307,39.88849027331829,1834.0,277.0,996.0,959.3220360424724,36.67796395752882,0.0,996.0,4,7.0,277,126.49999982118607
b7_full,direct,1,288.0,1002.0,992.9546930580611,975.8333333333312,17.12135972472659,9.045306941940083,1725.0,287.0,999.0,989.6689787723468,9.331021227654368,0.0,999.0,1,3.0,287,133.4999998509884
b7_full,direct,2,288.0,1005.0,1002.3033910954157,972.2916666666655,30.011724428747243,2.696608904586078,1905.0,287.0,1000.0,998.1033910954156,1.8966089045860781,0.0,1000.0,0,5.0,287,133.29999984800816
b7_full,direct,3,281.0,1001.0,968.6980968841225,949.5833333333319,19.11476355078789,32.301903115878815,1909.0,280.0,996.0,965.2770442525435,30.72295574745776,0.0,996.0,4,5.0,280,130.39999985694885
b7_full,direct,4,291.0,1003.0,1027.5876890567304,1001.2499999999983,26.337689056729264,-24.587689056729307,1740.0,290.0,998.0,1024.4876890567305,-26.487689056729305,0.0,998.0,2,5.0,290,134.79999984800816
b7_full,direct,5,298.0,1004.0,1041.7746454383935,1003.7499999999977,38.02464543839222,-37.77464543839221,1812.0,297.0,999.0,1036.0473727111207,-37.047372711119486,0.0,999.0,1,5.0,297,137.8999998420477
b7_full,direct,6,295.0,1002.0,1019.2797651072772,986.666666666666,32.613098440610536,-17.2797651072772,1808.0,294.0,1000.0,1016.542923002014,-16.542923002014042,0.0,1000.0,0,2.0,294,136.19999983906746
b7_full,direct,7,281.0,1004.0,979.6787613266926,945.2083333333317,34.47042799335838,24.321238673308258,1720.0,280.0,1000.0,976.123205771137,23.876794228863815,0.0,1000.0,0,4.0,280,129.19999983906746
b7_full,direct,8,290.0,1001.0,1014.3526295185208,983.3333333333313,31.01929618518659,-13.352629518519933,1884.0,289.0,998.0,1011.3050104709017,-13.305010470900886,0.0,998.0,2,3.0,289,132.89999982714653
b7_full,direct,9,305.0,1002.0,1050.9448041391915,1023.1249999999981,27.819804139190953,-48.94480413919093,1984.0,304.0,998.0,1047.4742159038974,-49.47421590389681,0.0,998.0,2,4.0,304,141.79999984800816
b7_full,direct,10,265.0,1001.0,925.134218846282,895.6249999999989,29.50921884628133,75.86578115371864,1490.0,264.0,997.0,921.3723140843772,75.6276859156234,0.0,997.0,3,4.0,264,120.799999833107
b7_full,direct,11,293.0,1002.0,1012.587742350866,983.1249999999987,29.462742350864893,-10.587742350864904,1825.0,292.0,998.0,1008.8818599979248,-10.881859997923726,0.0,998.0,2,4.0,292,135.59999984502792
b7_full,direct,12,282.0,1006.0,981.6163622954805,950.4166666666652,31.19969562881292,24.383637704520396,1695.0,281.0,999.0,978.3086699877882,20.691330012212703,0.0,999.0,1,7.0,281,129.8999998420477
b7_full,direct,13,292.0,1004.0,1008.1889539361644,979.9999999999989,28.18895393616416,-4.188953936164185,1848.0,291.0,999.0,1004.655620602831,-5.655620602830852,0.0,999.0,1,5.0,291,134.49999983608723
b7_full,direct,14,289.0,1004.0,1006.1886195940889,974.7916666666653,31.39695292742132,-2.188619594088032,1952.0,288.0,999.0,1002.2938827519836,-3.293882751982769,0.0,999.0,1,5.0,288,133.9999998509884
b7_full,direct,15,287.0,1003.0,1011.415149147118,969.5833333333316,41.831815813783436,-8.415149147116761,1370.0,286.0,1000.0,1008.3675300994989,-8.367530099497714,0.0,1000.0,0,3.0,286,129.9999998062849
b7_full,direct,16,300.0,1007.0,1031.276299247783,1013.9583333333313,17.31796591444928,-24.276299247782607,2161.0,299.0,999.0,1026.867208338692,-27.867208338691697,0.0,999.0,1,8.0,299,138.49999983608723
b7_full,direct,17,280.0,1002.0,996.4040178740001,954.1666666666656,42.23735120733203,5.595982126001322,1573.0,279.0,999.0,991.9303336634738,7.0696663365276375,0.0,999.0,1,3.0,279,129.89999985694885
b7_full,direct,18,289.0,1004.0,1001.9319747759838,975.2083333333311,26.723641442649715,2.0680252240169597,1768.0,288.0,1000.0,998.7986414426505,1.201358557350293,0.0,1000.0,0,4.0,288,134.59999985992908
b7_full,direct,19,289.0,1004.0,1013.4479217197769,982.4999999999982,30.94792171977524,-9.447921719775252,1716.0,288.0,1000.0,1009.5531848776716,-9.553184877669988,0.0,1000.0,0,4.0,288,133.3999998420477
b7_full,direct,20,285.0,1001.0,981.4663549422282,949.9999999999985,31.46635494222649,19.53364505777345,1580.0,284.0,996.0,977.5716181001229,18.428381899878715,0.0,996.0,4,5.0,284,130.99999983608723
b7_full,direct,21,283.0,1004.0,995.6298806551961,962.083333333332,33.54654732186194,8.370119344804717,1810.0,282.0,1000.0,992.3798806551961,7.620119344804717,0.0,1000.0,0,4.0,282,131.39999985694885
b7_full,direct,22,296.0,1003.0,1030.4684262830779,999.1666666666649,31.30175961640994,-27.468426283076642,1766.0,295.0,997.0,1026.079537394189,-29.079537394187753,0.0,997.0,3,6.0,295,138.09999985992908
b7_full,direct,23,302.0,1004.0,1045.7714913188404,1024.1666666666647,21.604824652172862,-41.77149131883951,2025.0,301.0,998.0,1042.1603802077293,-44.160380207728394,0.0,998.0,2,6.0,301,139.8999998420477
b7_full,direct,24,289.0,1005.0,1020.9412410152719,984.1666666666649,36.77457434860346,-15.941241015270176,1657.0,288.0,999.0,1017.5037410152719,-18.503741015270176,0.0,999.0,1,6.0,288,132.59999983012676
b7_full,direct,25,285.0,1003.0,997.0026706772018,971.6666666666654,25.336004010534545,5.997329322798768,1858.0,284.0,997.0,993.275397949929,3.7246020500714954,0.0,997.0,3,6.0,284,131.79999984800816
b7_full,direct,26,277.0,1002.0,977.4001902384135,947.2916666666649,30.108523571745383,24.599809761587935,1670.0,276.0,1000.0,973.8376902384135,26.162309761587935,0.0,1000.0,0,2.0,276,129.19999986886978
b7_full,direct,27,281.0,1001.0,983.5876872351795,959.9999999999978,23.587687235178464,17.412312764821518,1827.0,280.0,997.0,980.5400681875605,16.459931812440566,0.0,997.0,3,4.0,280,130.39999985694885
b7_full,direct,28,284.0,1004.0,1006.401536191334,967.7083333333323,38.69320285799959,-2.401536191332933,1569.0,283.0,1000.0,1002.651536191334,-2.651536191332933,0.0,1000.0,0,4.0,283,130.69999983906746
b7_full,direct,29,290.0,1003.0,1019.2477508475519,985.4166666666649,33.83108418088395,-16.247750847550602,1686.0,289.0,999.0,1015.5955769345084,-16.595576934507125,0.0,999.0,1,4.0,289,132.89999982714653
b7_full,direct,30,312.0,1001.0,1082.936213629517,1052.0833333333317,30.85288029618187,-81.93621362951517,1820.0,311.0,1000.0,1080.3046346821486,-80.30463468214674,0.0,1000.0,0,1.0,311,144.8999998420477
b7_full,direct,31,301.0,1002.0,1042.784578250417,1013.3333333333325,29.451244917083176,-40.78457825041652,1912.0,300.0,999.0,1038.784578250417,-39.78457825041652,0.0,999.0,1,3.0,300,140.19999985396862
b7_full,direct,32,292.0,1002.0,1013.8354107366823,980.6249999999984,33.21041073668106,-11.83541073668109,1825.0,291.0,999.0,1011.2471754425646,-12.247175442563444,0.0,999.0,1,3.0,291,135.29999984800816
b7_full,direct,33,293.0,1003.0,1038.9868799051055,996.4583333333317,42.52854657177078,-35.98687990510395,1702.0,292.0,1000.0,1034.5202132384388,-34.52021323843728,0.0,1000.0,0,3.0,292,134.99999983608723
b7_full,direct,34,273.0,1001.0,964.2483466377339,929.1666666666656,35.081679971066144,36.751653362267206,1538.0,272.0,997.0,961.6329620223493,35.36703797765182,0.0,997.0,3,4.0,272,125.79999984800816
b7_full,direct,35,285.0,1001.0,1004.4235390742211,962.7083333333328,41.715205740887164,-3.4235390742205265,1620.0,284.0,994.0,999.9568724075544,-5.95687240755386,0.0,994.0,6,7.0,284,131.3999998420477
b7_full,direct,36,287.0,1002.0,1003.1275392707909,969.7916666666654,33.33587260412367,-1.127539270790359,1603.0,286.0,997.0,998.6275392707909,-1.627539270790359,0.0,997.0,3,5.0,286,133.79999986290932
b7_full,direct,37,273.0,1004.0,957.8376953222456,931.0416666666649,26.79602865557735,46.16230467775597,1676.0,272.0,999.0,954.571028655579,44.428971344422635,0.0,999.0,1,5.0,272,126.39999985694885
b7_full,direct,38,281.0,1002.0,981.3606452326351,951.6666666666646,29.69397856596669,20.639354767366616,1678.0,280.0,995.0,977.0562974065481,17.943702593453573,0.0,995.0,5,7.0,280,130.39999985694885
b7_full,direct,39,296.0,1003.0,1033.8937219489967,997.4999999999984,36.393721948995164,-30.893721948995193,1877.0,295.0,999.0,1030.0187219489967,-31.018721948995193,0.0,999.0,1,4.0,295,136.69999983906746
b7_full,direct,40,280.0,1001.0,976.1389662737024,948.1249999999995,28.01396627370174,24.861033726298206,1736.0,279.0,999.0,973.0213192148789,25.978680785121735,0.0,999.0,1,2.0,279,129.89999985694885
b7_full,direct,41,289.0,1001.0,1009.3650998356284,982.4999999999984,26.865099835627472,-8.365099835627486,1800.0,288.0,999.0,1007.0574075279361,-8.057407527935178,0.0,999.0,1,2.0,288,132.799999833107
b7_full,direct,42,279.0,1001.0,982.6327239975975,954.1666666666653,28.466057330929765,18.367276002403553,1650.0,278.0,997.0,979.6327239975975,17.367276002403553,0.0,997.0,3,4.0,278,128.3999998420477
b7_full,direct,43,283.0,1001.0,997.367336970288,962.708333333332,34.65900363695321,3.6326630297134463,1668.0,282.0,999.0,993.6400642430152,5.359935756986173,0.0,999.0,1,2.0,282,130.59999984502792
b7_full,direct,44,286.0,1001.0,1000.937209499159,968.5416666666649,32.395542832490904,0.06279050084241655,1668.0,285.0,999.0,998.2038761658257,0.79612383417575,0.0,999.0,1,2.0,285,132.09999984502792
b7_full,direct,45,301.0,1003.0,1038.5281618467168,1002.0833333333317,36.44482851338248,-35.52816184671581,1855.0,300.0,1000.0,1035.3516912584814,-35.351691258480514,0.0,1000.0,0,3.0,300,137.99999982118607
b7_full,direct,46,301.0,1004.0,1044.6698443119242,1009.3749999999986,35.29484431192264,-40.66984431192264,1687.0,300.0,1000.0,1040.9079395500194,-40.90793955001788,0.0,1000.0,0,4.0,300,138.1999998241663
b7_full,direct,47,288.0,1001.0,1013.7080897169283,978.124999999999,35.583089716926686,-12.708089716926683,1638.0,287.0,1000.0,1010.2375014816341,-10.237501481632565,0.0,1000.0,0,1.0,287,133.89999985694885
b7_full,direct,48,284.0,1002.0,988.3582964176542,952.0833333333318,36.27496308431997,13.641703582346691,1592.0,283.0,998.0,985.3582964176542,12.641703582346691,0.0,998.0,2,4.0,283,129.89999982714653
b7_full,direct,49,305.0,1002.0,1049.2208621613884,1019.791666666665,29.429195494720794,-47.22086216138744,2108.0,304.0,999.0,1045.4935894341156,-46.49358943411471,0.0,999.0,1,3.0,304,140.59999983012676
b7_full,direct,50,277.0,1005.0,984.3013121357269,954.9999999999987,29.301312135726246,20.698687864273694,1717.0,276.0,999.0,980.8013121357269,18.198687864273694,0.0,999.0,1,6.0,276,128.19999985396862
b7_full,direct,51,282.0,1005.0,988.872668098754,954.9999999999987,33.872668098753344,16.127331901246624,1753.0,281.0,999.0,984.622668098754,14.377331901246624,0.0,999.0,1,6.0,281,130.89999985694885
b7_full,direct,52,299.0,1001.0,1029.7283985379427,1000.8333333333319,28.89506520460886,-28.72839853794224,2075.0,298.0,1000.0,1026.7283985379427,-26.72839853794224,0.0,1000.0,0,1.0,298,138.19999983906746
b7_full,direct,53,293.0,1002.0,1029.1327158225645,989.9999999999981,39.13271582256303,-27.13271582256304,1542.0,292.0,998.0,1024.7438269336756,-26.74382693367415,0.0,998.0,2,4.0,292,133.5999998152256
b7_full,direct,54,292.0,1003.0,1024.0109461571997,995.2083333333318,28.80261282386565,-21.010946157199033,1734.0,291.0,999.0,1020.0109461571997,-21.010946157199033,0.0,999.0,1,4.0,291,135.89999985694885
b7_full,direct,55,285.0,1001.0,998.7899654975163,963.7499999999985,35.03996549751528,2.210034502484714,1790.0,284.0,998.0,995.8732988308496,2.1267011691513806,0.0,998.0,2,3.0,284,130.99999983608723
b7_full,direct,56,280.0,1002.0,985.5567668104628,956.0416666666649,29.515100143795088,16.443233189538198,1647.0,279.0,999.0,981.1678779215739,17.832122078427087,0.0,999.0,1,3.0,279,130.29999986290932
b7_full,direct,57,284.0,1002.0,998.431492026356,966.0416666666654,32.389825359688366,3.5685079736449525,1690.0,283.0,1000.0,995.7391843340482,4.260815665952645,0.0,1000.0,0,2.0,283,131.4999998509884
b7_full,direct,58,295.0,1004.0,1036.730924346291,994.7916666666649,41.939257679623125,-32.73092434628978,1724.0,294.0,1000.0,1032.1426890521734,-32.14268905217214,0.0,1000.0,0,4.0,294,135.59999983012676
b7_full,direct,59,276.0,1001.0,964.0752292561701,942.916666666665,21.15856258950214,36.924770743831225,1849.0,275.0,999.0,961.5752292561701,37.424770743831225,0.0,999.0,1,2.0,275,129.59999987483025
b7_full,direct,60,283.0,1003.0,992.3166131652198,957.4999999999983,34.816613165218286,10.683386834781713,1674.0,282.0,1000.0,987.9416131652198,12.058386834781713,0.0,1000.0,0,3.0,282,130.19999983906746
b7_full,direct,61,301.0,1001.0,1056.7007691283095,1019.3749999999984,37.325769128308146,-55.700769128308146,1786.0,300.0,996.0,1053.5242985400741,-57.52429854007285,0.0,996.0,4,5.0,300,139.3999998420477
b7_full,direct,62,269.0,1002.0,951.7530488649946,916.0416666666652,35.71138219832692,50.246951135006405,1603.0,268.0,1000.0,948.3412841591123,51.65871584088876,0.0,1000.0,0,2.0,268,123.99999985098839
b7_full,direct,63,279.0,1002.0,974.1765488912023,938.9583333333318,35.218215557867595,27.823451108799077,1691.0,278.0,998.0,970.6502331017286,27.34976689827276,0.0,998.0,2,4.0,278,128.19999983906746
b7_full,direct,64,269.0,1005.0,952.0312117484604,922.9166666666657,29.114545081793345,52.96878825153994,1736.0,268.0,999.0,948.3039390211876,50.69606097881267,0.0,999.0,1,6.0,268,125.59999987483025
b7_full,direct,65,283.0,1002.0,982.7210148950534,958.9583333333317,23.76268156171908,19.278985104947587,1935.0,282.0,998.0,978.2210148950534,19.778985104947587,0.0,998.0,2,4.0,282,131.19999985396862
b7_full,direct,66,274.0,1005.0,960.7952888442833,923.5416666666653,37.253622177615966,44.20471115571738,1582.0,273.0,1000.0,956.3190983680928,43.68090163190786,0.0,1000.0,0,5.0,273,126.29999984800816
b7_full,direct,67,289.0,1003.0,1008.0688019806892,971.6666666666657,36.40213531402114,-5.068801980687832,1561.0,288.0,1000.0,1004.3415292534164,-4.341529253415105,0.0,1000.0,0,3.0,288,133.19999983906746
b7_full,direct,68,283.0,1001.0,994.516368836292,965.833333333332,28.68303550295742,6.483631163709253,1907.0,282.0,995.0,990.916368836292,4.083631163709253,0.0,995.0,5,6.0,282,130.9999998509884
b7_full,direct,69,282.0,1003.0,987.05778672297,959.7916666666652,27.266120056302103,15.942213277031225,1851.0,281.0,998.0,983.55778672297,14.442213277031225,0.0,998.0,2,5.0,281,130.29999984800816
b7_full,direct,70,295.0,1003.0,1022.3534002360403,981.4583333333319,40.89506690270585,-19.35340023603919,1632.0,294.0,999.0,1017.7170365996767,-18.717036599675552,0.0,999.0,1,4.0,294,134.99999982118607
b7_full,direct,71,281.0,1007.0,1000.3867245972136,958.5416666666649,41.84505793054552,6.613275402787785,1432.0,280.0,1000.0,996.720057930547,3.2799420694544517,0.0,1000.0,0,7.0,280,128.1999998241663
b7_full,direct,72,274.0,1003.0,962.9634521733419,940.4166666666648,22.546785506674112,40.03654782665921,1853.0,273.0,1000.0,959.9634521733419,40.03654782665921,0.0,1000.0,0,3.0,273,126.69999985396862
b7_full,direct,73,290.0,1001.0,1022.0197661641622,993.1249999999986,28.8947661641614,-21.019766164161478,1769.0,289.0,998.0,1018.3675922511187,-20.367592251118,0.0,998.0,2,3.0,289,132.6999998241663
b7_full,direct,74,279.0,1002.0,975.7069443865474,942.9166666666655,32.7902777198796,26.293055613453728,1777.0,278.0,997.0,972.6402777198807,24.359722280120394,0.0,997.0,3,5.0,278,128.79999984800816
b7_full,direct,75,302.0,1003.0,1054.715390927406,1013.3333333333319,41.38205759407132,-51.71539092740459,1865.0,301.0,998.0,1050.953486165501,-52.95348616549983,0.0,998.0,2,5.0,301,139.09999983012676
b7_full,direct,76,296.0,1001.0,1008.7466713774485,988.3333333333322,20.413338044114372,-7.746671377447706,1867.0,295.0,997.0,1005.7466713774485,-8.746671377447706,0.0,997.0,3,4.0,295,136.49999983608723
b7_full,direct,77,295.0,1001.0,1026.04871231392,992.0833333333316,33.96537898058625,-25.048712313919605,1721.0,294.0,999.0,1023.2709345361424,-24.270934536141826,0.0,999.0,1,2.0,294,136.79999984800816
b7_full,direct,78,279.0,1002.0,975.7156764518076,939.3749999999983,36.340676451806786,26.284323548193186,1699.0,278.0,998.0,972.5392058635723,25.46079413642848,0.0,998.0,2,4.0,278,128.59999984502792
b7_full,direct,79,298.0,1004.0,1025.6132123399268,1005.6249999999982,19.98821233992519,-21.61321233992522,1866.0,297.0,1000.0,1020.8909901177046,-20.890990117702998,0.0,1000.0,0,4.0,297,138.89999985694885
b7_full,direct,80,288.0,1001.0,1003.0765471968406,971.6666666666648,31.40988053017257,-2.076547196839298,1718.0,287.0,1000.0,999.2870735126301,0.7129264873712282,0.0,1000.0,0,1.0,287,132.49999983608723
b7_full,direct,81,266.0,1001.0,942.8203903345287,905.8333333333319,36.98705700119415,58.17960966547253,1569.0,265.0,999.0,939.2965808107192,59.70341918928206,0.0,999.0,1,2.0,265,123.09999985992908
b7_full,direct,82,286.0,1003.0,1008.4801188930511,969.5833333333312,38.89678555971626,-5.480118893049634,1648.0,285.0,1000.0,1004.1757710669641,-4.175771066962678,0.0,1000.0,0,3.0,285,132.89999985694885
b7_full,direct,83,278.0,1003.0,974.8132711097331,947.9166666666654,26.896604443065918,28.186728890267396,1763.0,277.0,999.0,971.4603299332625,27.539670066737983,0.0,999.0,1,4.0,277,127.299999833107
b7_full,direct,84,280.0,1003.0,967.3684883598044,940.4166666666656,26.95182169313612,35.63151164019725,1800.0,279.0,999.0,963.6184883598044,35.38151164019725,0.0,999.0,1,4.0,279,129.69999985396862
b7_full,direct,85,293.0,1001.0,1005.5432986301483,983.3333333333317,22.20996529681411,-4.543298630147455,1898.0,292.0,994.0,1001.8374162772071,-7.8374162772062785,0.0,994.0,6,7.0,292,135.9999998509884
b7_full,direct,86,278.0,1003.0,977.2152465443365,943.7499999999987,33.46524654433523,25.784753455664752,1607.0,277.0,998.0,974.169791998882,23.8302080011193,0.0,998.0,2,5.0,277,128.09999984502792
b7_full,direct,87,289.0,1004.0,1011.0538171300601,976.2499999999978,34.80381713005887,-7.053817130058875,1564.0,288.0,1000.0,1007.2919123681553,-7.291912368154113,0.0,1000.0,0,4.0,288,132.59999983012676
b7_full,direct,88,285.0,1003.0,1007.878775994725,972.2916666666652,35.58710932805693,-4.878775994723641,1596.0,284.0,998.0,1004.5454426613916,-6.545442661390307,0.0,998.0,2,5.0,284,130.99999983608723
b7_full,direct,89,291.0,1001.0,1010.1846570477588,985.2083333333318,24.97632371442437,-9.184657047757725,1906.0,290.0,999.0,1007.1846570477588,-8.184657047757725,0.0,999.0,1,2.0,290,134.79999984800816
b7_full,direct,90,285.0,1001.0,995.9460143552934,960.2083333333319,35.73768102195882,5.05398564470782,1723.0,284.0,1000.0,993.561398970678,6.438601029323205,0.0,1000.0,0,1.0,284,130.39999982714653
b7_full,direct,91,272.0,1001.0,953.900573975651,930.416666666665,23.483907308983003,47.09942602435032,1747.0,271.0,997.0,950.1946916227098,46.805308377291496,0.0,997.0,3,4.0,271,125.69999985396862
b7_full,direct,92,287.0,1001.0,1004.738570211815,970.8333333333313,33.90523687848018,-3.7385702118135726,1687.0,286.0,1000.0,1001.6830146562595,-1.6830146562580173,0.0,1000.0,0,1.0,286,132.79999984800816
b7_full,direct,93,284.0,1001.0,983.5273155694844,955.6249999999986,27.902315569483065,17.472684430516907,1815.0,283.0,995.0,980.0035060456748,14.996493954326432,0.0,995.0,5,6.0,283,131.89999985694885
b7_full,direct,94,292.0,1004.0,1026.1714617242894,987.499999999999,38.671461724288505,-22.171461724288484,1770.0,291.0,1000.0,1022.7366791155937,-22.736679115592832,0.0,1000.0,0,4.0,291,135.4999998509884
b7_full,direct,95,285.0,1004.0,1006.4408446739776,974.9999999999986,31.440844673976624,-2.440844673976647,1983.0,284.0,998.0,1002.2533446739776,-4.253344673976647,0.0,998.0,2,6.0,284,131.3999998420477
b7_full,direct,96,292.0,1004.0,1022.2631856456999,988.958333333331,33.30485231236508,-18.263185645698414,1934.0,291.0,998.0,1018.8284030370043,-20.82840303700276,0.0,998.0,2,6.0,291,134.49999983608723
b7_full,direct,97,289.0,1001.0,1014.0014350772404,979.3749999999983,34.62643507723931,-13.001435077239353,1653.0,288.0,999.0,1010.354376253711,-11.354376253709942,0.0,999.0,1,2.0,288,131.79999981820583
b7_full,direct,98,280.0,1002.0,967.0187691175072,941.6666666666656,25.352102450838792,34.98123088249452,1751.0,279.0,997.0,963.312886764566,33.687113235435696,0.0,997.0,3,5.0,279,128.8999998420477
b7_full,direct,99,285.0,1002.0,987.5550917890538,968.333333333332,19.22175845571993,14.444908210946718,1980.0,284.0,997.0,984.0287759995801,12.971224000420403,0.0,997.0,3,5.0,284,131.19999983906746
b7_full,direct,100,298.0,1004.0,1045.004058728436,1011.2499999999982,33.754058728434444,-41.0040587284345,1788.0,297.0,1000.0,1041.9452351990242,-41.94523519902274,0.0,1000.0,0,4.0,297,138.29999984800816
b7_full,direct,101,284.0,1001.0,992.3734153025242,960.8333333333319,31.54008196918915,8.626584697477488,1641.0,283.0,999.0,988.6234153025242,10.376584697477488,0.0,999.0,1,2.0,283,131.69999985396862
b7_full,direct,102,286.0,1004.0,1006.234793316682,962.7083333333319,43.526459983346854,-2.234793316680174,1528.0,285.0,998.0,1003.1893387712275,-5.1893387712256285,0.0,998.0,2,6.0,285,131.8999998420477
b7_full,direct,103,268.0,1004.0,952.0333109293615,920.8333333333321,31.199977596026834,51.96668907063982,1562.0,267.0,1000.0,947.4543635609405,52.54563643906088,0.0,1000.0,0,4.0,267,124.49999986588955
b7_full,direct,104,289.0,1002.0,1005.6886966787653,965.2083333333319,40.480363345431,-3.6886966787643205,1658.0,288.0,999.0,1001.982814325824,-2.982814325823144,0.0,999.0,1,3.0,288,132.59999983012676
b7_full,direct,105,290.0,1007.0,1027.3648246070134,989.1666666666648,38.19815794034563,-20.364824607012327,1841.0,289.0,1000.0,1023.0604767809265,-23.06047678092537,0.0,1000.0,0,7.0,289,133.49999983608723
b7_full,direct,106,281.0,1003.0,968.5681805834583,940.8333333333322,27.7348472501235,34.43181941654315,1854.0,280.0,1000.0,964.1792916945694,35.820708305432035,0.0,1000.0,0,3.0,280,130.79999986290932
b7_full,direct,107,294.0,1003.0,1015.8440726725163,987.083333333332,28.760739339181903,-12.844072672515248,1762.0,293.0,1000.0,1012.1167999452435,-12.116799945242521,0.0,1000.0,0,3.0,293,135.49999983608723
b7_full,direct,108,285.0,1001.0,993.9147438956711,955.2083333333322,38.70641056233664,7.085256104330025,1653.0,284.0,997.0,990.3147438956711,6.6852561043300245,0.0,997.0,3,4.0,284,131.19999983906746
b7_full,direct,109,285.0,1001.0,994.4684946708901,957.7083333333316,36.760161337555644,6.53150532911101,1753.0,284.0,996.0,990.9446851470806,5.055314852920533,0.0,996.0,4,5.0,284,131.3999998420477
b7_full,direct,110,280.0,1002.0,976.3445129934394,953.3333333333314,23.011179660104457,25.65548700656219,1778.0,279.0,999.0,972.8739247581452,26.12607524185631,0.0,999.0,1,3.0,279,128.299999833107
b7_full,direct,111,290.0,1003.0,1012.1857474225142,978.1249999999984,34.060747422512115,-9.185747422512128,1775.0,289.0,999.0,1008.6143188510856,-9.614318851083556,0.0,999.0,1,4.0,289,134.4999998509884
b7_full,direct,112,292.0,1001.0,1004.5217574370872,971.4583333333321,33.06342410375252,-3.5217574370858737,1638.0,291.0,998.0,1000.7944847098145,-2.7944847098131467,0.0,998.0,2,3.0,291,134.09999983012676
b7_full,direct,113,283.0,1002.0,991.4516328807006,960.6249999999984,30.826632880699677,10.548367119300298,1755.0,282.0,997.0,987.7294106584784,9.270589341522522,0.0,997.0,3,5.0,282,130.3999998420477
b7_full,direct,114,296.0,1002.0,1037.7738528570349,1003.9583333333319,33.815519523700296,-35.77385285703362,1663.0,295.0,997.0,1034.884963968146,-37.88496396814473,0.0,997.0,3,5.0,295,135.49999982118607
b7_full,direct,115,294.0,1003.0,1027.4150409459157,995.2083333333318,32.20670761258155,-24.415040945914885,1717.0,293.0,997.0,1023.4150409459158,-26.415040945914885,0.0,997.0,3,6.0,293,135.8999998420477
b7_full,direct,116,286.0,1001.0,1002.020680168608,962.0833333333326,39.93734683527386,-1.0206801686071958,1693.0,285.0,997.0,996.4752256231535,0.5247743768473501,0.0,997.0,3,4.0,285,130.89999982714653
b7_full,direct,117,278.0,1004.0,984.712173885066,945.6249999999985,39.08717388506558,19.28782611493441,1405.0,277.0,998.0,980.2359834088755,17.76401659112489,0.0,998.0,2,6.0,277,127.69999983906746
b7_full,direct,118,267.0,1002.0,947.088327144133,923.5416666666648,23.546660477465405,54.91167285586792,1706.0,266.0,1000.0,943.3264223822282,56.67357761777268,0.0,1000.0,0,2.0,266,122.79999984800816
b7_full,direct,119,298.0,1001.0,1046.1034625706943,1007.0833333333321,39.02012923735895,-45.103462570692336,1658.0,297.0,1000.0,1042.9034625706943,-42.903462570692334,0.0,1000.0,0,1.0,297,138.09999984502792
b7_full,direct,120,283.0,1001.0,996.735064613824,966.2499999999987,30.485064613823493,4.264935386176482,1646.0,282.0,999.0,992.846175724935,6.1538242750653716,0.0,999.0,1,2.0,282,130.19999983906746
b7_full,direct,121,302.0,1004.0,1058.383961242054,1018.7499999999978,39.63396124205286,-54.383961242052806,1731.0,301.0,996.0,1054.079613415967,-58.07961341596585,0.0,996.0,4,8.0,301,138.6999998241663
b7_full,direct,122,274.0,1004.0,947.5650588342065,922.291666666665,25.273392167538404,56.43494116579494,1717.0,273.0,1000.0,944.019604288752,55.980395711249486,0.0,1000.0,0,4.0,273,127.29999986290932
b7_full,direct,123,292.0,1001.0,1021.9392981093494,981.4583333333317,40.480964776014574,-20.939298109347895,1684.0,291.0,996.0,1017.4631076331589,-21.46310763315742,0.0,996.0,4,5.0,291,134.299999833107
b7_full,direct,124,318.0,1005.0,1105.3465271150321,1072.0833333333323,33.26319378169727,-100.34652711503063,1850.0,317.0,999.0,1102.0798604483655,-103.07986044836396,0.0,999.0,1,6.0,317,146.6999998241663
b7_full,direct,125,279.0,1001.0,952.9822146794374,931.666666666665,21.31554801277003,48.0177853205633,1956.0,278.0,998.0,949.335155855908,48.66484414409271,0.0,998.0,2,3.0,278,129.99999986588955
b7_full,direct,126,294.0,1003.0,1027.7719578973258,991.0416666666647,36.730291230658,-24.771957897324675,1963.0,293.0,996.0,1023.7052912306592,-27.70529123065801,0.0,996.0,4,7.0,293,135.8999998420477
b7_full,direct,127,279.0,1002.0,972.8221022251115,943.7499999999992,29.07210222511068,29.177897774889303,1840.0,278.0,998.0,970.3221022251115,27.677897774889303,0.0,998.0,2,4.0,278,129.79999986290932
b7_full,direct,128,284.0,1001.0,1000.8274438488344,967.2916666666656,33.53577718216631,0.1725561511669973,1627.0,283.0,996.0,997.3036343250249,-1.303634325023479,0.0,996.0,4,5.0,283,131.09999984502792
b7_full,direct,129,265.0,1003.0,926.5118225965722,898.5416666666656,27.970155929904855,76.48817740342844,1636.0,264.0,997.0,922.8868225965722,74.11317740342844,0.0,997.0,3,6.0,264,121.59999984502792
b7_full,direct,130,285.0,1001.0,1003.5723999527648,968.5416666666658,35.03073328609739,-2.5723999527640484,1637.0,284.0,997.0,1000.3848999527648,-3.3848999527640484,0.0,997.0,3,4.0,284,133.39999987185
b7_full,direct,131,293.0,1002.0,1020.0821347734408,986.8749999999992,33.20713477343908,-18.082134773439133,1711.0,292.0,997.0,1016.5821347734408,-19.582134773439133,0.0,997.0,3,5.0,292,135.9999998509884
b7_full,direct,132,276.0,1002.0,977.7029324896928,941.6666666666654,36.03626582302546,24.29706751030786,1723.0,275.0,996.0,973.97565976242,22.024340237580585,0.0,996.0,4,6.0,275,127.89999985694885
b7_full,direct,133,290.0,1005.0,1005.5776452810151,982.7083333333318,22.86931194768048,-0.5776452810138348,1885.0,289.0,999.0,1001.8157405191102,-2.815740519109073,0.0,999.0,1,6.0,289,133.8999998420477
b7_full,direct,134,293.0,1001.0,1020.8486316171458,989.5833333333327,31.265298283811827,-19.848631617145227,1769.0,292.0,996.0,1017.086726855241,-21.086726855240464,0.0,996.0,4,5.0,292,134.1999998241663
b7_full,direct,135,289.0,1003.0,1004.2572675492361,974.5833333333319,29.67393421590143,-1.2572675492348413,1687.0,288.0,1000.0,1000.614410406379,-0.6144104063776985,0.0,1000.0,0,3.0,288,133.3999998420477
b7_full,direct,136,298.0,1003.0,1043.1607747650128,1009.5833333333314,33.577441431678196,-40.16077476501149,1969.0,297.0,998.0,1040.351250955489,-42.35125095548768,0.0,998.0,2,5.0,297,136.29999981820583
b7_full,direct,137,286.0,1001.0,999.3489688197658,967.7083333333312,31.640635486430632,1.651031180235981,1565.0,285.0,998.0,994.6267465975436,3.3732534024582033,0.0,998.0,2,3.0,285,130.49999982118607
b7_full,direct,138,285.0,1004.0,993.8590600488127,962.7083333333316,31.150726715478005,10.140939951188649,1748.0,284.0,998.0,990.1748495224969,7.825150477504438,0.0,998.0,2,6.0,284,131.9999998509884
b7_full,direct,139,280.0,1002.0,984.2592731252465,957.7083333333319,26.55093979191263,17.740726874754007,1885.0,279.0,999.0,981.3119047041939,17.688095295806637,0.0,999.0,1,3.0,279,129.09999984502792
b7_full,direct,140,292.0,1001.0,1021.3302105348179,984.1666666666649,37.16354386815079,-20.33021053481749,1775.0,291.0,996.0,1015.9455951502025,-19.945595150202102,0.0,996.0,4,5.0,291,133.89999982714653
b7_full,direct,141,292.0,1002.0,1026.4601126974987,990.2083333333317,36.25177936416492,-24.460112697498268,1838.0,291.0,998.0,1022.4601126974987,-24.460112697498268,0.0,998.0,2,4.0,291,134.69999983906746
b7_full,direct,142,279.0,1001.0,970.8390573284579,947.7083333333329,23.130723995123624,30.160942671543065,1907.0,278.0,997.0,967.4042747197623,29.595725280238717,0.0,997.0,3,4.0,278,127.1999998241663
b7_full,direct,143,291.0,1003.0,1029.2641632988998,990.4166666666649,38.84749663223213,-26.26416329889878,1670.0,290.0,999.0,1026.445981480718,-27.445981480716963,0.0,999.0,1,4.0,290,133.59999983012676
b7_full,direct,144,279.0,1001.0,995.1205985501331,959.3749999999981,35.74559855013145,5.879401449868546,1633.0,278.0,998.0,990.9955985501331,7.004401449868546,0.0,998.0,2,3.0,278,128.59999984502792
b7_full,direct,145,294.0,1003.0,1031.6759810656438,990.833333333332,40.84264773230983,-28.675981065643192,1782.0,293.0,1000.0,1028.2870921767549,-28.287092176754303,0.0,1000.0,0,3.0,293,133.89999981224537
b7_full,direct,146,280.0,1001.0,990.9313932014809,957.7083333333322,33.2230598681467,10.068606798519983,1582.0,279.0,996.0,988.2171074871952,7.782892512805699,0.0,996.0,4,5.0,279,129.69999985396862
b7_full,direct,147,297.0,1003.0,1042.2999315490615,1000.624999999998,41.67493154905993,-39.2999315490599,1728.0,296.0,998.0,1038.5940491961203,-40.594049196118725,0.0,998.0,2,5.0,296,137.19999983906746
b7_full,direct,148,286.0,1002.0,1004.758907221203,966.458333333331,38.30057388786858,-2.7589072212019246,1788.0,285.0,999.0,1001.3742918365876,-2.37429183658654,0.0,999.0,1,3.0,285,130.49999982118607
b7_full,direct,149,294.0,1002.0,1018.3536516690717,991.0416666666647,27.31198500240429,-16.353651669070963,2045.0,293.0,999.0,1015.8991062145262,-16.89910621452551,0.0,999.0,1,3.0,293,136.4999998509884
b7_full,direct,150,289.0,1002.0,1009.9820578407937,983.541666666665,26.440391174125487,-7.982057840792185,1717.0,288.0,1000.0,1007.3911487498846,-7.391148749883095,0.0,1000.0,0,2.0,288,133.79999984800816
b7_full,direct,151,279.0,1004.0,975.9834759407983,949.3749999999987,26.608475940796882,28.016524059203086,1699.0,278.0,999.0,972.2992654144824,26.700734585518873,0.0,999.0,1,5.0,278,130.19999986886978
b7_full,direct,152,314.0,1002.0,1088.801523151921,1051.8749999999982,36.92652315192021,-86.8015231519202,1945.0,313.0,999.0,1085.0681898185876,-86.06818981858686,0.0,999.0,1,3.0,313,145.69999983906746
b7_full,direct,153,292.0,1002.0,1016.2868611757979,991.8749999999989,24.411861175796403,-14.286861175796425,1782.0,291.0,999.0,1013.2414066303434,-14.24140663034188,0.0,999.0,1,3.0,291,134.299999833107
b7_full,direct,154,285.0,1005.0,1005.6623046564652,976.6666666666654,28.995637989797657,-0.6623046564643689,1764.0,284.0,998.0,1001.1886204459388,-3.188620445938053,0.0,998.0,2,7.0,284,131.59999984502792
b7_full,direct,155,289.0,1001.0,1005.4174429521222,968.9583333333317,36.459109618787885,-4.417442952121247,1668.0,288.0,1000.0,1002.6049429521222,-2.6049429521212466,0.0,1000.0,0,1.0,288,132.59999983012676
b7_full,direct,156,287.0,1003.0,1007.3664786539737,966.041666666665,41.324811987305225,-4.366478653971917,1733.0,286.0,1000.0,1004.5429492422089,-4.542949242207212,0.0,1000.0,0,3.0,286,131.39999982714653
b7_full,direct,157,293.0,1005.0,1017.6448969788918,986.8749999999981,30.769896978890433,-12.644896978890454,1654.0,292.0,1000.0,1013.6448969788918,-13.644896978890454,0.0,1000.0,0,5.0,292,135.79999984800816
b7_full,direct,158,288.0,1001.0,1002.244812387439,970.8333333333318,31.411479054104195,-1.2448123874375714,1814.0,287.0,994.0,997.7781457207723,-3.7781457207709046,0.0,994.0,6,7.0,287,133.29999984800816
b7_full,direct,159,290.0,1004.0,1011.7258626185231,976.6666666666654,35.05919595185481,-7.725862618521472,1833.0,289.0,1000.0,1008.2910800098275,-8.29108000982582,0.0,1000.0,0,4.0,289,133.49999983608723
b7_full,direct,160,291.0,1004.0,1004.7812001962833,970.4166666666657,34.364533529616295,-0.78120019628297,1576.0,290.0,997.0,1000.1812001962833,-3.1812001962829703,0.0,997.0,3,7.0,290,132.79999981820583
b7_full,direct,161,290.0,1002.0,1012.9819546711286,982.083333333332,30.898621337793806,-10.981954671127161,1872.0,289.0,999.0,1009.9819546711286,-10.981954671127161,0.0,999.0,1,3.0,289,134.89999985694885
b7_full,direct,162,289.0,1002.0,1003.9064522189431,974.1666666666652,29.739785552275418,-1.9064522189421194,1930.0,288.0,1000.0,1000.4064522189431,-0.40645221894211936,0.0,1000.0,0,2.0,288,133.79999984800816
b7_full,direct,163,274.0,1001.0,959.1650252430005,922.0833333333328,37.08169190966672,41.834974756999955,1591.0,273.0,997.0,956.0221681001434,40.9778318998571,0.0,997.0,3,4.0,273,125.09999983012676
b7_full,direct,164,289.0,1001.0,1008.8535393197469,975.4166666666655,33.43687265307939,-7.853539319746073,1778.0,288.0,1000.0,1006.2653040256292,-6.265304025628426,0.0,1000.0,0,1.0,288,132.799999833107
b7_full,direct,165,287.0,1003.0,1008.2633862312601,971.4583333333319,36.80505289792539,-5.26338623125875,1746.0,286.0,998.0,1005.0967195645935,-7.0967195645920835,0.0,998.0,2,5.0,286,132.3999998420477
b7_full,direct,166,278.0,1002.0,970.020966423274,941.6666666666647,28.35429975660658,31.979033576726735,1581.0,277.0,997.0,966.5542997566073,30.445700243393404,0.0,997.0,3,5.0,277,127.09999983012676
b7_full,direct,167,291.0,1003.0,1014.9388244764401,981.8749999999975,33.06382447643889,-11.938824476438885,1723.0,290.0,996.0,1010.9388244764401,-14.938824476438885,0.0,996.0,4,7.0,290,133.99999983608723
b7_full,direct,168,291.0,1002.0,1008.0133384240025,972.4999999999984,35.51333842400104,-6.0133384240010255,1756.0,290.0,998.0,1004.5785558153069,-6.578555815305373,0.0,998.0,2,4.0,290,133.799999833107
b7_full,direct,169,285.0,1002.0,981.2125413329367,952.2916666666661,28.920874666269402,20.787458667063937,1617.0,284.0,997.0,977.5283308066208,19.47166919337973,0.0,997.0,3,5.0,284,131.3999998420477
b7_full,direct,170,299.0,1001.0,1044.3063313354298,1015.2083333333317,29.097998002095085,-43.30633133542844,1904.0,298.0,1000.0,1040.544426573525,-40.54442657352368,0.0,1000.0,0,1.0,298,138.79999984800816
b7_full,direct,171,283.0,1004.0,987.9527713325931,950.8333333333317,37.11943799925862,16.047228667408024,1727.0,282.0,999.0,984.752771332593,14.247228667408026,0.0,999.0,1,5.0,282,130.3999998420477
b7_full,direct,172,291.0,1002.0,1011.3450560425064,972.4999999999984,38.845056042505185,-9.345056042505247,1609.0,290.0,998.0,1008.6082139372432,-10.60821393724209,0.0,998.0,2,4.0,290,133.59999983012676
b7_full,direct,173,277.0,1003.0,973.5061081553924,942.4999999999982,31.00610815539133,29.493891844608633,1666.0,276.0,1000.0,969.8218976290766,30.17810237092442,0.0,1000.0,0,3.0,276,126.799999833107
b7_full,direct,174,295.0,1001.0,1032.1468038013732,993.9583333333328,38.1884704680387,-31.14680380137205,1638.0,294.0,996.0,1028.6229942775635,-32.622994277562526,0.0,996.0,4,5.0,294,133.9999998062849
b7_full,direct,175,295.0,1002.0,1016.7206758133589,991.4583333333326,25.262342480024834,-14.720675813358216,1974.0,294.0,996.0,1012.958771051454,-16.958771051453454,0.0,996.0,4,6.0,294,136.79999984800816
b7_full,direct,176,294.0,1001.0,1020.3506823832321,986.6666666666657,33.68401571656384,-19.350682383230552,1830.0,293.0,999.0,1017.3506823832321,-18.350682383230552,0.0,999.0,1,2.0,293,135.49999983608723
b7_full,direct,177,273.0,1005.0,966.654939935068,928.5416666666654,38.113273268400135,38.34506006493321,1693.0,272.0,1000.0,963.5835113636394,36.41648863636178,0.0,1000.0,0,5.0,272,126.79999986290932
b7_full,direct,178,271.0,1003.0,966.4515855440992,931.2499999999989,35.201585544097966,36.548414455902005,1674.0,270.0,998.0,962.1658712583849,35.83412874161629,0.0,998.0,2,5.0,270,125.19999985396862
b7_full,direct,179,297.0,1004.0,1036.4266990754804,998.9583333333314,37.46836574214585,-32.426699075479206,1751.0,296.0,998.0,1031.9266990754804,-33.926699075479206,0.0,998.0,2,6.0,296,137.59999984502792
b7_full,direct,180,279.0,1001.0,977.8503822927731,946.6666666666646,31.18371562610522,23.149617707228074,1579.0,278.0,999.0,974.8027632451541,24.197236754847122,0.0,999.0,1,2.0,278,128.19999983906746
b7_full,direct,181,299.0,1006.0,1047.7949125310847,1006.0416666666658,41.753245864416606,-41.794912531083234,1695.0,298.0,1000.0,1043.3212283205585,-43.32122832055692,0.0,1000.0,0,6.0,298,137.99999983608723
b7_full,direct,182,280.0,1005.0,987.0061389861626,955.2083333333316,31.797805652828167,17.99386101383848,1685.0,279.0,1000.0,983.2788662588898,16.721133741111206,0.0,1000.0,0,5.0,279,130.29999986290932
b7_full,direct,183,290.0,1001.0,1015.4622249889713,985.4166666666653,30.04555832230317,-14.462224988969826,1775.0,289.0,997.0,1011.5122249889713,-14.512224988969825,0.0,997.0,3,4.0,289,133.09999983012676
b7_full,direct,184,300.0,1007.0,1028.7327861348367,1002.7083333333317,26.024452801502164,-21.732786134835553,1878.0,299.0,1000.0,1024.06611946817,-24.066119468168885,0.0,1000.0,0,7.0,299,139.29999984800816
b7_full,direct,185,296.0,1003.0,1026.150236710278,996.0416666666647,30.108570043610037,-23.150236710276758,1777.0,295.0,1000.0,1023.3169033769447,-23.316903376943426,0.0,1000.0,0,3.0,295,136.69999983906746
b7_full,direct,186,286.0,1004.0,997.2210358155264,972.9166666666648,24.30436914885862,6.778964184474692,1847.0,285.0,998.0,993.4937630882537,4.506236911747418,0.0,998.0,2,6.0,285,132.69999985396862
b7_full,direct,187,282.0,1002.0,1003.1431453328172,960.8333333333319,42.309811999482534,-1.1431453328158718,1734.0,281.0,997.0,999.7585299482018,-2.7585299482004872,0.0,997.0,3,5.0,281,130.29999984800816
b7_full,direct,188,286.0,1001.0,1002.1833485739984,973.333333333332,28.85001524066334,-1.1833485739967036,1863.0,285.0,997.0,999.5951132798807,-2.5951132798790564,0.0,997.0,3,4.0,285,131.299999833107
b7_full,direct,189,277.0,1001.0,969.7380978027982,953.3333333333314,16.404764469463625,31.261902197203053,1995.0,276.0,998.0,966.3263330969158,31.673666903085405,0.0,998.0,2,3.0,276,128.79999986290932
b7_full,direct,190,274.0,1001.0,963.8175264971128,936.041666666665,27.775859830444862,37.18247350288844,1624.0,273.0,998.0,961.2881147324069,36.711885267594326,0.0,998.0,2,3.0,273,128.09999987483025
b7_full,direct,191,292.0,1002.0,1024.7165684728832,982.9166666666653,41.799901806214905,-22.71656847288156,1576.0,291.0,999.0,1021.1283331787655,-22.12833317876391,0.0,999.0,1,3.0,291,133.0999998152256
b7_full,direct,192,300.0,1003.0,1038.185729453166,1002.4999999999987,35.685729453164484,-35.185729453164484,1850.0,299.0,999.0,1034.4238246912612,-35.423824691259725,0.0,999.0,1,4.0,299,137.89999982714653
b7_full,direct,193,284.0,1004.0,987.1124798590985,961.6666666666653,25.445813192431135,16.88752014090215,1938.0,283.0,1000.0,983.683908430527,16.316091569473578,0.0,1000.0,0,4.0,283,131.09999984502792
b7_full,direct,194,293.0,1005.0,1027.1229328939346,989.1666666666648,37.95626622726671,-22.12293289393336,1655.0,292.0,999.0,1022.8876387762875,-23.887638776286302,0.0,999.0,1,6.0,292,135.59999984502792
b7_full,direct,195,285.0,1005.0,992.7574189560991,964.5833333333319,28.17408562276478,12.242581043901865,1720.0,284.0,1000.0,989.9478951465752,10.052104853425673,0.0,1000.0,0,5.0,284,130.99999983608723
b7_full,direct,196,282.0,1004.0,984.3833177368776,949.7916666666649,34.591651070209764,19.61668226312357,1812.0,281.0,999.0,981.5651359186958,17.434864081305392,0.0,999.0,1,5.0,281,129.8999998420477
b7_full,direct,197,280.0,1002.0,987.3191220938256,955.2083333333319,32.11078876049095,14.680877906175729,1630.0,279.0,998.0,984.5691220938256,13.430877906175729,0.0,998.0,2,4.0,279,129.4999998509884
b7_full,direct,198,292.0,1006.0,1024.5731545783312,988.7499999999987,35.82315457833021,-18.573154578330247,1754.0,291.0,1000.0,1021.239821244998,-21.239821244996914,0.0,1000.0,0,6.0,291,136.29999986290932
b7_full,direct,199,283.0,1003.0,1003.5586362230755,973.541666666665,30.01696955640787,-0.5586362230745787,1662.0,282.0,1000.0,1000.5586362230755,-0.5586362230745787,0.0,1000.0,0,3.0,282,130.79999984800816
b7_full,direct,200,292.0,1003.0,1015.1507206740865,977.0833333333312,38.067387340751864,-12.150720674085182,1692.0,291.0,998.0,1012.1507206740865,-14.150720674085182,0.0,998.0,2,5.0,291,134.69999983906746
b7_full,direct,201,272.0,1005.0,961.5244054596727,927.4999999999983,34.02440545967095,43.475594540329034,1565.0,271.0,999.0,957.0482149834822,41.95178501651951,0.0,999.0,1,6.0,271,125.89999985694885
b7_full,direct,202,293.0,1005.0,1024.8934915107711,989.7916666666654,35.1018248441034,-19.893491510770104,1628.0,292.0,999.0,1021.2268248441044,-22.226824844103437,0.0,999.0,1,6.0,292,134.39999982714653
b7_full,direct,203,278.0,1002.0,967.5988197101516,944.1666666666648,23.432153043483602,34.40118028984972,1722.0,277.0,1000.0,964.2099308212627,35.790069178738605,0.0,1000.0,0,2.0,277,128.79999984800816
b7_full,direct,204,287.0,1001.0,1000.2851278203118,963.1249999999984,37.16012782031085,0.7148721796891224,1725.0,286.0,1000.0,996.6329539072683,3.3670460927326005,0.0,1000.0,0,1.0,286,130.99999982118607
b7_full,direct,205,281.0,1002.0,977.6269287078001,948.9583333333327,28.668595374465934,24.373071292200724,1727.0,280.0,998.0,972.9905650714364,25.00943492856436,0.0,998.0,2,4.0,280,129.79999984800816
b7_full,direct,206,275.0,1001.0,962.5752745960319,931.8749999999992,30.700274596031054,38.42472540396895,1738.0,274.0,999.0,959.1404919873363,39.859508012664605,0.0,999.0,1,2.0,274,125.99999983608723
b7_full,direct,207,294.0,1001.0,1020.2089881417259,983.3333333333319,36.87565480839135,-19.208988141724706,1766.0,293.0,998.0,1016.8756548083925,-18.875654808391374,0.0,998.0,2,3.0,293,134.29999981820583
b7_full,direct,208,290.0,1005.0,1013.5244961670384,966.4583333333322,47.0661628337039,-8.52449616703722,1572.0,289.0,999.0,1009.238781881324,-10.238781881322936,0.0,999.0,1,6.0,289,132.89999982714653
b7_full,direct,209,297.0,1001.0,1030.482353115993,993.7499999999981,36.73235311599155,-29.482353115991565,1812.0,296.0,1000.0,1027.061300484414,-27.061300484412616,0.0,1000.0,0,1.0,296,137.59999984502792
b7_full,direct,210,287.0,1004.0,1009.9086461619494,973.7499999999983,36.15864616194741,-5.908646161947408,1711.0,286.0,1000.0,1006.1586461619494,-6.158646161947408,0.0,1000.0,0,4.0,286,132.3999998420477
b7_full,direct,211,292.0,1001.0,1021.9230074691924,984.3749999999981,37.54800746919132,-20.923007469191347,1616.0,291.0,997.0,1017.4468169930019,-20.446816993000873,0.0,997.0,3,4.0,291,134.69999983906746
b7_full,direct,212,295.0,1005.0,1007.5490195600319,988.1249999999984,19.424019560030423,-2.5490195600304584,2063.0,294.0,1000.0,1004.191876702889,-4.191876702887601,0.0,1000.0,0,5.0,294,135.99999983608723
b7_full,direct,213,282.0,1002.0,993.3229190648658,957.4999999999982,35.82291906486446,8.677080935135521,1598.0,281.0,999.0,989.3729190648658,9.62708093513552,0.0,999.0,1,3.0,281,129.49999983608723
b7_full,direct,214,288.0,1001.0,992.7648518660274,965.416666666665,27.348185199359605,8.2351481339737,1813.0,287.0,999.0,989.8315185326941,9.168481467307034,0.0,999.0,1,2.0,287,133.09999984502792
b7_full,direct,215,286.0,1001.0,996.3871733283104,968.7499999999983,27.63717332830938,4.6128266716906,1705.0,285.0,997.0,992.7205066616438,4.279493338357266,0.0,997.0,3,4.0,285,132.09999984502792
b7_full,direct,216,297.0,1003.0,1033.0101580889095,994.5833333333314,38.42682475557524,-30.010158088908597,1854.0,296.0,998.0,1029.2206844046989,-31.22068440469807,0.0,998.0,2,5.0,296,137.79999984800816
b7_full,direct,217,288.0,1003.0,1011.5786216688601,973.1249999999986,38.45362166885921,-8.578621668859245,1599.0,287.0,997.0,1008.1438390601645,-11.143839060163593,0.0,997.0,3,6.0,287,133.09999984502792
b7_full,direct,218,290.0,1004.0,1016.5031150461399,983.5416666666647,32.96144837947232,-12.503115046138971,1731.0,289.0,998.0,1012.0269245699494,-14.026924569948495,0.0,998.0,2,6.0,289,134.29999984800816
b7_full,direct,219,296.0,1001.0,1027.3436446844626,990.6249999999982,36.71864468446104,-26.343644684461033,1476.0,295.0,998.0,1024.8730564491684,-26.873056449166917,0.0,998.0,2,3.0,295,136.49999983608723
b7_full,direct,220,294.0,1002.0,1013.2103116919811,984.1666666666653,29.04364502531314,-11.210311691979811,1846.0,293.0,998.0,1010.3769783586478,-12.376978358646477,0.0,998.0,2,4.0,293,134.89999982714653
b7_full,direct,221,282.0,1002.0,975.0131876549518,952.7083333333321,22.304854321617995,26.98681234504864,1765.0,281.0,999.0,970.5131876549518,28.48681234504864,0.0,999.0,1,3.0,281,129.69999983906746
b7_full,direct,222,300.0,1002.0,1044.8519114089509,1008.9583333333319,35.8935780756164,-42.85191140894972,1812.0,299.0,999.0,1041.074133631173,-42.07413363117194,0.0,999.0,1,3.0,299,138.8999998420477
b7_full,direct,223,289.0,1003.0,1007.7912305413075,981.0416666666654,26.74956387463955,-4.791230541306257,1893.0,288.0,1000.0,1004.4023416524186,-4.402341652417369,0.0,1000.0,0,3.0,288,134.39999985694885
b7_full,direct,224,277.0,1004.0,973.5107813786627,944.3749999999991,29.13578137866229,30.4892186213377,1669.0,276.0,1000.0,969.8265708523469,30.173429147653486,0.0,1000.0,0,4.0,276,127.59999984502792
b7_full,direct,225,281.0,1004.0,981.6624018799895,949.3749999999991,32.28740187998833,22.337598120011634,1834.0,280.0,999.0,977.9781913536737,21.021808646327422,0.0,999.0,1,5.0,280,129.59999984502792
b7_full,direct,226,287.0,1004.0,1001.511298526522,961.8749999999989,39.63629852652096,2.488701473479042,1544.0,286.0,999.0,997.7840257992492,1.215974200751769,0.0,999.0,1,5.0,286,131.39999982714653
b7_full,direct,227,272.0,1001.0,961.3251003408737,933.5416666666654,27.783433674206304,39.674899659127036,1684.0,271.0,998.0,958.3251003408737,39.674899659127036,0.0,998.0,2,3.0,271,125.49999985098839
b7_full,direct,228,275.0,1005.0,972.4030325336046,934.999999999999,37.403032533603586,32.59696746639645,1532.0,274.0,1000.0,969.6204238379524,30.37957616204862,0.0,1000.0,0,5.0,274,126.39999984204769
b7_full,direct,229,297.0,1001.0,1046.3395606240886,1003.3333333333319,43.00622729075411,-45.339560624087405,1696.0,296.0,999.0,1043.26813205266,-44.268132052658835,0.0,999.0,1,2.0,296,137.79999984800816
b7_full,direct,230,287.0,1003.0,1002.827674120275,967.0833333333317,35.74434078694072,0.1723258797259346,1794.0,286.0,997.0,998.6738279664288,-1.6738279664279112,0.0,997.0,3,6.0,286,131.99999983608723
b7_full,direct,231,276.0,1004.0,968.2888138887341,938.9583333333318,29.330480555399763,35.711186111266876,1759.0,275.0,998.0,963.8221472220674,34.177852777933545,0.0,998.0,2,6.0,275,127.69999985396862
b7_full,direct,232,284.0,1006.0,994.1521339801229,964.7916666666656,29.360467313455565,11.84786601987774,1696.0,283.0,999.0,990.4021339801229,8.59786601987774,0.0,999.0,1,7.0,283,131.69999985396862
b7_full,direct,233,288.0,1004.0,1000.781767004142,969.5833333333313,31.19843367080712,3.21823299585956,1883.0,287.0,996.0,995.6484336708087,0.3515663291928939,0.0,996.0,4,8.0,287,133.89999985694885
b7_full,direct,234,285.0,1004.0,995.5338981248417,957.7083333333323,37.825564791507354,8.466101875159294,1577.0,284.0,1000.0,991.0577076486512,8.94229235134977,0.0,1000.0,0,4.0,284,131.19999983906746
b7_full,direct,235,300.0,1003.0,1039.3941249000181,1009.9999999999978,29.39412490001731,-36.39412490001732,1919.0,299.0,998.0,1035.7018172077105,-37.701817207709624,0.0,998.0,2,5.0,299,137.49999982118607
b7_full,direct,236,288.0,1002.0,1004.410117519669,970.624999999999,33.78511751966789,-2.410117519667927,1737.0,287.0,1000.0,1001.597617519669,-1.597617519667927,0.0,1000.0,0,2.0,287,132.299999833107
b7_full,direct,237,292.0,1001.0,1021.9517435937488,997.9166666666648,24.03507692708122,-20.95174359374792,2014.0,291.0,998.0,1019.0105671231605,-21.010567123159685,0.0,998.0,2,3.0,291,135.09999984502792
b7_full,direct,238,298.0,1003.0,1028.4251855299851,999.5833333333321,28.84185219665093,-25.425185529984272,1862.0,297.0,999.0,1025.6126855299851,-26.612685529984272,0.0,999.0,1,4.0,297,135.89999981224537
b7_full,direct,239,298.0,1001.0,1029.4879591290469,1004.5833333333321,24.90462579571309,-28.48795912904643,2152.0,297.0,998.0,1026.6697773108651,-28.66977731086461,0.0,998.0,2,3.0,297,136.29999981820583
b7_full,direct,240,305.0,1002.0,1057.9230789401754,1025.208333333332,32.71474560684075,-55.923078940174086,1915.0,304.0,998.0,1054.8461558632523,-56.846155863251006,0.0,998.0,2,4.0,304,141.9999998509884
b7_full,direct,241,294.0,1002.0,1018.2656214397776,992.2916666666646,25.973954773110076,-16.265621439776773,1882.0,293.0,996.0,1014.7418119159681,-18.741811915967247,0.0,996.0,4,6.0,293,135.299999833107
b7_full,direct,242,283.0,1002.0,1002.5773096550937,965.8333333333318,36.74397632175928,-0.5773096550926602,1744.0,282.0,998.0,998.7878359708832,-0.7878359708821341,0.0,998.0,2,4.0,282,130.9999998509884
b7_full,direct,243,274.0,1002.0,952.7508461218429,922.2916666666657,30.459179455174855,49.24915387815845,1636.0,273.0,998.0,948.8175127885096,49.18248721149178,0.0,998.0,2,4.0,273,126.89999985694885
b7_full,direct,244,292.0,1003.0,1019.8960832378557,988.124999999998,31.771083237853663,-16.896083237853684,1720.0,291.0,999.0,1016.6855569220662,-17.68555692206421,0.0,999.0,1,4.0,291,133.89999982714653
b7_full,direct,245,279.0,1005.0,990.4465405813962,955.4166666666652,35.029873914728846,14.553459418604442,1887.0,278.0,1000.0,987.8909850258407,12.109014974159997,0.0,1000.0,0,5.0,278,128.19999983906746
b7_full,direct,246,286.0,1007.0,1004.5415734973225,967.0833333333319,37.45824016398791,2.458426502678762,1716.0,285.0,1000.0,1000.6844306401796,-0.6844306401783808,0.0,1000.0,0,7.0,285,131.299999833107
b7_full,direct,247,290.0,1004.0,1007.9532462939848,979.7916666666655,28.161579627316925,-3.9532462939836024,2098.0,289.0,999.0,1004.225973566712,-5.225973566710875,0.0,999.0,1,5.0,289,133.09999983012676
b7_full,direct,248,281.0,1001.0,990.1354254547681,951.6666666666653,38.46875878810021,10.864574545233141,1680.0,280.0,996.0,985.6354254547681,10.364574545233141,0.0,996.0,4,5.0,280,128.99999983608723
b7_full,direct,249,286.0,1003.0,1009.3524936855162,976.666666666665,32.685827018847924,-6.352493685514608,1672.0,285.0,1000.0,1006.5429698759923,-6.542969875990798,0.0,1000.0,0,3.0,285,132.29999984800816
b7_full,direct,250,275.0,1001.0,966.2007575877122,928.9583333333319,37.24242425437738,34.79924241228929,1585.0,274.0,999.0,963.3184046465358,35.68159535346576,0.0,999.0,1,2.0,274,127.39999985694885
b7_full,direct,251,284.0,1002.0,995.4830758495709,957.2916666666657,38.19140918290367,6.516924150429679,1632.0,283.0,1000.0,992.5883390074656,7.411660992534943,0.0,1000.0,0,2.0,283,131.09999984502792
b7_full,direct,252,288.0,1002.0,1011.863826054258,971.0416666666649,40.82215938759049,-9.863826054257125,1579.0,287.0,997.0,1008.7209689114009,-11.720968911399982,0.0,997.0,3,5.0,287,131.89999982714653
b7_full,direct,253,301.0,1001.0,1036.6598809483473,1005.4166666666648,31.243214281680057,-35.659880948346654,1708.0,300.0,997.0,1034.2053354938018,-37.2053354938012,0.0,997.0,3,4.0,300,139.19999983906746
b7_full,direct,254,295.0,1003.0,1024.8781425262878,982.0833333333326,42.79480919295328,-21.878142526286613,1758.0,294.0,997.0,1021.0209996691449,-24.020999669143755,0.0,997.0,3,6.0,294,135.799999833107
b7_full,direct,255,292.0,1001.0,1007.547006034977,989.5833333333319,17.963672701642118,-6.547006034975472,1946.0,291.0,995.0,1004.2803393683104,-9.280339368308805,0.0,995.0,5,6.0,291,134.49999983608723
b7_full,direct,256,292.0,1003.0,1011.2861289198383,982.2916666666654,28.99446225317134,-8.28612891983803,2009.0,291.0,1000.0,1007.5361289198383,-7.5361289198380295,0.0,1000.0,0,3.0,291,135.4999998509884
b7_full,direct,257,286.0,1003.0,1004.7501316940353,964.9999999999983,39.75013169403397,-1.7501316940339615,1686.0,285.0,1000.0,1002.1501316940353,-2.1501316940339614,0.0,1000.0,0,3.0,285,132.4999998509884
b7_full,direct,258,285.0,1002.0,996.5653216040713,962.4999999999984,34.06532160407008,5.4346783959298985,1577.0,284.0,1000.0,993.4600584461766,6.539941553824636,0.0,1000.0,0,2.0,284,130.39999982714653
b7_full,direct,259,282.0,1001.0,992.8461096293307,959.5833333333317,33.26277629599574,8.153890370670911,1717.0,281.0,996.0,989.2905540737752,6.709445926226466,0.0,996.0,4,5.0,281,129.69999983906746
b7_full,direct,260,283.0,1001.0,994.8182656263305,956.2499999999991,38.56826562632862,6.181734373671382,1614.0,282.0,997.0,991.3807656263305,5.619234373671382,0.0,997.0,3,4.0,282,129.99999983608723
b7_full,direct,261,271.0,1001.0,951.5286139719531,923.5416666666655,27.9869473052859,49.47138602804745,1653.0,270.0,996.0,948.0048044481435,47.99519555185697,0.0,996.0,4,5.0,270,126.39999987185001
b7_full,direct,262,278.0,1001.0,983.5971550459767,949.9999999999977,33.59715504597553,17.40284495402446,1676.0,277.0,997.0,979.4153368641586,17.584663135842643,0.0,997.0,3,4.0,277,127.89999984204769
b7_full,direct,263,288.0,1002.0,1012.6197624190854,981.0416666666657,31.578095752417653,-10.619762419084324,1806.0,287.0,997.0,1007.786429085752,-10.786429085750992,0.0,997.0,3,5.0,287,133.69999985396862
b7_full,direct,264,279.0,1002.0,984.8393388244563,947.4999999999982,37.339338824454586,17.160661175545417,1602.0,278.0,996.0,981.0893388244563,14.910661175545417,0.0,996.0,4,6.0,278,128.9999998509884
b7_full,direct,265,290.0,1001.0,1022.0662986579321,984.9999999999985,37.0662986579311,-21.06629865793107,1578.0,289.0,996.0,1018.5424891341225,-22.54248913412155,0.0,996.0,4,5.0,289,133.299999833107
b7_full,direct,266,269.0,1004.0,953.2666586180765,922.9166666666653,30.349991951408658,50.73334138192465,1656.0,268.0,1000.0,950.2666586180765,49.73334138192465,0.0,1000.0,0,4.0,268,123.39999984204769
b7_full,direct,267,273.0,1003.0,964.8750185203152,930.4166666666652,34.458351853647294,38.12498147968605,1698.0,272.0,998.0,961.1908079939993,36.80919200600184,0.0,998.0,2,5.0,272,124.99999983608723
b7_full,direct,268,293.0,1001.0,1031.421853771034,992.2916666666647,39.13018710436597,-30.421853771032644,2018.0,292.0,999.0,1028.3763992255795,-29.376399225578098,0.0,999.0,1,2.0,292,134.799999833107
b7_full,direct,269,269.0,1001.0,927.7584161482474,902.7083333333316,25.050082814913175,73.2415838517535,1679.0,268.0,995.0,924.5917494815808,70.40825051842018,0.0,995.0,5,6.0,268,124.59999985992908
b7_full,direct,270,284.0,1001.0,1000.9329724541035,968.5416666666649,32.39130578743579,0.0670275458975036,1690.0,283.0,998.0,997.28079854106,0.7192014589409816,0.0,998.0,2,3.0,283,130.8999998420477
b7_full,direct,271,284.0,1006.0,992.535172425801,962.2916666666653,30.243505759133676,13.464827574199639,1732.0,283.0,1000.0,988.770466543448,11.229533456552579,0.0,1000.0,0,6.0,283,130.69999983906746
b7_full,direct,272,290.0,1004.0,1004.1227512545204,978.124999999999,25.9977512545186,-0.12275125451865065,1905.0,289.0,996.0,1000.289417921187,-4.289417921185317,0.0,996.0,4,8.0,289,135.09999985992908
b7_full,direct,273,288.0,1006.0,999.1333640143162,972.0833333333325,27.050030680981983,6.866635985684655,1786.0,287.0,1000.0,994.6571735381257,5.3428264618751315,0.0,1000.0,0,6.0,287,133.4999998509884
b7_full,direct,274,283.0,1004.0,986.5117980434568,959.5833333333317,26.928464710122704,17.48820195654393,1816.0,282.0,1000.0,983.3353274552215,16.664672544779222,0.0,1000.0,0,4.0,282,130.59999984502792
b7_full,direct,275,288.0,1001.0,1001.0803093438178,973.9583333333322,27.12197601048386,-0.08030934381721444,1899.0,287.0,998.0,998.0326902961988,-0.03269029619816699,0.0,998.0,2,3.0,287,132.299999833107
b7_full,direct,276,283.0,1001.0,992.7236435643377,962.708333333332,30.015310231003745,8.276356435662883,1703.0,282.0,997.0,988.2474530881473,8.75254691185336,0.0,997.0,3,4.0,282,130.3999998420477
b7_full,direct,277,286.0,1003.0,998.4796768049267,961.8749999999983,36.6046768049258,4.520323195074166,1796.0,285.0,999.0,994.0907879160378,4.909212083963055,0.0,999.0,1,4.0,285,132.09999984502792
b7_full,direct,278,288.0,1003.0,1008.2426119585325,977.9166666666654,30.32594529186431,-5.242611958530986,1854.0,287.0,998.0,1005.2426119585325,-7.242611958530986,0.0,998.0,2,5.0,287,132.69999983906746
b7_full,direct,279,281.0,1001.0,992.6927705574678,960.833333333332,31.859437224132964,8.307229442533652,1551.0,280.0,997.0,989.5927705574678,7.4072294425336525,0.0,997.0,3,4.0,280,128.799999833107
b7_full,direct,280,287.0,1003.0,998.1939435007873,956.8749999999992,41.318943500786624,4.80605649921338,1650.0,286.0,999.0,994.6701339769778,4.329866023022904,0.0,999.0,1,4.0,286,131.99999983608723
b7_full,direct,281,294.0,1001.0,1016.8523095480758,989.9999999999985,26.85230954807441,-15.852309548074466,1916.0,293.0,1000.0,1014.042785738552,-14.042785738550657,0.0,1000.0,0,1.0,293,135.299999833107
b7_full,direct,282,286.0,1001.0,987.7178234308132,958.1249999999986,29.592823430813024,13.28217656918694,1913.0,285.0,1000.0,984.935214735161,15.064785264839113,0.0,1000.0,0,1.0,285,132.4999998509884
b7_full,direct,283,279.0,1001.0,985.5446770103337,948.3333333333319,37.21134367700018,15.45532298966646,1581.0,278.0,997.0,982.0446770103337,14.95532298966646,0.0,997.0,3,4.0,278,128.59999984502792
b7_full,direct,284,299.0,1004.0,1045.5958701446114,1015.4166666666657,30.1792034779432,-41.59587014460987,1736.0,298.0,1000.0,1042.1583701446114,-42.15837014460987,0.0,1000.0,0,4.0,298,137.59999983012676
b7_full,direct,285,283.0,1002.0,972.3475429124733,951.4583333333311,20.889209579139212,29.65245708752742,1863.0,282.0,998.0,968.8475429124733,29.15245708752742,0.0,998.0,2,4.0,282,130.9999998509884
b7_full,direct,286,292.0,1002.0,1028.7803623891782,988.9583333333316,39.822029055844155,-26.78036238917748,1691.0,291.0,998.0,1024.4760145630912,-26.476014563090523,0.0,998.0,2,4.0,291,133.6999998241663
b7_full,direct,287,295.0,1004.0,1025.3789388859682,987.0833333333323,38.295605552633695,-21.378938885966978,1732.0,294.0,997.0,1020.7425752496046,-23.74257524960334,0.0,997.0,3,7.0,294,136.19999983906746
b7_full,direct,288,293.0,1004.0,1023.7775071998801,993.3333333333314,30.444173866545608,-19.777507199878972,1702.0,292.0,999.0,1019.5900071998801,-20.590007199878972,0.0,999.0,1,5.0,292,134.1999998241663
b7_full,direct,289,288.0,1003.0,1003.268323079234,967.4999999999984,35.76832307923303,-0.26832307923302023,1646.0,287.0,998.0,998.8592321701432,-0.8592321701421111,0.0,998.0,2,5.0,287,132.09999983012676
b7_full,direct,290,292.0,1004.0,1013.7570289821092,977.083333333332,36.67369564877471,-9.757028982108059,1647.0,291.0,1000.0,1010.7094099344902,-10.709409934489011,0.0,1000.0,0,4.0,291,133.6999998241663
b7_full,direct,291,283.0,1002.0,982.2466988984984,952.2916666666653,29.955032231830902,19.75330110150244,1794.0,282.0,996.0,978.3800322318317,17.619967768169108,0.0,996.0,4,6.0,282,129.99999983608723
b7_full,direct,292,286.0,1002.0,997.0575644769606,969.7916666666649,27.26589781029307,4.942435523040263,1881.0,285.0,998.0,993.939917418137,4.060082581863792,0.0,998.0,2,4.0,285,131.69999983906746
b7_full,direct,293,278.0,1004.0,971.7666506807991,940.8333333333334,30.933317347464584,32.233349319202055,1703.0,277.0,1000.0,968.8254742102108,31.17452578979029,0.0,1000.0,0,4.0,277,127.89999984204769
b7_full,direct,294,279.0,1001.0,983.4626529942076,950.6249999999991,32.83765299420667,17.537347005793315,1620.0,278.0,997.0,979.8155941706782,17.184405829322728,0.0,997.0,3,4.0,278,129.39999985694885
b7_full,direct,295,291.0,1003.0,1002.3483893540617,971.8749999999987,30.473389354061347,0.6516106459386215,1677.0,290.0,1000.0,999.8189775893559,0.18102241064450375,0.0,1000.0,0,3.0,290,134.3999998420477
b7_full,direct,296,299.0,1004.0,1043.5438801704727,1011.2499999999982,32.29388017047187,-39.5438801704719,1896.0,298.0,1000.0,1039.988324614917,-39.988324614916344,0.0,1000.0,0,4.0,298,139.59999985992908
b7_full,direct,297,292.0,1004.0,1023.0587914256307,990.4166666666652,32.64212475896248,-19.058791425629167,1905.0,291.0,997.0,1019.192124758964,-22.1921247589625,0.0,997.0,3,7.0,291,134.09999983012676
b7_full,direct,298,295.0,1003.0,1032.6415282388912,997.0833333333323,35.55819490555659,-29.641528238889926,1830.0,294.0,999.0,1029.5790282388912,-30.579028238889926,0.0,999.0,1,4.0,294,137.59999985992908
b7_full,direct,299,295.0,1002.0,1022.5018589909449,990.2083333333317,32.29352565761062,-20.501858990943994,1797.0,294.0,1000.0,1018.8496850779014,-18.849685077900517,0.0,1000.0,0,2.0,294,134.99999982118607
b7_full,direct,300,301.0,1005.0,1042.9836507228297,1009.9999999999993,32.983650722828266,-37.983650722828244,1793.0,300.0,999.0,1038.4836507228297,-39.483650722828244,0.0,999.0,1,6.0,300,137.5999998152256
b7_full,direct,301,292.0,1002.0,1040.6694521577879,1003.5416666666638,37.127785491120044,-38.66945215778667,1624.0,291.0,1000.0,1036.955166443502,-36.95516644350096,0.0,1000.0,0,2.0,291,135.09999984502792
b7_full,direct,302,284.0,1001.0,991.6638060106624,960.6249999999985,31.038806010661183,9.336193989338742,1745.0,283.0,1000.0,989.3971393439957,10.602860656005408,0.0,1000.0,0,1.0,283,132.49999986588955
b7_full,direct,303,282.0,1001.0,980.7711249179929,957.4999999999987,23.27112491799191,20.22887508200807,1865.0,281.0,998.0,977.1711249179929,20.82887508200807,0.0,998.0,2,3.0,281,131.29999986290932
b7_full,direct,304,286.0,1003.0,998.0263418880972,969.3749999999991,28.65134188809645,4.973658111903519,1671.0,285.0,998.0,994.3421313617814,3.657868638219308,0.0,998.0,2,5.0,285,131.8999998420477
b7_full,direct,305,290.0,1003.0,1015.2607497076226,984.1666666666655,31.094083040955052,-12.260749707621766,1779.0,289.0,1000.0,1012.1357497076226,-12.135749707621766,0.0,1000.0,0,3.0,289,134.4999998509884
b7_full,direct,306,287.0,1004.0,998.1272087335583,967.9166666666653,30.210542066890476,5.87279126644283,1810.0,286.0,998.0,994.8605420668916,3.139457933109496,0.0,998.0,2,6.0,286,132.79999984800816
b7_full,direct,307,288.0,1001.0,1004.3917190170635,977.2916666666648,27.100052350395583,-3.3917190170622593,1872.0,287.0,997.0,1000.3250523503967,-3.325052350395593,0.0,997.0,3,4.0,287,133.69999985396862
b7_full,direct,308,305.0,1003.0,1045.387776846963,1016.458333333332,28.92944351362879,-42.38777684696213,1983.0,304.0,999.0,1041.0936591999043,-42.09365919990331,0.0,999.0,1,4.0,304,140.1999998241663
b7_full,direct,309,292.0,1002.0,1005.7375446925242,978.9583333333316,26.77921135919013,-3.737544692523483,1940.0,291.0,998.0,1001.9756399306194,-3.9756399306187213,0.0,998.0,2,4.0,291,133.6999998241663
b7_full,direct,310,284.0,1001.0,993.5413233912784,960.6249999999985,32.91632339127791,7.458676608722038,1815.0,283.0,996.0,990.2472057442196,5.752794255780861,0.0,996.0,4,5.0,283,131.29999984800816
b7_full,direct,311,275.0,1002.0,970.2722678928519,934.5833333333319,35.68893455951771,31.727732107148924,1558.0,274.0,999.0,967.7722678928519,31.227732107148924,0.0,999.0,1,3.0,274,125.799999833107
b7_full,direct,312,290.0,1004.0,1013.6975759222693,980.2083333333319,33.489242588934644,-9.697575922267992,2038.0,289.0,999.0,1010.8225759222693,-11.822575922267992,0.0,999.0,1,5.0,289,133.09999983012676
b7_full,direct,313,294.0,1002.0,1030.4252999091082,991.2499999999981,39.17529990910659,-28.42529990910659,1641.0,293.0,999.0,1027.1176076014158,-28.117607601414285,0.0,999.0,1,3.0,293,134.89999982714653
b7_full,direct,314,283.0,1001.0,988.12319649884,953.9583333333319,34.1648631655059,12.876803501160754,1677.0,282.0,999.0,983.818848672753,15.18115132724771,0.0,999.0,1,2.0,282,131.19999985396862
b7_full,direct,315,290.0,1001.0,1003.5225887394276,974.3749999999989,29.147588739426435,-2.5225887394264634,1751.0,289.0,996.0,999.0463982632372,-3.046398263235987,0.0,996.0,4,5.0,289,133.8999998420477
b7_full,direct,316,294.0,1001.0,1006.466980975981,989.1666666666655,17.300314309312824,-5.466980975979514,1937.0,293.0,996.0,1002.7301388707178,-6.730138870716356,0.0,996.0,4,5.0,293,137.49999986588955
b7_full,direct,317,295.0,1003.0,1035.2803953586324,998.1249999999983,37.155395358631004,-32.280395358631004,1716.0,294.0,997.0,1030.6375382157753,-33.63753821577386,0.0,997.0,3,6.0,294,136.9999998509884
b7_full,direct,318,281.0,1003.0,988.9990089213375,955.6249999999995,33.37400892133692,14.00099107866303,1710.0,280.0,999.0,984.7990089213374,14.20099107866303,0.0,999.0,1,4.0,280,129.3999998420477
b7_full,direct,319,289.0,1002.0,1002.5962372245485,978.9583333333317,23.637903891213547,-0.5962372245469005,1947.0,288.0,1000.0,998.9120266982327,1.0879733017688888,0.0,1000.0,0,2.0,288,133.3999998420477
b7_full,direct,320,288.0,1005.0,1010.3592382924062,967.9166666666653,42.442571625738935,-5.359238292405603,1488.0,287.0,1000.0,1007.5410564742243,-7.541056474223785,0.0,1000.0,0,5.0,287,131.0999998152256
b7_full,direct,321,299.0,1004.0,1042.7559261917488,1008.333333333332,34.42259285841359,-38.75592619174691,1677.0,298.0,1000.0,1040.0225928584155,-40.022592858413574,0.0,1000.0,0,4.0,298,136.79999981820583
b7_full,direct,322,276.0,1002.0,963.5162447356955,936.8749999999986,26.641244735693828,38.48375526430615,1595.0,275.0,999.0,961.1591018785526,37.840898121449,0.0,999.0,1,3.0,275,127.49999985098839
b7_full,direct,323,280.0,1006.0,980.8278442048983,944.1666666666656,36.661177538230326,25.17215579510304,1649.0,279.0,998.0,976.2488968364772,21.751103163524093,0.0,998.0,2,8.0,279,129.29999984800816
b7_full,direct,324,282.0,1002.0,998.2752358838281,952.083333333332,46.19190255049386,3.724764116172779,1329.0,281.0,999.0,995.5252358838281,3.474764116172779,0.0,999.0,1,3.0,281,128.6999998241663
b7_full,direct,325,281.0,1003.0,988.7056488511573,953.1249999999989,35.580648851156305,14.294351148843697,1689.0,280.0,999.0,986.1762370864515,12.82376291354958,0.0,999.0,1,4.0,280,128.1999998241663
b7_full,direct,326,289.0,1005.0,1013.4674974200968,981.8749999999986,31.592497420095324,-8.467497420095343,1913.0,288.0,997.0,1009.0786085312079,-12.078608531206454,0.0,997.0,3,8.0,288,134.39999985694885
b7_full,direct,327,290.0,1002.0,1006.7708030372816,971.4583333333321,35.31246970394734,-4.7708030372806745,1738.0,289.0,997.0,1003.4708030372816,-6.470803037280675,0.0,997.0,3,5.0,289,134.69999985396862
b7_full,direct,328,284.0,1004.0,997.3265527556241,957.0833333333318,40.2432194222896,6.673447244377057,1496.0,283.0,997.0,993.6423422293083,3.3576577706928457,0.0,997.0,3,7.0,283,130.8999998420477
b7_full,direct,329,287.0,1001.0,1010.9105382146096,979.5833333333312,31.327204881275062,-9.910538214608412,1774.0,286.0,997.0,1008.1010144050857,-11.101014405084602,0.0,997.0,3,4.0,286,132.3999998420477
b7_full,direct,330,288.0,1001.0,1009.5458713259204,976.0416666666646,33.50420465925239,-8.545871325919103,1637.0,287.0,994.0,1005.7223419141557,-11.722341914154397,0.0,994.0,6,7.0,287,132.69999983906746
b7_full,direct,331,278.0,1002.0,984.479414214359,954.3749999999989,30.10441421435832,17.520585785641657,1697.0,277.0,1000.0,981.479414214359,18.520585785641657,0.0,1000.0,0,2.0,277,126.89999982714653
b7_full,direct,332,293.0,1001.0,1021.4876265590291,982.2916666666649,39.195959892360776,-20.48762655902749,1751.0,292.0,995.0,1018.0758618531468,-23.07586185314514,0.0,995.0,5,6.0,292,133.79999981820583
b7_full,direct,333,285.0,1001.0,996.0202838895084,964.1666666666656,31.853617222840835,4.97971611049246,1758.0,284.0,999.0,993.0202838895084,5.97971611049246,0.0,999.0,1,2.0,284,130.59999983012676
b7_full,direct,334,288.0,1003.0,1018.5976783711952,977.9166666666653,40.68101170452764,-15.597678371194307,1614.0,287.0,999.0,1014.9310117045286,-15.931011704527641,0.0,999.0,1,4.0,287,133.09999984502792
b7_full,direct,335,268.0,1001.0,942.5294841938114,917.0833333333318,25.446150860476457,58.4705158061902,1649.0,267.0,999.0,938.8773102807679,60.122689719233676,0.0,999.0,1,2.0,267,123.89999985694885
b7_full,direct,336,266.0,1002.0,953.3549257761659,917.4999999999978,35.85492577616516,48.645074223834854,1673.0,265.0,998.0,949.8549257761659,48.145074223834854,0.0,998.0,2,4.0,265,122.29999984800816
b7_full,direct,337,300.0,1003.0,1038.8666902838875,999.9999999999984,38.86669028388641,-35.86669028388642,1807.0,299.0,998.0,1035.6524045696017,-37.652404569600705,0.0,998.0,2,5.0,299,138.299999833107
b7_full,direct,338,280.0,1004.0,990.9339142154872,958.1249999999985,32.80891421548639,13.066085784513582,1796.0,279.0,999.0,987.4339142154872,11.566085784513582,0.0,999.0,1,5.0,279,129.29999984800816
b7_full,direct,339,284.0,1001.0,1003.9177225569043,966.0416666666653,37.87605589023679,-2.91772255690347,1825.0,283.0,1000.0,1001.0677225569043,-1.0677225569034698,0.0,1000.0,0,1.0,283,131.29999984800816
b7_full,direct,340,287.0,1004.0,1003.7243914511192,975.2083333333317,28.516058117784418,0.2756085488822322,1765.0,286.0,999.0,999.4200436250322,-0.4200436250308117,0.0,999.0,1,5.0,286,131.1999998241663
b7_full,direct,341,278.0,1004.0,978.1906702748216,940.2083333333316,37.98233694148687,25.809329725179758,1547.0,277.0,999.0,974.6906702748216,24.309329725179758,0.0,999.0,1,5.0,277,126.49999982118607
b7_full,direct,342,284.0,1003.0,985.877875691972,951.2499999999994,34.627875691970786,17.12212430802922,1782.0,283.0,999.0,981.4163372304336,17.583662769567685,0.0,999.0,1,4.0,283,131.09999984502792
b7_full,direct,343,301.0,1002.0,1042.53591163122,1011.6666666666646,30.869244964552184,-40.535911631218866,1923.0,300.0,999.0,1039.5885432101672,-40.588543210166236,0.0,999.0,1,3.0,300,139.79999984800816
b7_full,direct,344,297.0,1001.0,1031.8854909073304,991.2499999999986,40.63549090732933,-30.885490907329302,1699.0,296.0,997.0,1029.0521575739972,-32.05215757399597,0.0,997.0,3,4.0,296,136.99999983608723
b7_full,direct,345,278.0,1003.0,973.8533813519009,939.9999999999985,33.85338135190066,29.146618648099334,1770.0,277.0,998.0,970.1033813519009,27.896618648099334,0.0,998.0,2,5.0,277,129.29999986290932
b7_full,direct,346,294.0,1003.0,1041.078246066688,996.6666666666656,44.41157940001994,-38.07824606668662,1751.0,293.0,1000.0,1038.5068174952594,-38.50681749525805,0.0,1000.0,0,3.0,293,134.0999998152256
b7_full,direct,347,295.0,1002.0,1032.6698839273392,995.2083333333314,37.46155059400445,-30.669883927337818,1676.0,294.0,997.0,1028.9198839273392,-31.919883927337818,0.0,997.0,3,5.0,294,136.3999998420477
b7_full,direct,348,298.0,1005.0,1024.6989354627674,997.9166666666654,26.7822687960997,-19.69893546276642,1839.0,297.0,997.0,1020.2373970012289,-23.237397001227958,0.0,997.0,3,8.0,297,137.8999998420477
b7_full,direct,349,276.0,1002.0,965.4252542386657,938.958333333332,26.466920905331158,36.57474576133549,1770.0,275.0,999.0,961.6752542386657,37.32474576133549,0.0,999.0,1,3.0,275,125.49999982118607
b7_full,direct,350,285.0,1005.0,1001.2067087660636,961.4583333333317,39.74837543272896,3.7932912339377003,1510.0,284.0,1000.0,997.5224982397477,2.4775017602534897,0.0,1000.0,0,5.0,284,131.79999984800816
b7_full,direct,351,294.0,1004.0,1031.694967819532,995.4166666666654,36.278301152863655,-27.694967819530373,1745.0,293.0,999.0,1028.5521106766748,-29.55211067667323,0.0,999.0,1,5.0,293,135.09999983012676
b7_full,direct,352,290.0,1003.0,1017.8666847983178,981.2499999999985,36.61668479831589,-14.866684798315905,1694.0,289.0,1000.0,1014.2145108852743,-14.214510885272427,0.0,1000.0,0,3.0,289,132.89999982714653
b7_full,direct,353,283.0,1003.0,987.2786727923753,954.9999999999981,32.27867279237417,15.72132720762584,1580.0,282.0,1000.0,983.5286727923753,16.47132720762584,0.0,1000.0,0,3.0,282,129.99999983608723
b7_full,direct,354,275.0,1003.0,957.7189300426407,931.4583333333319,26.26059670930613,45.28106995736053,1707.0,274.0,999.0,954.7189300426407,44.28106995736053,0.0,999.0,1,4.0,274,128.19999986886978
b7_full,direct,355,306.0,1003.0,1055.209675959913,1033.3333333333314,21.876342626578147,-52.209675959911486,1973.0,305.0,999.0,1051.397175959913,-52.397175959911486,0.0,999.0,1,4.0,305,143.29999986290932
b7_full,direct,356,279.0,1002.0,983.1262805429429,949.3749999999977,33.75128054294157,18.873719457058414,1713.0,278.0,997.0,978.5262805429429,18.473719457058415,0.0,997.0,3,5.0,278,129.39999985694885
b7_full,direct,357,303.0,1001.0,1058.3915893983988,1018.5416666666653,39.84992273173049,-57.39158939839713,1867.0,302.0,996.0,1054.7665893983988,-58.76658939839713,0.0,996.0,4,5.0,302,138.19999980926514
b7_full,direct,358,277.0,1007.0,969.0943969023988,948.541666666665,20.55273023573098,37.905603097602366,1881.0,276.0,1000.0,964.5943969023988,35.405603097602366,0.0,1000.0,0,7.0,276,127.79999984800816
b7_full,direct,359,274.0,1006.0,968.7033846552719,937.4999999999985,31.20338465527084,37.29661534472915,1587.0,273.0,1000.0,965.019174128956,34.980825871044935,0.0,1000.0,0,6.0,273,125.09999983012676
b7_full,direct,360,292.0,1001.0,1014.7382277834196,985.6249999999986,29.113227783418907,-13.7382277834189,1843.0,291.0,999.0,1011.4655005106923,-12.465500510691626,0.0,999.0,1,2.0,291,135.69999985396862
b7_full,direct,361,274.0,1002.0,960.6117762115551,935.6249999999985,24.9867762115541,41.38822378844594,1798.0,273.0,998.0,956.0328288431341,41.967171156866996,0.0,998.0,2,4.0,273,126.49999985098839
b7_full,direct,362,282.0,1002.0,984.4342735363239,953.541666666665,30.89260686965624,17.56572646367707,1645.0,281.0,999.0,980.7070008090511,18.292999190949796,0.0,999.0,1,3.0,281,129.8999998420477
b7_full,direct,363,295.0,1001.0,1024.9575735583805,996.2499999999986,28.707573558379508,-23.957573558379508,1995.0,294.0,1000.0,1020.8037274045344,-20.803727404533355,0.0,1000.0,0,1.0,294,136.59999984502792
b7_full,direct,364,297.0,1006.0,1017.8656240270792,982.2916666666656,35.573957360410745,-11.865624027077448,1720.0,296.0,1000.0,1014.1814135007634,-14.181413500761659,0.0,1000.0,0,6.0,296,135.79999981820583
b7_full,direct,365,289.0,1003.0,999.74302952361,972.291666666665,27.4513628569423,3.256970476390998,1761.0,288.0,998.0,996.4652517458321,1.5347482541687758,0.0,998.0,2,5.0,288,133.19999983906746
b7_full,direct,366,287.0,1004.0,1004.2149447466286,968.9583333333319,35.25661141329468,-0.21494474662800744,1699.0,286.0,1000.0,1001.0384741583933,-1.0384741583927135,0.0,1000.0,0,4.0,286,132.19999983906746
b7_full,direct,367,282.0,1001.0,981.3139890827766,957.0833333333317,24.2306557494419,19.686010917224735,1974.0,281.0,997.0,977.7685345373221,19.23146546267928,0.0,997.0,3,4.0,281,130.4999998509884
b7_full,direct,368,296.0,1005.0,1028.225074433315,994.9999999999981,33.22507443331409,-23.225074433314088,1884.0,295.0,1000.0,1024.5729005202716,-24.57290052027061,0.0,1000.0,0,5.0,295,137.29999984800816
b7_full,direct,369,294.0,1002.0,1025.6321138841581,992.2916666666648,33.340447217489874,-23.63211388415655,1728.0,293.0,1000.0,1022.632113884158,-22.63211388415655,0.0,1000.0,0,2.0,293,136.09999984502792
b7_full,direct,370,281.0,1003.0,986.013741357095,958.1249999999986,27.888741357093405,16.986258642906588,1785.0,280.0,999.0,982.592688725516,16.407311274485537,0.0,999.0,1,4.0,280,130.19999985396862
b7_full,direct,371,288.0,1002.0,998.7624415323846,968.5416666666654,30.22077486571696,3.2375584676163527,1650.0,287.0,999.0,994.7624415323846,4.237558467616353,0.0,999.0,1,3.0,287,132.299999833107
b7_full,direct,372,287.0,1001.0,993.1075555440224,966.0416666666653,27.065888877354038,7.8924444559792635,1834.0,286.0,997.0,989.1075555440224,7.8924444559792635,0.0,997.0,3,4.0,286,132.19999983906746
b7_full,direct,373,304.0,1004.0,1047.5174018974712,1019.5833333333309,27.93406856413651,-43.51740189746987,1933.0,303.0,1000.0,1043.8652279844277,-43.86522798442639,0.0,1000.0,0,4.0,303,140.8999998420477
b7_full,direct,374,288.0,1001.0,994.9342907864276,971.0416666666653,23.892624119759315,6.065709213574005,1960.0,287.0,996.0,991.2500802601118,4.749919739889794,0.0,996.0,4,5.0,287,133.09999984502792
b7_full,direct,375,288.0,1001.0,999.7132850252766,967.2916666666657,32.4216183586085,1.286714974724783,1753.0,287.0,996.0,996.2132850252766,-0.21328502527521698,0.0,996.0,4,5.0,287,132.8999998420477
b7_full,direct,376,284.0,1002.0,1003.3618098731722,967.708333333332,35.653476539837364,-1.3618098731707589,1646.0,283.0,996.0,998.7254462368086,-2.725446236807122,0.0,996.0,4,6.0,283,130.299999833107
b7_full,direct,377,287.0,1001.0,1015.0354686703284,977.9166666666649,37.11880200366027,-14.035468670326985,1750.0,286.0,999.0,1012.2172868521466,-13.217286852145167,0.0,999.0,1,2.0,286,131.99999983608723
b7_full,direct,378,281.0,1003.0,986.0608313094763,951.2499999999984,34.81083130947511,16.93916869052486,1625.0,280.0,998.0,982.5345155200026,15.465484479998544,0.0,998.0,2,5.0,280,130.19999985396862
b7_full,direct,379,292.0,1005.0,1015.0780119579047,985.4166666666654,29.661345291238238,-10.078011957904938,1830.0,291.0,1000.0,1011.8052846851774,-11.805284685177664,0.0,1000.0,0,5.0,291,134.69999983906746
b7_full,direct,380,303.0,1004.0,1052.0011333462103,1016.4583333333322,35.54280001287504,-48.00113334620839,1849.0,302.0,999.0,1048.3169228198944,-49.3169228198926,0.0,999.0,1,5.0,302,139.799999833107
b7_full,direct,381,285.0,1002.0,1007.4221130106055,972.2916666666654,35.13044634393737,-5.422113010604047,1710.0,284.0,997.0,1003.7346130106055,-6.734613010604047,0.0,997.0,3,5.0,284,131.59999984502792
b7_full,direct,382,273.0,1004.0,954.7795215812679,923.3333333333319,31.446188247933108,49.22047841873363,1820.0,272.0,1000.0,951.9045215812679,48.09547841873363,0.0,1000.0,0,4.0,272,125.59999984502792
b7_full,direct,383,292.0,1004.0,1006.1511051714705,978.9583333333328,27.19277183813627,-2.151105171469612,1867.0,291.0,1000.0,1002.9636051714705,-2.963605171469612,0.0,1000.0,0,4.0,291,135.09999984502792
b7_full,direct,384,273.0,1003.0,957.9433025894493,930.6249999999987,27.318302589447754,45.056697410552275,1501.0,272.0,998.0,954.1538289052388,43.8461710947628,0.0,998.0,2,5.0,272,126.19999985396862
b7_full,direct,385,292.0,1002.0,1009.709392752184,976.0416666666663,33.66772608551614,-7.709392752182807,1728.0,291.0,1000.0,1006.209392752184,-6.209392752182807,0.0,1000.0,0,2.0,291,133.89999982714653
b7_full,direct,386,288.0,1005.0,1013.670198455357,973.7499999999975,39.92019845535626,-8.670198455356278,1727.0,287.0,999.0,1010.1146428998014,-11.114642899800723,0.0,999.0,1,6.0,287,133.4999998509884
b7_full,direct,387,278.0,1004.0,988.2167734940024,946.4583333333322,41.75844016066789,15.783226505998735,1626.0,277.0,998.0,984.3220366518971,13.677963348103999,0.0,998.0,2,6.0,277,127.69999983906746
b7_full,direct,388,288.0,1003.0,1022.7092907701782,979.1666666666653,43.54262410351052,-19.709290770177148,1442.0,287.0,999.0,1018.2092907701782,-19.209290770177148,0.0,999.0,1,4.0,287,132.09999983012676
b7_full,direct,389,291.0,1001.0,1034.3565245305701,989.791666666665,44.564857863902134,-33.3565245305688,1541.0,290.0,999.0,1030.8009689750145,-31.80096897501324,0.0,999.0,1,2.0,290,133.99999983608723
b7_full,direct,390,298.0,1001.0,1045.5018821771039,1013.333333333332,32.16854884376925,-44.501882177102544,1660.0,297.0,999.0,1041.7959998241627,-42.79599982416137,0.0,999.0,1,2.0,297,137.09999983012676
b7_full,direct,391,287.0,1001.0,996.9501465942199,957.7083333333325,39.241813260885465,4.049853405781201,1683.0,286.0,995.0,993.5751465942199,1.4248534057812012,0.0,995.0,5,6.0,286,132.19999983906746
b7_full,direct,392,302.0,1001.0,1057.1226275597705,1011.874999999998,45.24762755976915,-56.122627559769114,1590.0,301.0,998.0,1052.9687814059243,-54.96878140592296,0.0,998.0,2,3.0,301,140.09999984502792
b7_full,direct,393,298.0,1003.0,1022.7687065830102,996.2499999999982,26.518706583010292,-19.768706583010314,1963.0,297.0,999.0,1019.2131510274546,-20.213151027454757,0.0,999.0,1,4.0,297,138.29999984800816
b7_full,direct,394,291.0,1002.0,1008.2990419457014,972.2916666666656,36.007375279033624,-6.299041945700326,1628.0,290.0,1000.0,1004.8642593370058,-4.864259337004674,0.0,1000.0,0,2.0,290,133.799999833107
b7_full,direct,395,281.0,1001.0,993.7038747224805,954.5833333333321,39.12054138914577,7.296125277520824,1659.0,280.0,998.0,990.5788747224805,7.421125277520824,0.0,998.0,2,3.0,280,129.3999998420477
b7_full,direct,396,292.0,1004.0,1017.853790480097,984.3749999999982,33.47879048009614,-13.853790480096176,1795.0,291.0,999.0,1014.791290480097,-15.791290480096176,0.0,999.0,1,5.0,291,135.29999984800816
b7_full,direct,397,281.0,1001.0,986.990833813404,956.4583333333318,30.532500480069093,14.009166186597538,1723.0,280.0,998.0,984.2082251177519,13.791774882249712,0.0,998.0,2,3.0,280,129.79999984800816
b7_full,direct,398,293.0,1003.0,1024.6614065353524,984.9999999999989,39.66140653535151,-21.66140653535155,1868.0,292.0,998.0,1021.009232622309,-23.009232622308073,0.0,998.0,2,5.0,292,134.59999983012676
b7_full,direct,399,292.0,1001.0,1031.513970492798,996.6666666666655,34.84730382613006,-30.513970492796705,1899.0,291.0,999.0,1028.4425419213694,-29.442541921368132,0.0,999.0,1,2.0,291,134.49999983608723
b7_full,direct,400,297.0,1004.0,1044.3588664500662,1009.9999999999985,34.35886645006476,-40.35886645006479,1834.0,296.0,999.0,1039.8588664500662,-40.85886645006479,0.0,999.0,1,5.0,296,136.799999833107
b7_full,direct,401,278.0,1001.0,970.6011265048879,943.7499999999985,26.851126504887077,30.39887349511289,1820.0,277.0,997.0,966.2481853284173,30.751814671583478,0.0,997.0,3,4.0,277,127.69999983906746
b7_full,direct,402,286.0,1001.0,1005.9729303983369,967.0833333333319,38.88959706500256,-4.972930398335896,1614.0,285.0,998.0,1002.9729303983369,-4.972930398335896,0.0,998.0,2,3.0,285,131.49999983608723
b7_full,direct,403,270.0,1001.0,933.9920799005893,915.4166666666657,18.575413233922106,67.00792009941122,1986.0,269.0,999.0,931.7254132339226,67.27458676607789,0.0,999.0,1,2.0,269,124.89999985694885
b7_full,direct,404,294.0,1005.0,1032.5010271191488,993.1249999999984,39.376027119147004,-27.501027119147,1685.0,293.0,1000.0,1029.4241040422257,-29.424104042223924,0.0,1000.0,0,5.0,293,135.8999998420477
b7_full,direct,405,299.0,1002.0,1037.248930975287,998.5416666666656,38.70726430861878,-35.24893097528548,1795.0,298.0,999.0,1033.5647204489712,-34.564720448969695,0.0,999.0,1,3.0,298,137.39999982714653
b7_full,direct,406,290.0,1002.0,1014.6686269192522,980.6249999999987,34.04362691925116,-12.668626919251151,1837.0,289.0,1000.0,1011.0164530062087,-11.016453006207673,0.0,1000.0,0,2.0,289,134.4999998509884
b7_full,direct,407,271.0,1003.0,952.8318875438143,925.4166666666655,27.415220877147085,50.168112456186236,1641.0,270.0,1000.0,950.3024757791085,49.69752422089212,0.0,1000.0,0,3.0,270,125.19999985396862
b7_full,direct,408,297.0,1003.0,1031.6340244257558,997.2916666666653,34.34235775908778,-28.63402442575446,1758.0,296.0,999.0,1027.1340244257558,-28.13402442575446,0.0,999.0,1,4.0,296,137.19999983906746
b7_full,direct,409,279.0,1001.0,978.7271052217345,943.5416666666648,35.185438555066,22.272894778267293,1479.0,278.0,999.0,976.1388699276168,22.86113007238494,0.0,999.0,1,2.0,278,128.79999984800816
b7_full,direct,410,292.0,1003.0,1009.3842455390148,985.2083333333317,24.175912205680614,-6.38424553901401,1873.0,291.0,1000.0,1006.3842455390148,-6.38424553901401,0.0,1000.0,0,3.0,291,134.69999983906746
b7_full,direct,411,290.0,1001.0,1014.5450930629634,980.2083333333321,34.33675972962887,-13.545093062962236,1906.0,289.0,999.0,1011.7269112447815,-12.726911244780418,0.0,999.0,1,2.0,289,134.69999985396862
b7_full,direct,412,289.0,1001.0,1013.1934315981285,971.6666666666658,41.52676493146105,-12.193431598127717,1655.0,288.0,995.0,1009.4315268362237,-14.431526836222956,0.0,995.0,5,6.0,288,134.39999985694885
b7_full,direct,413,297.0,1001.0,1025.0137870781514,996.0416666666656,28.972120411483026,-24.01378707814972,1837.0,296.0,1000.0,1022.448569686847,-22.44856968684537,0.0,1000.0,0,1.0,296,136.799999833107
b7_full,direct,414,287.0,1002.0,1013.6121106701744,978.958333333332,34.65377733684031,-11.612110670173655,1855.0,286.0,1000.0,1010.2232217812855,-10.223221781284765,0.0,1000.0,0,2.0,286,131.99999983608723
b7_full,direct,415,299.0,1001.0,1054.9711820827142,1012.916666666665,42.0545154160462,-53.97118208271284,1720.0,298.0,995.0,1050.497497872188,-55.49749787218653,0.0,995.0,5,6.0,298,138.3999998420477
b7_full,direct,416,292.0,1001.0,1016.6626767892318,980.4166666666653,36.24601012256311,-15.662676789229844,1813.0,291.0,998.0,1014.1242152507702,-16.124215250768305,0.0,998.0,2,3.0,291,133.89999982714653
b7_full,direct,417,280.0,1003.0,981.4233543583604,945.4166666666654,36.00668769169239,21.576645641640944,1729.0,279.0,997.0,978.2090686440747,18.79093135592666,0.0,997.0,3,6.0,279,130.29999986290932
b7_full,direct,418,294.0,1005.0,1006.1077333996988,984.1666666666655,21.941066733030635,-1.107733399697313,1850.0,293.0,1000.0,1001.8220191139844,-1.8220191139830275,0.0,1000.0,0,5.0,293,137.09999985992908
b7_full,direct,419,291.0,1002.0,1016.364148643755,980.6249999999985,35.7391486437539,-14.36414864375392,1787.0,290.0,1000.0,1012.5308153104216,-12.530815310420586,0.0,1000.0,0,2.0,290,135.39999985694885
b7_full,direct,420,291.0,1005.0,1010.4986230620392,976.2499999999986,34.24862306203838,-5.49862306203838,1742.0,290.0,999.0,1007.4986230620392,-8.49862306203838,0.0,999.0,1,6.0,290,131.79999980330467
b7_full,direct,421,296.0,1004.0,1040.427817676148,1009.5833333333313,30.84448434281348,-36.427817676146844,1924.0,295.0,1000.0,1037.2849605332908,-37.2849605332897,0.0,1000.0,0,4.0,295,136.8999998420477
b7_full,direct,422,301.0,1002.0,1048.0770173614628,1012.7083333333311,35.368684028128435,-46.077017361461735,1927.0,300.0,999.0,1044.315112599558,-45.315112599556976,0.0,999.0,1,3.0,300,138.1999998241663
b7_full,direct,423,291.0,1001.0,1008.3826921590255,977.2916666666653,31.09102549235809,-7.38269215902476,1794.0,290.0,997.0,1005.3160254923588,-8.316025492358094,0.0,997.0,3,4.0,290,133.99999983608723
b7_full,direct,424,283.0,1003.0,993.9626186861866,957.2916666666655,36.67095201951841,9.037381313814889,1723.0,282.0,999.0,990.4626186861866,8.537381313814889,0.0,999.0,1,4.0,282,129.799999833107
b7_full,direct,425,281.0,1001.0,976.2106778102483,951.8749999999991,24.33567781024704,24.789322189752912,2017.0,280.0,994.0,972.4487730483435,21.551226951657675,0.0,994.0,6,7.0,280,129.79999984800816
b7_full,direct,426,277.0,1003.0,979.9653519735235,948.9583333333322,31.007018640189294,23.034648026477353,1713.0,276.0,1000.0,976.2034472116187,23.796552788382115,0.0,1000.0,0,3.0,276,128.59999985992908
b7_full,direct,427,291.0,1001.0,1026.7342909728218,987.083333333332,39.65095763948737,-25.734290972820716,1647.0,290.0,996.0,1022.8842909728218,-26.884290972820715,0.0,996.0,4,5.0,290,133.39999982714653
b7_full,direct,428,289.0,1002.0,1018.8504271942902,979.3749999999985,39.47542719428904,-16.850427194289075,1740.0,288.0,1000.0,1015.8028081466712,-15.80280814667003,0.0,1000.0,0,2.0,288,133.19999983906746
b7_full,direct,429,290.0,1002.0,998.3831577707982,976.6666666666652,21.716491104130732,3.616842229202585,1861.0,289.0,997.0,995.3377032253437,1.6622967746571304,0.0,997.0,3,5.0,289,133.299999833107
b7_full,direct,430,290.0,1001.0,1010.8921321206212,978.124999999999,32.76713212062012,-9.892132120620152,1730.0,289.0,998.0,1007.1026584364107,-9.102658436409627,0.0,998.0,2,3.0,289,134.89999985694885
b7_full,direct,431,281.0,1003.0,976.3748430530306,948.5416666666653,27.83317638636319,26.625156946970158,1732.0,280.0,999.0,972.6689607000894,26.331039299911335,0.0,999.0,1,4.0,280,130.39999985694885
b7_full,direct,432,279.0,1002.0,980.4763833104955,944.5833333333318,35.89304997716119,21.52361668950545,1593.0,278.0,999.0,977.4763833104955,21.52361668950545,0.0,999.0,1,3.0,278,127.39999982714653
b7_full,direct,433,288.0,1003.0,1009.8084533074743,974.9999999999982,34.808453307472334,-6.8084533074723375,1642.0,287.0,999.0,1004.867276836886,-5.867276836884102,0.0,999.0,1,4.0,287,131.6999998241663
b7_full,direct,434,288.0,1002.0,997.6575520083121,965.2083333333323,32.4492186749775,4.3424479916891485,1688.0,287.0,999.0,994.8393701901302,4.160629809870967,0.0,999.0,1,3.0,287,131.6999998241663
b7_full,direct,435,289.0,1003.0,1020.6118251483881,983.5416666666649,37.07015848171957,-17.61182514838626,1667.0,288.0,999.0,1017.7936433302062,-18.79364333020444,0.0,999.0,1,4.0,288,132.799999833107
b7_full,direct,436,281.0,1001.0,983.7516482726463,948.5416666666653,35.20998160597869,17.24835172735463,1619.0,280.0,997.0,980.0994743596028,16.900525640398108,0.0,997.0,3,4.0,280,130.59999985992908
b7_full,direct,437,295.0,1003.0,1025.246537197529,994.3749999999985,30.871537197528212,-22.24653719752824,1977.0,294.0,999.0,1022.746537197529,-23.74653719752824,0.0,999.0,1,4.0,294,136.9999998509884
b7_full,direct,438,275.0,1002.0,979.1878546492034,944.9999999999981,34.18785464920207,22.812145350797934,1558.0,274.0,999.0,975.4378546492034,23.562145350797934,0.0,999.0,1,3.0,274,126.39999984204769
b7_full,direct,439,282.0,1002.0,989.7536305898474,951.458333333332,38.29529725651173,12.246369410154916,1613.0,281.0,1000.0,986.3325779582684,13.667422041733863,0.0,1000.0,0,2.0,281,129.69999983906746
b7_full,direct,440,282.0,1001.0,989.5967257822957,957.499999999999,32.096725782294136,11.403274217705835,1633.0,281.0,999.0,986.5967257822957,12.403274217705835,0.0,999.0,1,2.0,281,130.29999984800816
b7_full,direct,441,287.0,1003.0,995.7334979577877,970.8333333333318,24.900164624452852,7.266502042213795,1678.0,286.0,1000.0,991.9477836720733,8.05221632792808,0.0,1000.0,0,3.0,286,132.9999998509884
b7_full,direct,442,288.0,1003.0,995.715483618624,960.624999999999,35.09048361862331,7.284516381376671,1637.0,287.0,999.0,992.652983618624,6.347016381376671,0.0,999.0,1,4.0,287,132.8999998420477
b7_full,direct,443,281.0,1001.0,990.1691471872609,955.2083333333314,34.96081385392692,10.830852812739687,1841.0,280.0,996.0,987.2217787662083,8.778221233792319,0.0,996.0,4,5.0,280,129.9999998509884
b7_full,direct,444,285.0,1002.0,999.5457528248218,961.8749999999984,37.670752824821314,2.4542471751786636,1782.0,284.0,999.0,995.9832528248218,3.0167471751786636,0.0,999.0,1,3.0,284,131.9999998509884
b7_full,direct,445,288.0,1002.0,994.8911473521102,971.6666666666657,23.224480685442778,7.108852647890579,1929.0,287.0,996.0,991.3197187806817,4.68028121931915,0.0,996.0,4,6.0,287,134.29999986290932
b7_full,direct,446,279.0,1002.0,989.7106068132833,959.3749999999984,30.33560681328212,12.28939318671787,1698.0,278.0,995.0,985.3015159041925,9.69848409580878,0.0,995.0,5,7.0,278,129.39999985694885
b7_full,direct,447,291.0,1002.0,1023.5484043239125,982.7083333333319,40.84007099057744,-21.548404323910773,1682.0,290.0,999.0,1020.7388805143886,-21.738880514386963,0.0,999.0,1,3.0,290,134.19999983906746
b7_full,direct,448,288.0,1001.0,1003.8731385859264,969.1666666666647,34.70647191925792,-2.873138585924623,1759.0,287.0,996.0,1000.2209646728829,-4.220964672881145,0.0,996.0,4,5.0,287,133.69999985396862
b7_full,direct,449,278.0,1003.0,979.5430683850419,944.1666666666657,35.37640171837402,23.456931614959306,1670.0,277.0,1000.0,976.122015753463,23.877984246538254,0.0,1000.0,0,3.0,277,127.09999983012676
b7_full,direct,450,290.0,1001.0,1015.1098510041666,985.8333333333317,29.276517670832163,-14.109851004165506,1816.0,289.0,998.0,1012.4627921806372,-14.462792180636095,0.0,998.0,2,3.0,289,135.29999986290932
b7_full,direct,451,285.0,1002.0,997.8032472769456,970.6249999999984,27.178247276944923,4.196752723055052,1869.0,284.0,999.0,994.1510733639021,4.848926636098531,0.0,999.0,1,3.0,284,130.99999983608723
b7_full,direct,452,276.0,1003.0,967.0306549513825,938.3333333333319,28.697321618047777,35.96934504861885,1758.0,275.0,1000.0,962.9056549513825,37.09434504861885,0.0,1000.0,0,3.0,275,128.09999985992908
b7_full,direct,453,284.0,1001.0,990.1428484329202,950.8333333333326,39.30951509958611,10.857151567080548,1687.0,283.0,1000.0,987.1428484329202,12.857151567080548,0.0,1000.0,0,1.0,283,131.4999998509884
b7_full,direct,454,288.0,1003.0,1009.0237668102834,969.3749999999992,39.648766810282524,-6.023766810282478,1609.0,287.0,999.0,1005.6027141787044,-6.60271417870353,0.0,999.0,1,4.0,287,131.89999982714653
b7_full,direct,455,287.0,1002.0,992.0973100894048,964.374999999999,27.72231008940357,9.902689910596443,1790.0,286.0,998.0,989.4306434227382,8.56935657726311,0.0,998.0,2,4.0,286,132.9999998509884
b7_full,direct,456,279.0,1002.0,976.6742459362339,946.458333333332,30.21591260289939,25.3257540637673,1549.0,278.0,997.0,973.1742459362339,23.8257540637673,0.0,997.0,3,5.0,278,129.19999985396862
b7_full,direct,457,293.0,1003.0,1013.6488739366337,982.0833333333323,31.565540603299688,-10.648873936633061,1684.0,292.0,997.0,1009.1726834604432,-12.172683460442585,0.0,997.0,3,6.0,292,134.39999982714653
b7_full,direct,458,304.0,1001.0,1046.0381827511644,1014.791666666665,31.246516084497273,-45.038182751163944,1987.0,303.0,996.0,1041.4592353827434,-45.45923538274289,0.0,996.0,4,5.0,303,142.09999985992908
b7_full,direct,459,282.0,1003.0,977.37569068919,944.1666666666657,33.20902402252177,25.624309310811533,1554.0,281.0,999.0,974.62569068919,24.374309310811533,0.0,999.0,1,4.0,281,129.8999998420477
b7_full,direct,460,287.0,1005.0,996.6799020360526,979.3749999999984,17.304902036051907,8.32009796394808,2019.0,286.0,997.0,992.5549020360526,4.445097963948078,0.0,997.0,3,8.0,286,134.59999987483025
b7_full,direct,461,283.0,1004.0,989.0878587618403,952.7083333333322,36.37952542850578,14.91214123816089,1582.0,282.0,1000.0,985.5323032062847,14.467696793716446,0.0,1000.0,0,4.0,282,130.19999983906746
b7_full,direct,462,277.0,1002.0,955.6749263240321,933.3333333333321,22.34159299069785,46.325073675968845,1826.0,276.0,999.0,951.9130215621273,47.086978437873604,0.0,999.0,1,3.0,276,127.99999985098839
b7_full,direct,463,279.0,1003.0,978.5163067913163,944.9999999999975,33.51630679131518,24.48369320868479,1693.0,278.0,998.0,975.5163067913163,22.48369320868479,0.0,998.0,2,5.0,278,129.19999985396862
b7_full,direct,464,296.0,1001.0,1034.1128189684348,1007.4999999999982,26.61281896843375,-33.11281896843375,1856.0,295.0,995.0,1030.35091420653,-35.35091420652899,0.0,995.0,5,6.0,295,137.4999998509884
b7_full,direct,465,283.0,1001.0,982.2772443241174,953.9583333333321,28.31891099078302,18.722755675883633,1700.0,282.0,1000.0,979.7772443241174,20.222755675883633,0.0,1000.0,0,1.0,282,128.99999982118607
b7_full,direct,466,281.0,1003.0,979.6269937027802,945.4166666666658,34.21032703611278,23.373006297220513,1527.0,280.0,1000.0,977.0975819380743,22.902418061926397,0.0,1000.0,0,3.0,280,129.79999984800816
b7_full,direct,467,286.0,1001.0,996.0878952135877,969.999999999999,26.08789521358673,4.912104786413245,1619.0,285.0,999.0,993.472510598203,5.52748940179786,0.0,999.0,1,2.0,285,132.29999984800816
b7_full,direct,468,292.0,1006.0,1018.9779623059386,982.0833333333312,36.894628972603826,-12.977962305937119,1700.0,291.0,1000.0,1015.2720799529974,-15.272079952995941,0.0,1000.0,0,6.0,291,135.29999984800816
b7_full,direct,469,279.0,1003.0,982.2049220570493,947.083333333332,35.12158872371547,20.79507794295113,1626.0,278.0,1000.0,979.1573030094303,20.84269699057018,0.0,1000.0,0,3.0,278,128.9999998509884
b7_full,direct,470,290.0,1001.0,1001.4133115013584,971.6666666666654,29.74664483468993,-0.4133115013566524,1743.0,289.0,998.0,998.7704543585013,-0.7704543584995096,0.0,998.0,2,3.0,289,134.09999984502792
b7_full,direct,471,276.0,1003.0,964.1360025726068,926.6666666666655,37.46933590593908,38.86399742739431,1495.0,275.0,1000.0,960.7012199639112,39.298780036089966,0.0,1000.0,0,3.0,275,126.69999983906746
b7_full,direct,472,273.0,1003.0,970.3975215934374,931.2499999999985,39.14752159343621,32.60247840656376,1633.0,272.0,998.0,966.0225215934374,31.97747840656376,0.0,998.0,2,5.0,272,126.59999985992908
b7_full,direct,473,294.0,1004.0,1022.7586341449049,991.0416666666652,31.716967478237457,-18.75863414490415,1708.0,293.0,999.0,1019.2348246210954,-20.234824621094624,0.0,999.0,1,5.0,293,134.6999998241663
b7_full,direct,474,275.0,1002.0,982.1422396767252,947.7083333333325,34.43390634339112,19.857760323275546,1708.0,274.0,1000.0,978.7211870451463,21.278812954854494,0.0,1000.0,0,2.0,274,125.99999983608723
b7_full,direct,475,287.0,1002.0,992.362255367575,969.1666666666653,23.195588700907376,9.637744632425925,1955.0,286.0,998.0,987.862255367575,10.137744632425925,0.0,998.0,2,4.0,286,133.39999985694885
b7_full,direct,476,289.0,1001.0,1008.8290697649454,977.4999999999992,31.329069764944368,-7.829069764944361,1622.0,288.0,998.0,1004.8915697649454,-6.891569764944361,0.0,998.0,2,3.0,288,133.3999998420477
b7_full,direct,477,285.0,1005.0,996.5861671369196,968.7499999999992,27.836167136919247,8.413832863080746,1992.0,284.0,1000.0,993.0623576131101,6.9376423868902695,0.0,1000.0,0,5.0,284,130.799999833107
b7_full,direct,478,288.0,1002.0,1002.722431646592,967.9166666666647,34.805764979923644,-0.7224316465903566,1526.0,287.0,999.0,998.4871375289449,0.5128624710567022,0.0,999.0,1,3.0,287,132.69999983906746
b7_full,direct,479,283.0,1003.0,988.5373627548407,955.624999999999,32.91236275483983,14.462637245160138,1682.0,282.0,999.0,984.8531522285249,14.146847771475928,0.0,999.0,1,4.0,282,130.79999984800816
b7_full,direct,480,262.0,1002.0,922.034972061561,892.4999999999991,29.534972061560392,79.96502793843966,1632.0,261.0,999.0,917.730624235474,81.26937576452661,0.0,999.0,1,3.0,261,121.49999986588955
b7_full,direct,481,292.0,1002.0,1012.8864332264045,976.8749999999984,36.01143322640325,-10.886433226403263,1705.0,291.0,999.0,1008.9975443375156,-9.997544337514373,0.0,999.0,1,3.0,291,135.4999998509884
b7_full,direct,482,288.0,1001.0,1004.691053571473,970.6249999999983,34.06605357147149,-3.69105357147154,1832.0,287.0,997.0,1001.8577202381397,-4.8577202381382065,0.0,997.0,3,4.0,287,131.49999982118607
b7_full,direct,483,290.0,1001.0,1007.0693815859073,972.4999999999987,34.56938158590635,-6.0693815859063545,1663.0,289.0,1000.0,1003.3818815859073,-3.381881585906355,0.0,1000.0,0,1.0,289,131.89999981224537
b7_full,direct,484,298.0,1004.0,1036.4563780345914,1002.2916666666653,34.164711367923445,-32.45637803459012,2018.0,297.0,999.0,1033.4563780345914,-34.45637803459012,0.0,999.0,1,5.0,297,138.29999984800816
b7_full,direct,485,288.0,1001.0,993.4562351210146,967.4999999999986,25.956235121013325,7.543764878986652,1764.0,287.0,999.0,990.0351824894357,8.964817510565599,0.0,999.0,1,2.0,287,132.09999983012676
b7_full,direct,486,305.0,1003.0,1060.781994995142,1030.624999999998,30.156994995141087,-57.78199499514109,1875.0,304.0,998.0,1057.0200902332372,-59.02009023323633,0.0,998.0,2,5.0,304,141.19999983906746
b7_full,direct,487,276.0,1001.0,972.9582991616537,944.3749999999986,28.58329916165254,28.041700838347428,1948.0,275.0,999.0,970.5582991616537,28.441700838347426,0.0,999.0,1,2.0,275,128.29999986290932
b7_full,direct,488,288.0,1004.0,1006.2046454685758,978.9583333333309,27.246312135240615,-2.204645468573978,1719.0,287.0,1000.0,1001.7046454685758,-1.704645468573978,0.0,1000.0,0,4.0,287,133.09999984502792
b7_full,direct,489,289.0,1001.0,1010.6245767179466,981.458333333332,29.166243384612244,-9.624576717945601,1702.0,288.0,998.0,1007.1539884826525,-9.153988482651483,0.0,998.0,2,3.0,288,132.39999982714653
b7_full,direct,490,290.0,1003.0,1014.8555599588055,976.0416666666649,38.81389329213733,-11.855559958803996,1641.0,289.0,1000.0,1011.4207773501099,-11.420777350108343,0.0,1000.0,0,3.0,289,132.6999998241663
b7_full,direct,491,297.0,1002.0,1035.8208650676895,994.5833333333317,41.23753173435495,-33.82086506768828,1689.0,296.0,1000.0,1032.0589603057847,-32.05896030578352,0.0,1000.0,0,2.0,296,136.39999982714653
b7_full,direct,492,286.0,1001.0,997.6402278749807,961.4583333333319,36.18189454164683,3.3597721250197967,1753.0,285.0,1000.0,993.0248432595961,6.975156740404412,0.0,1000.0,0,1.0,285,133.09999985992908
b7_full,direct,493,282.0,1001.0,993.8518877413034,959.5833333333321,34.268554407969155,7.148112258697465,1719.0,281.0,996.0,989.4629988524144,6.537001147586354,0.0,996.0,4,5.0,281,131.09999985992908
b7_full,direct,494,279.0,1004.0,982.7858802481758,951.8749999999978,30.910880248174927,21.214119751825017,1950.0,278.0,999.0,978.3121960376494,20.68780396235133,0.0,999.0,1,5.0,278,129.59999985992908
b7_full,direct,495,281.0,1004.0,985.9786161950561,953.1249999999977,32.853616195055096,18.02138380494486,1725.0,280.0,1000.0,982.2513434677834,17.748656532217588,0.0,1000.0,0,4.0,280,129.3999998420477
b7_full,direct,496,295.0,1004.0,1020.2473644419557,999.7916666666648,20.455697775288208,-16.2473644419549,1893.0,294.0,997.0,1015.9430166158687,-18.943016615867943,0.0,997.0,3,7.0,294,136.9999998509884
b7_full,direct,497,281.0,1003.0,982.6574459730612,943.3333333333325,39.32411263972707,20.342554026939542,1541.0,280.0,998.0,978.8449459730612,19.155054026939542,0.0,998.0,2,5.0,280,128.39999982714653
b7_full,direct,498,281.0,1001.0,992.0642214120302,948.3333333333321,43.730888078695614,8.935778587971043,1582.0,280.0,997.0,988.6294388033346,8.370561196666696,0.0,997.0,3,4.0,280,127.99999982118607
b7_full,direct,499,288.0,1004.0,996.5026489889242,964.5833333333329,31.91931565559072,7.497351011075947,1750.0,287.0,1000.0,992.9788394651147,7.021160534885471,0.0,1000.0,0,4.0,287,132.299999833107
b7_full,dqn_2048000,0,295.0,999.0,1014.6712772205968,987.9166666666652,26.754610553929076,-15.671277220595757,1601.0,294.0,995.0,1012.0923298521758,-17.092329852174704,3.0,998.0,2,4.0,294,136.69999984651804
b7_full,dqn_2048000,1,291.0,1002.0,1013.4150843486186,979.9999999999982,33.41508434861675,-11.415084348616787,1616.0,290.0,999.0,1009.6531795867138,-10.653179586712024,1.0,1000.0,0,3.0,290,134.89999984949827
b7_full,dqn_2048000,2,304.0,996.0,1033.67348931094,1009.5833333333313,24.090155977605484,-37.67348931093881,1882.0,303.0,993.0,1030.6068226442735,-37.60682264427214,5.0,998.0,2,3.0,303,140.19999983161688
b7_full,dqn_2048000,3,279.0,993.0,966.5548494299726,939.3749999999981,27.17984942997054,26.445150570029426,1461.0,278.0,991.0,962.9026755169291,28.097324483072903,9.0,1000.0,0,2.0,278,128.09999983757734
b7_full,dqn_2048000,4,282.0,995.0,973.7911257137006,939.3749999999981,34.416125713699365,21.208874286300613,1467.0,281.0,992.0,970.7435066660815,21.25649333391966,8.0,1000.0,0,3.0,281,130.09999984502792
b7_full,dqn_2048000,5,291.0,983.0,1010.0189920017026,980.8333333333313,29.185658668368298,-27.018992001701644,1601.0,290.0,979.0,1007.1954625899378,-28.195462589936938,18.0,997.0,3,4.0,290,132.79999981820583
b7_full,dqn_2048000,6,289.0,1001.0,1005.0318618618729,973.5416666666658,31.490195195204244,-4.031861861870949,1457.0,288.0,996.0,1001.6789206854023,-5.678920685400361,0.0,996.0,4,5.0,288,131.99999982118607
b7_full,dqn_2048000,7,286.0,998.0,993.5116351477316,958.1249999999985,35.386635147730146,4.488364852269832,1399.0,285.0,996.0,989.8594612346881,6.14053876531331,3.0,999.0,1,2.0,285,131.19999983161688
b7_full,dqn_2048000,8,282.0,1000.0,988.3033418027894,951.8749999999987,36.428341802788196,11.696658197211779,1364.0,281.0,995.0,984.5138681185789,10.486131881422304,3.0,998.0,2,5.0,281,127.99999981373549
b7_full,dqn_2048000,9,297.0,1003.0,1028.0585113339437,999.7916666666652,28.26684466727538,-25.05851133394206,1596.0,296.0,997.0,1024.5585113339437,-27.55851133394206,2.0,999.0,1,6.0,296,137.3999998420477
b7_full,dqn_2048000,10,294.0,999.0,1014.1231414274188,984.3749999999985,29.748141427416876,-15.123141427416904,1495.0,293.0,996.0,1009.6494572168924,-13.649457216890589,4.0,1000.0,0,3.0,293,135.69999983906746
b7_full,dqn_2048000,11,292.0,993.0,999.4961926887224,977.0833333333317,22.412859355388626,-6.496192688721972,1708.0,291.0,990.0,996.7135839930703,-6.713583993069798,9.0,999.0,1,3.0,291,134.9999998435378
b7_full,dqn_2048000,12,285.0,1000.0,987.6359413916216,955.2083333333321,32.4276080582868,12.364058608379853,1428.0,284.0,995.0,983.9484413916216,11.051558608379853,2.0,997.0,3,5.0,284,129.79999981820583
b7_full,dqn_2048000,13,290.0,1001.0,1012.6135209940833,977.0833333333312,35.53018766074865,-11.613520994081975,1600.0,289.0,995.0,1008.1373305178928,-13.137330517891499,2.0,997.0,3,6.0,289,132.89999982714653
b7_full,dqn_2048000,14,295.0,1000.0,1010.7917274356423,980.2083333333329,30.583394102308144,-10.791727435641484,1637.0,294.0,997.0,1007.1042274356423,-10.104227435641484,2.0,999.0,1,3.0,294,135.799999833107
b7_full,dqn_2048000,15,304.0,996.0,1055.7712510506287,1014.583333333332,41.18791771729414,-59.7712510506274,1413.0,303.0,990.0,1052.336468441933,-62.33646844193174,7.0,997.0,3,6.0,303,138.59999980777502
b7_full,dqn_2048000,16,280.0,1001.0,981.669534691802,957.499999999998,24.169534691800465,19.330465308199535,1467.0,279.0,996.0,978.3165935153314,17.683406484670122,3.0,999.0,1,5.0,279,127.79999982565641
b7_full,dqn_2048000,17,301.0,1002.0,1043.6893549621668,1012.9166666666645,30.772688295499215,-41.68935496216592,1697.0,300.0,995.0,1039.2156707516406,-44.21567075163961,2.0,997.0,3,7.0,300,138.39999982714653
b7_full,dqn_2048000,18,290.0,1003.0,1012.783023533355,972.2916666666657,40.49135686668661,-9.783023533353315,1534.0,289.0,998.0,1008.1401663904979,-10.140166390496173,0.0,998.0,2,5.0,289,132.29999981820583
b7_full,dqn_2048000,19,288.0,997.0,994.1698763131702,970.4166666666653,23.753209646502793,2.830123686830527,1633.0,287.0,993.0,991.2751394710649,1.7248605289357903,6.0,999.0,1,4.0,287,134.29999986290932
b7_full,dqn_2048000,20,283.0,1001.0,985.870325459641,950.2083333333317,35.661992126305954,15.1296745403607,1340.0,282.0,1000.0,982.057825459641,17.9421745403607,0.0,1000.0,0,1.0,282,128.39999981224537
b7_full,dqn_2048000,21,289.0,1002.0,1001.1215317435233,968.3333333333312,32.78819841018822,0.8784682564784276,1503.0,288.0,999.0,998.0038846846998,0.9961153153019571,0.0,999.0,1,3.0,288,133.3999998420477
b7_full,dqn_2048000,22,285.0,1000.0,975.692771409131,958.5416666666654,17.15110474246292,24.3072285908704,1692.0,284.0,994.0,972.0405974960875,21.95940250391388,3.0,997.0,3,6.0,284,130.49999982863665
b7_full,dqn_2048000,23,299.0,998.0,1030.9678067552104,1000.2083333333314,30.759473421875814,-32.96780675520915,1637.0,298.0,993.0,1027.2059019933056,-34.205901993304394,3.0,996.0,4,5.0,298,137.49999982863665
b7_full,dqn_2048000,24,282.0,1001.0,984.4849839867145,950.4166666666648,34.06831732004701,16.515016013286324,1331.0,281.0,999.0,980.832810073671,18.1671899263298,0.0,999.0,1,2.0,281,129.09999983012676
b7_full,dqn_2048000,25,286.0,1001.0,991.9101214014604,957.2916666666647,34.618454734792735,9.089878598540594,1407.0,285.0,996.0,988.1101214014604,7.889878598540594,2.0,998.0,2,5.0,285,132.89999985694885
b7_full,dqn_2048000,26,298.0,994.0,1017.7814304540913,998.5416666666655,19.239763787423264,-23.781430454089964,1924.0,297.0,991.0,1015.2814304540913,-24.281430454089964,8.0,999.0,1,3.0,297,138.69999985396862
b7_full,dqn_2048000,27,295.0,1000.0,1026.2216131167713,996.4583333333319,29.763279783437262,-26.22161311677061,1728.0,294.0,994.0,1022.4597083548665,-28.459708354865846,5.0,999.0,1,6.0,294,136.69999984651804
b7_full,dqn_2048000,28,274.0,1002.0,965.8732889468869,928.9583333333316,36.91495561355229,36.12671105311433,1366.0,273.0,996.0,962.2211150338434,33.778884966157804,0.0,996.0,4,6.0,273,125.09999983012676
b7_full,dqn_2048000,29,304.0,999.0,1046.3352709010474,1009.3749999999987,36.960270901045234,-47.33527090104523,1560.0,303.0,995.0,1042.5733661391425,-47.57336613914047,4.0,999.0,1,4.0,303,139.89999982714653
b7_full,dqn_2048000,30,280.0,999.0,971.412396228196,939.7916666666657,31.62072956152743,27.58760377180591,1430.0,279.0,995.0,966.9457295615293,28.054270438472578,3.0,998.0,2,4.0,279,125.59999979287386
b7_full,dqn_2048000,31,293.0,999.0,1015.2243471153226,978.9583333333322,36.26601378198833,-16.22434711532167,1534.0,292.0,992.0,1010.8354582264337,-18.83545822643278,7.0,999.0,1,7.0,292,134.09999982267618
b7_full,dqn_2048000,32,296.0,1002.0,1031.5773074284427,990.8333333333317,40.743974095108165,-29.577307428441486,1375.0,295.0,998.0,1027.815402666538,-29.815402666536723,2.0,1000.0,0,4.0,295,134.69999980926514
b7_full,dqn_2048000,33,294.0,998.0,1012.3417364498256,986.6666666666653,25.675069783157987,-14.341736449824678,1648.0,293.0,993.0,1008.7535011557079,-15.753501155707031,4.0,997.0,3,5.0,293,133.69999980926514
b7_full,dqn_2048000,34,301.0,999.0,1034.414209279377,995.8333333333313,38.58087594604286,-35.414209279376166,1673.0,300.0,998.0,1030.6523045174722,-32.65230451747141,2.0,1000.0,0,1.0,300,137.79999981820583
b7_full,dqn_2048000,35,296.0,1002.0,1014.8455610140077,980.8333333333316,34.01222768067394,-12.845561014007298,1516.0,295.0,997.0,1011.0836562521029,-14.083656252102537,2.0,999.0,1,5.0,295,136.69999983906746
b7_full,dqn_2048000,36,279.0,989.0,957.9189597537346,926.8749999999985,31.04395975373393,31.081040246266056,1555.0,278.0,987.0,954.1689597537346,32.831040246266056,13.0,1000.0,0,2.0,278,128.69999984651804
b7_full,dqn_2048000,37,292.0,996.0,1009.4852346846276,971.666666666666,37.8185680179589,-13.48523468462558,1616.0,291.0,992.0,1005.8010241583117,-13.80102415830979,7.0,999.0,1,4.0,291,133.99999982863665
b7_full,dqn_2048000,38,283.0,995.0,987.7767660595426,958.9583333333317,28.818432726207938,7.223233940458669,1624.0,282.0,991.0,984.562480345257,6.437519654744383,6.0,997.0,3,4.0,282,128.99999982118607
b7_full,dqn_2048000,39,294.0,1003.0,1018.0928143101731,987.4999999999983,30.592814310171946,-15.092814310171956,1593.0,293.0,997.0,1013.5138669417521,-16.513866941750905,3.0,1000.0,0,6.0,293,135.79999984055758
b7_full,dqn_2048000,40,299.0,997.0,1024.828834303401,995.624999999999,29.20383430340018,-27.828834303400193,1577.0,298.0,992.0,1021.0788343034011,-29.078834303400193,4.0,996.0,4,5.0,298,137.99999983608723
b7_full,dqn_2048000,41,309.0,998.0,1062.9150630191225,1029.166666666665,33.74839635245474,-64.91506301912148,1527.0,308.0,994.0,1059.1650630191225,-65.16506301912148,4.0,998.0,2,4.0,308,142.1999998241663
b7_full,dqn_2048000,42,282.0,1002.0,978.3833522878847,950.2083333333322,28.175018954550165,23.61664771211649,1566.0,281.0,997.0,974.6333522878847,22.36664771211649,1.0,998.0,2,5.0,281,129.59999983757734
b7_full,dqn_2048000,43,286.0,998.0,986.5598303212632,953.7499999999984,32.809830321261835,11.440169678738132,1388.0,285.0,994.0,983.5122112736442,10.487788726357179,6.0,1000.0,0,4.0,285,131.299999833107
b7_full,dqn_2048000,44,269.0,1000.0,950.7564749740412,918.9583333333322,31.798141640706213,49.243525025960444,1399.0,268.0,996.0,947.0292022467685,48.97079775323317,4.0,1000.0,0,4.0,268,124.39999985694885
b7_full,dqn_2048000,45,287.0,1005.0,998.6442376962798,966.8749999999985,31.769237696278665,6.355762303721332,1679.0,286.0,999.0,994.882332934375,4.117667065626094,0.0,999.0,1,6.0,286,132.79999984800816
b7_full,dqn_2048000,46,296.0,995.0,1014.5018934396044,988.7499999999986,25.751893439602078,-19.50189343960207,1693.0,295.0,993.0,1011.8865088242197,-18.886508824217454,6.0,999.0,1,2.0,295,137.4999998509884
b7_full,dqn_2048000,47,286.0,999.0,993.7704347536235,966.2499999999987,27.520434753622247,5.229565246377756,1645.0,285.0,997.0,990.3586700477412,6.64132995226011,2.0,999.0,1,2.0,285,132.69999985396862
b7_full,dqn_2048000,48,288.0,997.0,999.145971076045,967.2916666666657,31.854304409377413,-2.1459710760440944,1524.0,287.0,995.0,995.9695004878098,-0.9695004878088005,4.0,999.0,1,2.0,287,134.09999985992908
b7_full,dqn_2048000,49,305.0,1002.0,1046.4097750679284,1021.4583333333322,24.95144173459389,-44.40977506792722,1714.0,304.0,996.0,1042.8859655441188,-46.885965544117695,0.0,996.0,4,6.0,304,140.99999983608723
b7_full,dqn_2048000,50,294.0,1000.0,1013.0786570358576,982.2916666666648,30.786990369190143,-13.07865703585686,1695.0,293.0,995.0,1008.6049728253313,-13.604972825330545,3.0,998.0,2,5.0,293,136.79999985545874
b7_full,dqn_2048000,51,295.0,997.0,1014.7901648124924,985.6249999999985,29.16516481249113,-17.79016481249116,1500.0,294.0,994.0,1011.7901648124924,-17.79016481249116,4.0,998.0,2,3.0,294,136.19999983906746
b7_full,dqn_2048000,52,281.0,1001.0,981.421515116479,952.2916666666649,29.129848449810705,19.57848488352259,1476.0,280.0,995.0,978.421515116479,16.57848488352259,2.0,997.0,3,6.0,280,129.59999984502792
b7_full,dqn_2048000,53,288.0,996.0,1008.1847286134335,971.2499999999986,36.93472861343197,-12.184728613431998,1289.0,287.0,989.0,1004.4574558861608,-15.457455886159272,6.0,995.0,5,7.0,287,133.29999984800816
b7_full,dqn_2048000,54,296.0,994.0,1029.6672243492153,992.9166666666655,36.75055768254717,-35.667224349213825,1533.0,295.0,991.0,1025.9672243492153,-34.96722434921382,7.0,998.0,2,3.0,295,135.7999998256564
b7_full,dqn_2048000,55,281.0,1003.0,985.1352304668388,956.8749999999981,28.260230466838,17.86476953316198,1495.0,280.0,995.0,980.6352304668388,14.36476953316198,2.0,997.0,3,8.0,280,130.59999985992908
b7_full,dqn_2048000,56,291.0,1001.0,1001.1762449350147,982.7083333333322,18.467911601679578,-0.17624493501294314,1668.0,290.0,997.0,997.6762449350147,-0.6762449350129431,0.0,997.0,3,4.0,290,133.99999983608723
b7_full,dqn_2048000,57,294.0,999.0,1030.116333833119,990.6249999999983,39.49133383311771,-31.116333833117718,1530.0,293.0,995.0,1025.707242924028,-30.707242924026808,2.0,997.0,3,4.0,293,134.49999982118607
b7_full,dqn_2048000,58,304.0,997.0,1057.6548067681797,1020.8333333333317,36.82147343484505,-60.65480676817829,1802.0,303.0,994.0,1053.1811225576535,-59.181122557651975,4.0,998.0,2,3.0,303,141.09999984502792
b7_full,dqn_2048000,59,287.0,1000.0,989.2501636431738,958.333333333332,30.9168303098391,10.749836356827538,1491.0,286.0,998.0,986.2501636431738,11.749836356827538,2.0,1000.0,0,2.0,286,132.19999983906746
b7_full,dqn_2048000,60,300.0,992.0,1020.6014185581481,1000.4166666666652,20.18475189148058,-28.60141855814726,1875.0,299.0,988.0,1017.0776090343386,-29.077609034337733,12.0,1000.0,0,4.0,299,138.299999833107
b7_full,dqn_2048000,61,284.0,1005.0,977.162624021969,949.3749999999983,27.78762402196745,27.83737597803255,1524.0,283.0,999.0,973.5104501089255,25.489549891076027,1.0,1000.0,0,6.0,283,130.79999984055758
b7_full,dqn_2048000,62,286.0,1000.0,992.6690306939222,960.6249999999985,32.0440306939213,7.3309693060786785,1400.0,285.0,997.0,989.0168567808787,7.983143219122157,2.0,999.0,1,3.0,285,131.8999998420477
b7_full,dqn_2048000,63,291.0,998.0,1011.2089942202858,978.7499999999987,32.45899422028441,-13.208994220284428,1549.0,290.0,994.0,1006.799903311195,-12.79990331119352,6.0,1000.0,0,4.0,290,133.59999983012676
b7_full,dqn_2048000,64,277.0,1000.0,974.2001723661853,944.5833333333319,29.616839032850585,25.799827633816143,1465.0,276.0,996.0,969.7264881556589,26.27351184434246,4.0,1000.0,0,4.0,276,127.99999985098839
b7_full,dqn_2048000,65,281.0,997.0,970.8648707264459,936.6666666666657,34.198204059778604,26.13512927355472,1396.0,280.0,992.0,966.5605229003589,25.439477099641678,4.0,996.0,4,5.0,280,127.99999982118607
b7_full,dqn_2048000,66,285.0,1001.0,984.4916766976165,957.9166666666652,26.575010030949517,16.508323302383754,1698.0,284.0,996.0,980.1873288715295,15.81267112847071,2.0,998.0,2,5.0,284,131.79999984800816
b7_full,dqn_2048000,67,291.0,1002.0,1004.6036220823651,972.916666666665,31.686955415697494,-2.603622082364189,1577.0,290.0,996.0,1001.5127129914559,-5.512712991455098,0.0,996.0,4,6.0,290,132.79999981820583
b7_full,dqn_2048000,68,286.0,1000.0,995.0915471516053,962.0833333333318,33.00821381827067,4.908452848395986,1675.0,285.0,998.0,990.7871993255183,7.212800674482942,1.0,999.0,1,2.0,285,130.49999982118607
b7_full,dqn_2048000,69,287.0,1003.0,978.4820372863858,959.3749999999989,19.10703728638508,24.51796271361487,1662.0,286.0,1000.0,975.6638554682039,24.336144531796688,0.0,1000.0,0,3.0,286,132.3999998420477
b7_full,dqn_2048000,70,279.0,1003.0,963.8927740642285,930.6249999999992,33.267774064227126,39.107225935772846,1399.0,278.0,995.0,959.4165835880381,35.58341641196332,5.0,1000.0,0,8.0,278,127.89999983459711
b7_full,dqn_2048000,71,282.0,993.0,975.0636139198825,947.7083333333323,27.35528058654825,17.936386080118417,1624.0,281.0,986.0,971.508058364327,14.491941635673975,8.0,994.0,6,7.0,281,130.69999985396862
b7_full,dqn_2048000,72,287.0,1004.0,988.5819350948269,963.9583333333318,24.623601761492093,15.418064905174552,1631.0,286.0,1000.0,984.1057446186364,15.894255381365028,0.0,1000.0,0,4.0,286,132.19999983906746
b7_full,dqn_2048000,73,288.0,1001.0,993.2792591098587,964.7916666666649,28.487592443190415,7.720740890142899,1503.0,287.0,998.0,989.5519863825859,8.448013617415626,2.0,1000.0,0,3.0,287,133.09999984502792
b7_full,dqn_2048000,74,280.0,999.0,982.7170636618374,947.2916666666648,35.42539699516917,16.282936338164173,1527.0,279.0,994.0,978.7170636618374,15.282936338164173,4.0,998.0,2,5.0,279,128.69999983906746
b7_full,dqn_2048000,75,310.0,994.0,1054.269597566775,1023.3333333333323,30.936264233440802,-60.26959756677413,1745.0,309.0,992.0,1051.4600737572512,-59.46007375725032,8.0,1000.0,0,2.0,309,142.29999981820583
b7_full,dqn_2048000,76,294.0,997.0,1019.4863916021103,986.666666666665,32.81972493544203,-22.486391602108718,1586.0,293.0,996.0,1015.0102011259198,-19.01020112591824,4.0,1000.0,0,1.0,293,134.0999998152256
b7_full,dqn_2048000,77,301.0,1001.0,1030.7628662230456,995.4166666666649,35.34619955637757,-29.762866223044227,1577.0,300.0,994.0,1026.691437651617,-32.69143765161566,4.0,998.0,2,7.0,300,137.79999981820583
b7_full,dqn_2048000,78,283.0,1004.0,985.2964929065572,953.9583333333325,31.338159573223134,18.70350709344353,1584.0,282.0,999.0,981.4017560644519,17.598243935548794,1.0,1000.0,0,5.0,282,130.4999998435378
b7_full,dqn_2048000,79,292.0,999.0,999.1260632761757,974.1666666666655,24.95939660950765,-0.12606327617433344,1539.0,291.0,996.0,995.9495926879405,0.050407312060960496,4.0,1000.0,0,3.0,291,134.8999998420477
b7_full,dqn_2048000,80,293.0,995.0,1005.1518201207349,973.9583333333319,31.193486787400836,-10.151820120734161,1627.0,292.0,991.0,1002.1518201207349,-11.151820120734161,6.0,997.0,3,4.0,292,135.19999983906746
b7_full,dqn_2048000,81,287.0,1000.0,995.8959955116841,970.8333333333318,25.062662178348965,4.104004488317665,1547.0,286.0,997.0,991.3077602175664,5.692239782435312,2.0,999.0,1,3.0,286,132.79999984800816
b7_full,dqn_2048000,82,287.0,997.0,1000.0054262571987,972.7083333333326,27.297092923864685,-3.005426257198021,1512.0,286.0,992.0,995.5054262571987,-3.505426257198021,7.0,999.0,1,5.0,286,132.09999983757734
b7_full,dqn_2048000,83,295.0,1000.0,1011.8751092151685,992.9166666666657,18.958442548500074,-11.875109215166752,1726.0,294.0,997.0,1008.0973314373907,-11.097331437388975,3.0,1000.0,0,3.0,294,136.89999984949827
b7_full,dqn_2048000,84,302.0,1005.0,1025.3913659281225,1001.2499999999987,24.141365928122198,-20.391365928122205,1855.0,301.0,1000.0,1021.7802548170114,-21.780254817011095,0.0,1000.0,0,5.0,301,140.4999998509884
b7_full,dqn_2048000,85,284.0,1000.0,986.9496453063485,959.9999999999983,26.949645306347048,13.050354693652926,1575.0,283.0,997.0,984.6163119730152,12.38368802698626,2.0,999.0,1,3.0,283,131.89999985694885
b7_full,dqn_2048000,86,284.0,999.0,984.2484952725838,952.7083333333325,31.540161939248243,14.751504727418387,1507.0,283.0,993.0,980.521222545311,12.478777454691114,4.0,997.0,3,6.0,283,129.89999982714653
b7_full,dqn_2048000,87,276.0,997.0,962.996847636257,932.7083333333323,30.288514302922337,34.00315236374433,1526.0,275.0,991.0,958.5206571600665,32.4793428399348,6.0,997.0,3,6.0,275,127.29999984800816
b7_full,dqn_2048000,88,304.0,999.0,1029.2412095016762,1012.4999999999983,16.7412095016752,-30.24120950167523,1993.0,303.0,998.0,1026.458600806024,-28.458600806023057,2.0,1000.0,0,1.0,303,139.89999982714653
b7_full,dqn_2048000,89,288.0,998.0,1001.7534218346686,968.5416666666654,33.211755168000934,-3.7534218346676083,1491.0,287.0,994.0,998.3159218346686,-4.315921834667608,6.0,1000.0,0,4.0,287,132.299999833107
b7_full,dqn_2048000,90,291.0,1002.0,1008.2009988581217,985.6249999999989,22.575998858121274,-6.200998858121263,1566.0,290.0,997.0,1004.7892341522394,-7.78923415223891,3.0,1000.0,0,5.0,290,133.69999983161688
b7_full,dqn_2048000,91,286.0,1002.0,986.1695619963874,960.6249999999984,25.544561996385912,15.830438003614109,1601.0,285.0,999.0,983.4195619963874,15.580438003614109,0.0,999.0,1,3.0,285,132.89999985694885
b7_full,dqn_2048000,92,291.0,1001.0,1007.8045320722283,981.4583333333317,26.346198738892895,-6.804532072226242,1724.0,290.0,1000.0,1003.5692379545812,-3.569237954579183,0.0,1000.0,0,1.0,290,134.3999998420477
b7_full,dqn_2048000,93,294.0,996.0,1026.1354003742192,988.9583333333317,37.1770670408845,-30.135400374217845,1534.0,293.0,995.0,1023.3118709624546,-28.31187096245314,5.0,1000.0,0,1.0,293,134.99999982863665
b7_full,dqn_2048000,94,287.0,999.0,1003.596885831112,970.4166666666655,33.1802191644448,-4.596885831111485,1466.0,286.0,995.0,999.8910034781708,-4.891003478170308,4.0,999.0,1,4.0,286,131.1999998241663
b7_full,dqn_2048000,95,288.0,1005.0,1003.8321063863463,967.2916666666648,36.54043971967815,1.167893613655163,1403.0,287.0,1000.0,1000.4791652098756,-0.4791652098742487,0.0,1000.0,0,5.0,287,133.4999998509884
b7_full,dqn_2048000,96,286.0,993.0,986.4175399715084,953.3333333333328,33.08420663817418,6.582460028492472,1618.0,285.0,989.0,982.8619844159529,6.138015584048027,6.0,995.0,5,4.0,285,131.69999983906746
b7_full,dqn_2048000,97,295.0,1001.0,1021.2920726343715,989.3749999999984,31.91707263436966,-20.292072634369696,1533.0,294.0,996.0,1017.8254059677048,-21.825405967703027,2.0,998.0,2,5.0,294,134.79999981820583
b7_full,dqn_2048000,98,293.0,999.0,1019.1528348270773,988.7499999999983,30.402834827075914,-20.152834827075964,1539.0,292.0,998.0,1016.3293054153125,-18.329305415311257,2.0,1000.0,0,1.0,292,134.39999982714653
b7_full,dqn_2048000,99,285.0,999.0,990.0838642936391,962.291666666665,27.792197626971813,8.916135706361496,1524.0,284.0,992.0,986.3565915663663,5.643408433634223,2.0,994.0,6,7.0,284,131.79999984800816
b7_full,dqn_2048000,100,291.0,999.0,1007.8387563312401,966.8749999999986,40.963756331238514,-8.838756331238482,1437.0,290.0,996.0,1004.7911372836211,-8.791137283619435,3.0,999.0,1,3.0,290,132.89999981969595
b7_full,dqn_2048000,101,280.0,1003.0,985.223523258873,955.4166666666647,29.806856592204507,17.776476741128793,1480.0,279.0,999.0,981.223523258873,17.776476741128793,0.0,999.0,1,4.0,279,128.09999983012676
b7_full,dqn_2048000,102,284.0,995.0,981.8572628202639,956.2499999999985,25.607262820262516,13.14273717973747,1522.0,283.0,992.0,978.3572628202639,13.64273717973747,6.0,998.0,2,3.0,283,130.09999983012676
b7_full,dqn_2048000,103,294.0,997.0,1007.5740516322506,983.5416666666654,24.03238496558253,-10.574051632249223,1687.0,293.0,993.0,1003.8121468703458,-10.81214687034446,4.0,997.0,3,4.0,293,135.8999998420477
b7_full,dqn_2048000,104,294.0,993.0,1007.5122756255806,978.1249999999984,29.387275625579893,-14.512275625579914,1583.0,293.0,987.0,1003.7622756255806,-16.762275625579914,10.0,997.0,3,6.0,293,135.69999983906746
b7_full,dqn_2048000,105,291.0,1001.0,993.1072210402041,963.7499999999989,29.357221040203246,7.892778959796725,1508.0,290.0,995.0,989.3453162782993,5.6546837217014865,2.0,997.0,3,6.0,290,133.39999982714653
b7_full,dqn_2048000,106,289.0,997.0,990.5568150894976,964.7916666666655,25.765148422829448,6.443184910503874,1610.0,288.0,993.0,987.6068150894976,5.393184910503874,4.0,997.0,3,4.0,288,133.19999983906746
b7_full,dqn_2048000,107,284.0,1001.0,986.6548566741526,963.7499999999987,22.904856674150953,14.345143325849023,1560.0,283.0,995.0,983.0298566741526,11.970143325849023,4.0,999.0,1,6.0,283,133.09999987483025
b7_full,dqn_2048000,108,284.0,995.0,977.4466303504392,953.3333333333319,24.113297017104728,17.55336964956194,1798.0,283.0,992.0,974.8814129591349,17.118587040866288,6.0,998.0,2,3.0,283,132.09999985992908
b7_full,dqn_2048000,109,295.0,1000.0,1016.7990597482652,983.7499999999985,33.04905974826386,-16.799059748263872,1608.0,294.0,996.0,1013.2990597482652,-17.299059748263872,2.0,998.0,2,4.0,294,136.3999998420477
b7_full,dqn_2048000,110,283.0,998.0,977.0034455469531,950.416666666666,26.586778880285703,20.996554453047594,1568.0,282.0,993.0,973.8159455469531,19.184054453047594,4.0,997.0,3,5.0,282,131.79999986290932
b7_full,dqn_2048000,111,296.0,1004.0,1017.0386694505678,983.5416666666655,33.49700278390038,-13.038669450567081,1567.0,295.0,1000.0,1013.3958123077107,-13.395812307709939,0.0,1000.0,0,4.0,295,137.09999984502792
b7_full,dqn_2048000,112,292.0,1001.0,1022.2764528831658,987.4999999999984,34.77645288316472,-21.27645288316479,1500.0,291.0,994.0,1018.4264528831658,-24.42645288316479,2.0,996.0,4,7.0,291,133.49999982118607
b7_full,dqn_2048000,113,281.0,995.0,978.7379464004172,942.7083333333317,36.02961306708275,16.2620535995839,1471.0,280.0,991.0,975.4438287533584,15.556171246642725,6.0,997.0,3,4.0,280,128.39999982714653
b7_full,dqn_2048000,114,291.0,997.0,998.6504824125125,971.4583333333325,27.19214907917791,-1.650482412511272,1444.0,290.0,994.0,995.7004824125124,-1.7004824125112719,4.0,998.0,2,3.0,290,132.99999982118607
b7_full,dqn_2048000,115,306.0,1003.0,1055.2007916422886,1021.0416666666648,34.15912497562113,-52.20079164228774,1676.0,305.0,999.0,1051.7632916422886,-52.76329164228774,0.0,999.0,1,4.0,305,140.6999998241663
b7_full,dqn_2048000,116,293.0,1001.0,1019.8174005906529,980.2083333333314,39.60906725731898,-18.817400590652365,1531.0,292.0,995.0,1015.0840672573196,-20.08406725731903,4.0,999.0,1,6.0,292,137.19999986886978
b7_full,dqn_2048000,117,285.0,1001.0,993.710284442492,966.6666666666652,27.043617775824316,7.289715557509015,1591.0,284.0,994.0,989.6193753515829,4.380624648418106,2.0,996.0,4,7.0,284,131.59999984502792
b7_full,dqn_2048000,118,287.0,1001.0,994.7771223633245,963.541666666665,31.235455696656718,6.22287763667663,1586.0,286.0,999.0,992.2771223633245,6.72287763667663,0.0,999.0,1,2.0,286,132.59999984502792
b7_full,dqn_2048000,119,297.0,1001.0,1018.7633428827211,993.7499999999983,25.013342882719613,-17.76334288271964,1686.0,296.0,997.0,1015.0133428827211,-18.01334288271964,2.0,999.0,1,4.0,296,136.99999983608723
b7_full,dqn_2048000,120,298.0,1003.0,1019.17035277151,988.3333333333327,30.837019438175332,-16.170352771508703,1563.0,297.0,998.0,1015.8925749937322,-17.892574993730925,0.0,998.0,2,5.0,297,138.4999998509884
b7_full,dqn_2048000,121,299.0,1001.0,1027.880160569267,997.9166666666642,29.96349390259909,-26.880160569265716,1666.0,298.0,995.0,1024.1182558073622,-29.118255807360953,2.0,997.0,3,6.0,298,137.99999983608723
b7_full,dqn_2048000,122,299.0,999.0,1020.479962460253,1003.958333333332,16.521629126919184,-21.47996246025253,1821.0,298.0,994.0,1016.9561529364435,-22.956152936443008,2.0,996.0,4,5.0,298,138.79999984800816
b7_full,dqn_2048000,123,288.0,1001.0,999.8825905410317,963.333333333332,36.54925720769711,1.117409458969572,1531.0,287.0,996.0,995.4064000648413,0.5935999351600483,0.0,996.0,4,5.0,287,132.8999998420477
b7_full,dqn_2048000,124,282.0,1004.0,980.1762068339161,949.7916666666657,30.384540167248097,23.823793166085178,1456.0,281.0,999.0,975.8232656574455,23.176734342555765,0.0,999.0,1,5.0,281,128.89999982714653
b7_full,dqn_2048000,125,296.0,1003.0,1036.203415023418,996.0416666666644,40.16174835674933,-33.20341502341602,1357.0,295.0,998.0,1032.8145261345292,-34.814526134527135,0.0,998.0,2,5.0,295,136.09999983012676
b7_full,dqn_2048000,126,292.0,999.0,1004.8025555573568,980.2083333333325,24.594222224022644,-5.802555557356001,1803.0,291.0,997.0,1002.2470000018012,-5.247000001800446,2.0,999.0,1,2.0,291,134.69999983906746
b7_full,dqn_2048000,127,293.0,1002.0,1012.9406699735641,978.1249999999985,34.815669973563,-10.940669973563018,1701.0,292.0,1000.0,1009.9406699735641,-9.940669973563018,0.0,1000.0,0,2.0,292,134.99999983608723
b7_full,dqn_2048000,128,306.0,997.0,1041.4420711639443,1008.5416666666655,32.90040449727651,-44.4420711639432,1696.0,305.0,990.0,1037.0891299874738,-47.08912998747261,4.0,994.0,6,7.0,305,140.0999998152256
b7_full,dqn_2048000,129,295.0,992.0,1024.6399694880074,989.7916666666652,34.8483028213392,-32.63996948800586,1440.0,294.0,989.0,1022.0747520967032,-33.074752096701516,9.0,998.0,2,3.0,294,134.69999981671572
b7_full,dqn_2048000,130,304.0,991.0,1056.0055310519347,1018.1249999999985,37.880531051933644,-65.00553105193366,1637.0,303.0,989.0,1051.588864385268,-62.58886438526699,10.0,999.0,1,2.0,303,139.29999981820583
b7_full,dqn_2048000,131,285.0,1000.0,993.3654690282881,966.0416666666653,27.323802361620334,6.634530971712973,1580.0,284.0,996.0,989.6154690282881,6.384530971712973,4.0,1000.0,0,4.0,284,132.19999985396862
b7_full,dqn_2048000,132,281.0,996.0,971.5758001337072,948.9583333333319,22.617466800373297,24.42419986629336,1627.0,280.0,991.0,967.2714523076202,23.728547692380317,5.0,996.0,4,5.0,280,130.49999985843897
b7_full,dqn_2048000,133,296.0,998.0,1016.5546840989743,984.166666666665,32.3880174323067,-18.554684098973393,1682.0,295.0,992.0,1012.1455931898835,-20.145593189882483,5.0,997.0,3,6.0,295,136.79999984055758
b7_full,dqn_2048000,134,281.0,996.0,979.0290387076251,954.3749999999982,24.654038707624302,16.970961292375687,1529.0,280.0,989.0,974.5553544970987,14.444645502902002,5.0,994.0,6,7.0,280,129.89999984949827
b7_full,dqn_2048000,135,298.0,999.0,1038.8326150224282,1003.7499999999985,35.08261502242689,-39.83261502242681,1542.0,297.0,994.0,1035.8326150224282,-41.83261502242681,6.0,1000.0,0,5.0,297,137.49999983608723
b7_full,dqn_2048000,136,273.0,999.0,951.6498592947722,929.7916666666652,21.858192628104447,47.35014070522892,1663.0,272.0,996.0,948.8998592947722,47.10014070522892,3.0,999.0,1,3.0,272,126.29999985545874
b7_full,dqn_2048000,137,301.0,1001.0,1031.9993560598416,997.2916666666655,34.707689393173624,-30.999356059840267,1642.0,300.0,999.0,1029.5993560598415,-30.599356059840268,0.0,999.0,1,2.0,300,137.79999981820583
b7_full,dqn_2048000,138,282.0,1000.0,981.5424290634747,947.7083333333322,33.83409573013991,18.457570936526736,1475.0,281.0,995.0,978.0186195396652,16.981380460336258,2.0,997.0,3,5.0,281,129.49999983608723
b7_full,dqn_2048000,139,294.0,998.0,1006.8165387907378,977.083333333332,29.73320545740285,-8.816538790736184,1600.0,293.0,996.0,1004.2513213994334,-8.251321399431836,4.0,1000.0,0,2.0,293,136.69999985396862
b7_full,dqn_2048000,140,291.0,997.0,1008.5335292420312,975.2083333333321,33.32519590869635,-11.533529242029697,1652.0,290.0,994.0,1005.6387923999259,-11.638792399924434,5.0,999.0,1,3.0,290,135.49999985843897
b7_full,dqn_2048000,141,300.0,1000.0,1027.7639595027938,989.9999999999993,37.76395950279212,-27.763959502792105,1590.0,299.0,993.0,1024.079748976478,-31.079748976476317,2.0,995.0,5,7.0,299,137.89999982714653
b7_full,dqn_2048000,142,315.0,999.0,1064.7151099997448,1034.166666666666,30.548443333076154,-65.7151099997428,1554.0,314.0,995.0,1060.4107621736578,-65.41076217365584,3.0,998.0,2,4.0,314,143.69999980181456
b7_full,dqn_2048000,143,281.0,1000.0,962.824769501823,942.9166666666657,19.90810283515556,37.17523049817773,1693.0,280.0,995.0,960.1581028351563,34.8418971648444,4.0,999.0,1,5.0,280,129.9999998509884
b7_full,dqn_2048000,144,281.0,999.0,967.6681198221405,944.1666666666654,23.501453155472856,31.33188017786047,1569.0,280.0,998.0,964.6681198221405,33.33188017786047,2.0,1000.0,0,1.0,280,130.19999985396862
b7_full,dqn_2048000,145,281.0,996.0,973.1454760789018,949.3749999999985,23.770476078900813,22.854523921099183,1510.0,280.0,989.0,969.4395937259605,19.56040627404036,5.0,994.0,6,7.0,280,129.69999984651804
b7_full,dqn_2048000,146,281.0,999.0,978.2588457499796,949.7916666666656,28.467179083311756,20.741154250021545,1646.0,280.0,995.0,975.1255124166463,19.874487583354878,2.0,997.0,3,4.0,280,130.79999986290932
b7_full,dqn_2048000,147,296.0,998.0,1024.623795888794,994.374999999999,30.24879588879283,-26.623795888792873,1670.0,295.0,995.0,1021.5761768411747,-26.576176841173826,4.0,999.0,1,3.0,295,135.89999982714653
b7_full,dqn_2048000,148,294.0,1002.0,1013.4151537375076,978.1249999999983,35.29015373750698,-11.415153737507001,1478.0,293.0,998.0,1009.7629798244641,-11.762979824463523,1.0,999.0,1,4.0,293,134.19999981671572
b7_full,dqn_2048000,149,287.0,1001.0,991.1941768406449,963.749999999999,27.444176840643365,9.80582315935662,1536.0,286.0,998.0,987.5099663143291,10.49003368567241,0.0,998.0,2,3.0,286,131.39999982714653
b7_full,dqn_2048000,150,287.0,1001.0,990.7468198550389,961.6666666666648,29.08015318837096,10.253180144962363,1538.0,286.0,999.0,987.3938786785683,11.606121321432951,0.0,999.0,1,2.0,286,131.799999833107
b7_full,dqn_2048000,151,297.0,995.0,1022.5022275351457,993.749999999999,28.752227535144108,-27.50222753514414,1702.0,296.0,993.0,1018.7403227732409,-25.740322773239377,6.0,999.0,1,2.0,296,136.99999983608723
b7_full,dqn_2048000,152,297.0,1004.0,1029.6907897590675,1000.6249999999991,29.065789759066078,-25.6907897590661,1689.0,296.0,999.0,1025.9635170317947,-26.963517031793373,1.0,1000.0,0,5.0,296,137.29999984055758
b7_full,dqn_2048000,153,290.0,993.0,999.150130626655,971.2499999999987,27.90013062665336,-6.150130626653363,1694.0,289.0,989.0,994.650130626655,-5.650130626653363,10.0,999.0,1,4.0,289,133.69999983906746
b7_full,dqn_2048000,154,279.0,1002.0,964.3084096109852,935.6249999999989,28.683409610983958,37.69159038901604,1478.0,278.0,1000.0,961.7084096109852,38.291590389016044,0.0,1000.0,0,2.0,278,127.59999983012676
b7_full,dqn_2048000,155,281.0,997.0,981.7712372185717,949.9999999999992,31.77123721857028,15.228762781429689,1510.0,280.0,991.0,977.3823483296828,13.617651670318578,5.0,996.0,4,6.0,280,128.69999983161688
b7_full,dqn_2048000,156,288.0,1003.0,997.9457429963296,967.9166666666649,30.029076329661834,5.054257003671486,1527.0,287.0,1000.0,994.9457429963296,5.054257003671486,0.0,1000.0,0,3.0,287,132.8999998420477
b7_full,dqn_2048000,157,292.0,997.0,1011.5306073927135,976.041666666665,35.48894072604532,-14.530607392711973,1505.0,291.0,991.0,1007.9423720985958,-16.942372098594326,7.0,998.0,2,6.0,291,133.39999981969595
b7_full,dqn_2048000,158,292.0,1000.0,1006.6239365266002,976.8749999999986,29.748936526598364,-6.623936526598385,1513.0,291.0,997.0,1004.5406031932669,-7.540603193265051,2.0,999.0,1,3.0,291,135.09999984502792
b7_full,dqn_2048000,159,292.0,999.0,1009.4631977335282,977.0833333333314,32.379864400193505,-10.463197733526833,1467.0,291.0,993.0,1005.1774834478139,-12.177483447812548,2.0,995.0,5,6.0,291,133.49999982118607
b7_full,dqn_2048000,160,300.0,1005.0,1025.3595598139625,994.7916666666654,30.567893147294797,-20.3595598139615,1664.0,299.0,998.0,1021.6452740996768,-23.645274099675785,0.0,998.0,2,7.0,299,138.09999983012676
b7_full,dqn_2048000,161,284.0,1003.0,988.4514554499225,957.4999999999985,30.95145544992091,14.548544550079082,1424.0,283.0,995.0,983.9514554499225,11.048544550079082,2.0,997.0,3,8.0,283,130.8999998420477
b7_full,dqn_2048000,162,287.0,998.0,1010.0667383042477,977.2916666666652,32.77507163758003,-12.066738304246705,1509.0,286.0,994.0,1007.0667383042477,-13.066738304246705,3.0,997.0,3,4.0,286,131.49999982863665
b7_full,dqn_2048000,163,295.0,1000.0,1013.2075364253024,989.5833333333323,23.624203091967914,-13.207536425301246,1609.0,294.0,998.0,1009.7075364253024,-11.707536425301246,2.0,1000.0,0,2.0,294,136.9999998509884
b7_full,dqn_2048000,164,288.0,1001.0,1003.7294286306277,966.8749999999982,36.85442863062663,-2.7294286306266287,1267.0,287.0,998.0,1000.6818095830087,-2.681809583007581,0.0,998.0,2,3.0,287,130.09999980032444
b7_full,dqn_2048000,165,281.0,999.0,974.6259192627203,952.0833333333325,22.54258592938596,24.374080737280714,1627.0,280.0,994.0,969.5009192627203,24.499080737280714,3.0,997.0,3,5.0,280,129.89999984949827
b7_full,dqn_2048000,166,288.0,998.0,989.3838033961694,963.7499999999986,25.633803396167067,8.61619660383289,1699.0,287.0,994.0,984.9076129199789,9.092387080023366,4.0,998.0,2,4.0,287,133.09999984502792
b7_full,dqn_2048000,167,285.0,999.0,985.6107043436675,953.3333333333322,32.27737101033302,13.389295656333626,1559.0,284.0,993.0,981.1107043436675,11.889295656333626,2.0,995.0,5,6.0,284,129.79999981820583
b7_full,dqn_2048000,168,299.0,993.0,1025.9687684748367,995.2083333333316,30.760435141502537,-32.968768474835905,1811.0,298.0,990.0,1021.5798795859478,-31.579879585947015,8.0,998.0,2,3.0,298,137.99999983608723
b7_full,dqn_2048000,169,300.0,996.0,1023.4414854921192,995.2083333333327,28.233152158784787,-27.44148549211815,1629.0,299.0,994.0,1020.0067028834236,-26.0067028834225,5.0,999.0,1,2.0,299,138.3999998345971
b7_full,dqn_2048000,170,281.0,1001.0,967.5290785086881,944.5833333333319,22.94574517535378,33.470921491312865,1639.0,280.0,995.0,963.0290785086881,31.97092149131286,0.0,995.0,5,6.0,280,130.19999985396862
b7_full,dqn_2048000,171,287.0,997.0,1001.4916928011498,969.5833333333321,31.908359467815632,-4.491692801148973,1672.0,286.0,994.0,998.8041928011498,-4.804192801148973,5.0,999.0,1,3.0,286,132.89999984949827
b7_full,dqn_2048000,172,286.0,997.0,993.7331459102668,964.5833333333311,29.14981257693262,3.266854089734014,1514.0,285.0,995.0,990.5226195944773,4.477380405523488,4.0,999.0,1,2.0,285,133.09999985992908
b7_full,dqn_2048000,173,289.0,995.0,995.5730021916823,969.5833333333321,25.989668858347322,-0.5730021916806907,1742.0,288.0,987.0,991.2200610152117,-4.220061015210103,10.0,997.0,3,8.0,288,132.39999982714653
b7_full,dqn_2048000,174,299.0,998.0,1022.2052949975881,1002.4999999999989,19.705294997587004,-24.205294997587018,1749.0,298.0,992.0,1017.8164061086992,-25.81640610869813,6.0,998.0,2,6.0,298,138.9999998509884
b7_full,dqn_2048000,175,282.0,1002.0,972.1007777454229,952.7083333333323,19.39244441208871,29.89922225457795,1657.0,281.0,997.0,967.5125424513052,29.487457548695595,0.0,997.0,3,5.0,281,129.69999983906746
b7_full,dqn_2048000,176,291.0,998.0,1005.6031719663818,970.4166666666656,35.18650529971367,-7.603171966380337,1606.0,290.0,993.0,1000.6619954957935,-7.661995495792102,6.0,999.0,1,5.0,290,134.3999998420477
b7_full,dqn_2048000,177,296.0,1000.0,1012.5184877509394,979.7916666666656,32.7268210842716,-12.518487750938261,1633.0,295.0,996.0,1009.5184877509394,-13.518487750938261,2.0,998.0,2,4.0,295,136.299999833107
b7_full,dqn_2048000,178,287.0,1002.0,991.8341773975501,959.9999999999985,31.83417739754896,10.165822602451033,1593.0,286.0,997.0,987.5298295714631,9.470170428537989,2.0,999.0,1,5.0,286,132.3999998420477
b7_full,dqn_2048000,179,303.0,1000.0,1041.2399390810137,1001.8749999999985,39.36493908101289,-41.23993908101289,1549.0,302.0,997.0,1038.710527316308,-41.71052731630701,3.0,1000.0,0,3.0,302,139.49999982863665
b7_full,dqn_2048000,180,293.0,998.0,1007.6923645878968,974.3749999999999,33.31736458789559,-9.692364587895609,1450.0,292.0,994.0,1004.0401906748533,-10.04019067485213,6.0,1000.0,0,4.0,292,133.99999982118607
b7_full,dqn_2048000,181,287.0,1007.0,989.9391716466935,955.4166666666661,34.52250498002618,17.060828353307123,1641.0,286.0,1000.0,985.8677430752649,14.132256924735694,0.0,1000.0,0,7.0,286,132.9999998509884
b7_full,dqn_2048000,182,285.0,997.0,988.4346653122543,954.3749999999986,34.05966531225314,8.565334687746859,1468.0,284.0,994.0,985.6251415027305,8.374858497270667,6.0,1000.0,0,3.0,284,130.799999833107
b7_full,dqn_2048000,183,297.0,1004.0,1024.0396445917359,989.583333333332,34.456311258401,-20.03964459173435,1438.0,296.0,997.0,1020.0396445917359,-23.03964459173435,2.0,999.0,1,7.0,296,135.99999982118607
b7_full,dqn_2048000,184,282.0,1002.0,969.9519265778958,940.6249999999985,29.326926577894046,32.04807342210592,1696.0,281.0,997.0,966.26771605158,30.73228394842171,0.0,997.0,3,5.0,281,130.4999998509884
b7_full,dqn_2048000,185,285.0,999.0,983.2063994012535,955.6249999999981,27.58139940125232,15.793600598747659,1421.0,284.0,993.0,979.4563994012535,13.543600598747659,5.0,998.0,2,6.0,284,130.8999998345971
b7_full,dqn_2048000,186,281.0,997.0,980.5373131859857,951.4583333333313,29.078979852650576,16.462686814016077,1410.0,280.0,991.0,977.1526978013703,13.84730219863146,7.0,998.0,2,6.0,280,129.69999984651804
b7_full,dqn_2048000,187,280.0,1001.0,973.7225142504562,944.374999999999,29.347514250455404,27.277485749544578,1502.0,279.0,993.0,968.1770597050017,24.822940294999125,6.0,999.0,1,8.0,279,128.69999983906746
b7_full,dqn_2048000,188,287.0,998.0,977.0019491073766,954.5833333333317,22.418615774042117,20.998050892624526,1562.0,286.0,996.0,974.1130602184877,21.886939781513416,4.0,1000.0,0,2.0,286,131.99999983608723
b7_full,dqn_2048000,189,281.0,1000.0,980.7753199784775,945.8333333333318,34.94198664514318,19.224680021523476,1481.0,280.0,994.0,977.7753199784775,16.224680021523476,3.0,997.0,3,6.0,280,128.8999998345971
b7_full,dqn_2048000,190,288.0,999.0,986.98972403903,965.2083333333319,21.781390705695777,12.010275960970885,1676.0,287.0,995.0,984.48972403903,10.510275960970885,3.0,998.0,2,4.0,287,133.5999998524785
b7_full,dqn_2048000,191,282.0,1001.0,975.750036345478,955.8333333333323,19.91670301214318,25.249963654523498,1688.0,281.0,997.0,972.312536345478,24.687463654523498,0.0,997.0,3,4.0,281,131.09999985992908
b7_full,dqn_2048000,192,294.0,1002.0,1020.0200493158605,986.041666666666,33.978382649192945,-18.020049315859662,1571.0,293.0,999.0,1016.0200493158605,-17.020049315859662,0.0,999.0,1,3.0,293,136.09999984502792
b7_full,dqn_2048000,193,298.0,1003.0,1009.7019301871911,987.4999999999983,22.20193018719064,-6.701930187190637,1556.0,297.0,998.0,1005.9746574599184,-7.9746574599179105,0.0,998.0,2,5.0,297,137.49999983608723
b7_full,dqn_2048000,194,297.0,994.0,1028.1407537370735,999.9999999999981,28.140753737072195,-34.14075373707219,1698.0,296.0,990.0,1024.48857982403,-34.48857982402871,10.0,1000.0,0,4.0,296,137.9999998509884
b7_full,dqn_2048000,195,284.0,1005.0,987.0880423268356,950.8333333333322,36.25470899350123,17.911957673165453,1470.0,283.0,999.0,982.1649654037587,16.835034596242377,0.0,999.0,1,6.0,283,131.09999984502792
b7_full,dqn_2048000,196,274.0,997.0,959.5641303998581,929.9999999999981,29.564130399856907,37.43586960014308,1329.0,273.0,993.0,955.5641303998581,37.43586960014308,6.0,999.0,1,4.0,273,125.09999983012676
b7_full,dqn_2048000,197,279.0,1001.0,956.9926299060281,933.3333333333313,23.65929657269338,44.00737009397331,1420.0,278.0,997.0,954.1464760598743,42.853523940127154,2.0,999.0,1,4.0,278,126.79999981820583
b7_full,dqn_2048000,198,288.0,997.0,993.8890353828143,966.4583333333318,27.430702049479795,3.1109646171868546,1521.0,287.0,994.0,991.4515353828143,2.5484646171868546,4.0,998.0,2,3.0,287,131.6999998241663
b7_full,dqn_2048000,199,289.0,1000.0,1003.0555979035784,969.7916666666652,33.26393123691044,-3.0555979035771013,1496.0,288.0,997.0,999.4034239905349,-2.403423990533623,1.0,998.0,2,3.0,288,132.49999982863665
b7_full,dqn_2048000,200,284.0,1001.0,986.8475502976648,958.5416666666653,28.305883630996327,14.152449702336977,1705.0,283.0,996.0,983.2159713502964,12.784028649705398,4.0,1000.0,0,5.0,283,130.299999833107
b7_full,dqn_2048000,201,277.0,1002.0,967.949205336737,937.0833333333318,30.865872003402277,34.05079466326438,1273.0,276.0,997.0,963.64485751065,33.35514248935133,2.0,999.0,1,5.0,276,125.39999981224537
b7_full,dqn_2048000,202,282.0,995.0,966.800761618731,932.0833333333326,34.71742828539669,28.19923838126993,1480.0,281.0,992.0,963.675761618731,28.32423838126993,7.0,999.0,1,3.0,281,129.19999983161688
b7_full,dqn_2048000,203,283.0,1000.0,976.3590033588561,950.833333333332,25.525670025521926,23.640996641144717,1598.0,282.0,995.0,971.8828128826656,23.117187117335195,2.0,997.0,3,5.0,282,129.99999983608723
b7_full,dqn_2048000,204,282.0,1002.0,972.5286817165367,946.8749999999989,25.653681716535033,29.471318283464974,1461.0,281.0,997.0,968.2933875988896,28.706612401112032,2.0,999.0,1,5.0,281,128.6999998241663
b7_full,dqn_2048000,205,298.0,1006.0,1013.5091250727415,991.2499999999982,22.259125072740623,-7.509125072740627,1777.0,297.0,999.0,1009.856951159698,-10.856951159697148,0.0,999.0,1,7.0,297,138.09999984502792
b7_full,dqn_2048000,206,286.0,998.0,976.2853087208723,955.6249999999986,20.660308720870358,21.714691279129628,1666.0,285.0,995.0,972.7853087208723,22.214691279129628,4.0,999.0,1,3.0,285,131.8999998420477
b7_full,dqn_2048000,207,287.0,1004.0,987.2812986691009,967.4999999999983,19.781298669099826,16.718701330900153,1481.0,286.0,997.0,982.8076144585746,14.192385541426468,3.0,1000.0,0,7.0,286,132.69999984651804
b7_full,dqn_2048000,208,284.0,1001.0,984.6041842906809,963.7499999999985,20.85418429067975,16.395815709320235,1721.0,283.0,999.0,981.6666842906809,17.333315709320235,0.0,999.0,1,2.0,283,131.29999984800816
b7_full,dqn_2048000,209,294.0,1002.0,1007.6396788640851,983.958333333332,23.68134553074986,-5.639678864083223,1818.0,293.0,997.0,1003.9875049510416,-6.987504951039744,0.0,997.0,3,5.0,293,136.29999984800816
b7_full,dqn_2048000,210,275.0,1003.0,954.0717755917084,923.7499999999994,30.321775591707585,48.92822440829244,1536.0,274.0,996.0,950.3445028644356,45.65549713556516,0.0,996.0,4,7.0,274,127.59999985992908
b7_full,dqn_2048000,211,285.0,993.0,979.42881771894,951.458333333332,27.970484385605822,13.571182281060798,1576.0,284.0,992.0,975.7446071926241,16.255392807376587,8.0,1000.0,0,1.0,284,131.59999984502792
b7_full,dqn_2048000,212,295.0,1000.0,1011.398206944976,979.3749999999987,32.02320694497465,-11.398206944974664,1661.0,294.0,995.0,1007.6363021830712,-12.636302183069901,5.0,1000.0,0,5.0,294,134.49999981373549
b7_full,dqn_2048000,213,295.0,998.0,1014.094607256126,989.1666666666646,24.927940589457926,-16.09460725612463,1645.0,294.0,993.0,1010.4424333430825,-17.442433343081152,4.0,997.0,3,5.0,294,135.99999983608723
b7_full,dqn_2048000,214,281.0,997.0,977.6208895074371,949.5833333333318,28.03755617410213,19.37911049256452,1648.0,280.0,995.0,975.47803236458,19.521967635421664,5.0,1000.0,0,2.0,280,130.0999998524785
b7_full,dqn_2048000,215,279.0,1001.0,965.963191222039,941.666666666665,24.296524555371622,35.036808777961696,1545.0,278.0,998.0,962.963191222039,35.036808777961696,0.0,998.0,2,3.0,278,127.1999998241663
b7_full,dqn_2048000,216,300.0,997.0,1020.529133066871,992.9166666666655,27.612466400203616,-23.529133066870294,1538.0,299.0,992.0,1017.1005616382996,-25.100561638298867,8.0,1000.0,0,5.0,299,138.299999833107
b7_full,dqn_2048000,217,294.0,998.0,1010.3908326903659,985.6249999999983,24.76583269036493,-12.390832690364917,1629.0,293.0,994.0,1006.8352771348103,-12.835277134809361,4.0,998.0,2,4.0,293,134.89999982714653
b7_full,dqn_2048000,218,287.0,1000.0,988.4816376323848,964.7916666666654,23.689970965716334,11.51836236761699,1536.0,286.0,994.0,985.2149709657182,8.785029034283657,4.0,998.0,2,6.0,286,131.39999982714653
b7_full,dqn_2048000,219,277.0,1000.0,964.4819664877688,943.1249999999982,21.35696648776808,35.51803351223194,1438.0,276.0,998.0,960.0057760115783,37.99422398842241,2.0,1000.0,0,2.0,276,127.19999983906746
b7_full,dqn_2048000,220,286.0,1001.0,989.8825367273065,963.9583333333313,25.924203393972185,11.117463272694472,1677.0,285.0,998.0,985.3825367273065,12.617463272694472,2.0,1000.0,0,3.0,285,132.29999984800816
b7_full,dqn_2048000,221,293.0,998.0,1010.7120133803484,979.7916666666661,30.920346713680228,-12.712013380346946,1601.0,292.0,993.0,1007.6120133803483,-14.612013380346946,4.0,997.0,3,5.0,292,133.99999982118607
b7_full,dqn_2048000,222,297.0,1001.0,1037.6211865750513,1004.374999999998,33.2461865750498,-36.62118657504977,1589.0,296.0,998.0,1034.6211865750513,-36.62118657504977,0.0,998.0,2,3.0,296,137.19999983906746
b7_full,dqn_2048000,223,297.0,996.0,1003.7574145352946,976.8749999999981,26.882414535293417,-7.7574145352934565,1732.0,296.0,993.0,1001.0205724300315,-8.020572430030299,7.0,1000.0,0,3.0,296,136.69999983161688
b7_full,dqn_2048000,224,303.0,1000.0,1056.958645690359,1017.9166666666648,39.04197902369091,-56.9586456903575,1633.0,302.0,996.0,1054.1760369947067,-58.17603699470533,2.0,998.0,2,4.0,302,139.39999982714653
b7_full,dqn_2048000,225,285.0,1001.0,981.6702138684077,946.2499999999998,35.42021386840675,19.329786131593234,1378.0,284.0,998.0,978.6702138684077,19.329786131593234,0.0,998.0,2,3.0,284,129.79999981820583
b7_full,dqn_2048000,226,279.0,1006.0,971.4100572045413,938.3333333333319,33.07672387120662,34.58994279546004,1361.0,278.0,999.0,967.2672000616842,31.732799938317186,1.0,1000.0,0,7.0,278,128.69999984651804
b7_full,dqn_2048000,227,294.0,1003.0,1023.6341577364557,989.5833333333311,34.0508244031211,-20.63415773645449,1702.0,293.0,998.0,1019.9870989129263,-21.987098912925077,2.0,1000.0,0,5.0,293,134.89999982714653
b7_full,dqn_2048000,228,283.0,1002.0,984.3415920859934,956.8749999999985,27.466592085992396,17.658407914007615,1504.0,282.0,996.0,980.4527031971045,15.547296802896502,4.0,1000.0,0,6.0,282,130.9999998509884
b7_full,dqn_2048000,229,313.0,1001.0,1073.4286799017098,1042.9166666666654,30.51201323504121,-72.42867990170782,1656.0,312.0,998.0,1070.0953465683765,-72.0953465683745,0.0,998.0,2,3.0,312,141.39999978244305
b7_full,dqn_2048000,230,291.0,999.0,1008.2074754331394,976.8749999999986,31.332475433138328,-9.20747543313836,1559.0,290.0,996.0,1004.4455706712346,-8.445570671233599,4.0,1000.0,0,3.0,290,134.59999984502792
b7_full,dqn_2048000,231,300.0,1003.0,1036.0747527681349,1009.9999999999985,26.074752768133433,-33.07475276813342,1642.0,299.0,998.0,1032.0747527681349,-34.07475276813342,2.0,1000.0,0,5.0,299,138.09999983012676
b7_full,dqn_2048000,232,292.0,998.0,1006.0230900865048,976.6666666666656,29.356423419837054,-8.023090086503721,1552.0,291.0,992.0,1001.7187422604178,-9.718742260416764,4.0,996.0,4,6.0,291,133.49999982118607
b7_full,dqn_2048000,233,271.0,1001.0,962.0177248692825,930.6249999999989,31.39272486928125,38.982275130718754,1505.0,270.0,999.0,958.573280424838,40.4267195751632,0.0,999.0,1,2.0,270,125.39999985694885
b7_full,dqn_2048000,234,283.0,998.0,978.0154416234078,949.5833333333326,28.43210829007368,19.98455837659298,1396.0,282.0,995.0,974.9487749567411,20.051225043259645,3.0,998.0,2,3.0,282,129.69999983161688
b7_full,dqn_2048000,235,281.0,999.0,967.8446844235402,939.5833333333321,28.26135109020585,31.1553155764608,1353.0,280.0,993.0,964.0946844235402,28.9053155764608,4.0,997.0,3,6.0,280,128.799999833107
b7_full,dqn_2048000,236,290.0,1001.0,1008.1327418500287,971.8749999999984,36.257741850027124,-7.132741850027147,1376.0,289.0,998.0,1004.4805679369852,-6.480567936983668,0.0,998.0,2,3.0,289,133.69999983906746
b7_full,dqn_2048000,237,295.0,993.0,1021.2220569141986,991.0416666666647,30.18039024753079,-28.222056914197506,1720.0,294.0,990.0,1018.15062834277,-28.150628342768933,8.0,998.0,2,3.0,294,137.79999986290932
b7_full,dqn_2048000,238,283.0,999.0,974.0263920301456,949.3749999999987,24.65139203014419,24.973607969855784,1670.0,282.0,996.0,970.81210631586,25.1878936841415,4.0,1000.0,0,3.0,282,131.99999986588955
b7_full,dqn_2048000,239,276.0,1002.0,953.5343164220512,924.5833333333321,28.950983088716967,48.46568357794972,1377.0,275.0,998.0,949.8070436947785,48.192956305222445,0.0,998.0,2,4.0,275,125.29999981820583
b7_full,dqn_2048000,240,282.0,994.0,961.3624368062132,937.4999999999984,23.862436806212845,32.637563193787116,1735.0,281.0,989.0,957.4735479173243,31.526452082676002,9.0,998.0,2,5.0,281,129.59999983757734
b7_full,dqn_2048000,241,286.0,997.0,986.3448429216214,959.3749999999989,26.96984292161971,10.655157078380281,1633.0,285.0,992.0,981.8711587110951,10.128841288906598,5.0,997.0,3,5.0,285,131.3999998345971
b7_full,dqn_2048000,242,283.0,990.0,982.0425575335148,949.3749999999984,32.667557533513566,7.9574424664864205,1717.0,282.0,987.0,977.7382097074278,9.261790292573377,12.0,999.0,1,3.0,282,129.59999983012676
b7_full,dqn_2048000,243,283.0,1001.0,977.859754080406,944.7916666666647,33.068087413737864,23.140245919595436,1323.0,282.0,996.0,973.3835636042155,22.61643639578591,0.0,996.0,4,5.0,282,129.1999998241663
b7_full,dqn_2048000,244,282.0,998.0,979.1257722051301,950.8333333333319,28.29243887179508,18.874227794871572,1561.0,281.0,992.0,975.4735982920866,16.52640170791505,4.0,996.0,4,6.0,281,129.299999833107
b7_full,dqn_2048000,245,280.0,994.0,973.8563049704754,940.208333333332,33.647971637140756,20.143695029525887,1363.0,279.0,992.0,970.3007494149199,21.69925058508144,6.0,998.0,2,2.0,279,127.89999982714653
b7_full,dqn_2048000,246,291.0,996.0,991.758977166663,973.1249999999984,18.633977166661563,4.241022833338427,1850.0,290.0,993.0,988.258977166663,4.741022833338427,6.0,999.0,1,3.0,290,135.39999985694885
b7_full,dqn_2048000,247,281.0,999.0,986.7012833412915,950.4166666666654,36.2846166746237,12.298716658709598,1236.0,280.0,995.0,982.9393785793867,12.06062142061436,5.0,1000.0,0,4.0,280,127.89999981969595
b7_full,dqn_2048000,248,283.0,1000.0,990.8502130624283,954.7916666666658,36.05854639576034,9.149786937572983,1485.0,282.0,994.0,987.3502130624283,6.649786937572983,2.0,996.0,4,6.0,282,131.59999985992908
b7_full,dqn_2048000,249,276.0,999.0,957.2432868829859,918.1249999999991,39.118286882984336,41.75671311701565,1251.0,275.0,997.0,953.8222342514069,43.177765748594595,2.0,999.0,1,2.0,275,126.299999833107
b7_full,dqn_2048000,250,291.0,1001.0,1011.1832817466351,982.7083333333318,28.474948413299803,-10.18328174663314,1690.0,290.0,994.0,1006.6832817466351,-12.68328174663314,3.0,997.0,3,7.0,290,132.69999981671572
b7_full,dqn_2048000,251,289.0,1000.0,999.5856711792289,968.333333333332,31.252337845893457,0.41432882077315236,1449.0,288.0,998.0,996.0856711792289,1.9143288207731524,2.0,1000.0,0,2.0,288,133.9999998509884
b7_full,dqn_2048000,252,298.0,1003.0,1026.6038961449865,991.4583333333313,35.14556281165178,-23.603896144985097,1487.0,297.0,996.0,1022.8766234177137,-26.87662341771237,3.0,999.0,1,7.0,297,137.3999998345971
b7_full,dqn_2048000,253,275.0,1000.0,963.5237660482694,927.2916666666652,36.232099381601344,36.47623395173207,1250.0,274.0,996.0,959.9523374768409,36.04766252316064,2.0,998.0,2,4.0,274,126.19999983906746
b7_full,dqn_2048000,254,311.0,998.0,1058.1480714595466,1028.7499999999993,29.398071459545022,-60.14807145954504,1677.0,310.0,996.0,1054.08140479288,-58.081404792878374,4.0,1000.0,0,2.0,310,142.19999980926514
b7_full,dqn_2048000,255,309.0,1000.0,1052.7433819469077,1022.9166666666652,29.8267152802403,-52.74338194690691,1697.0,308.0,998.0,1049.0912080338642,-51.09120803386343,2.0,1000.0,0,2.0,308,141.39999981224537
b7_full,dqn_2048000,256,292.0,993.0,1003.0593994209312,971.4583333333314,31.601066087596873,-10.059399420930244,1743.0,291.0,989.0,999.6246168122356,-10.624616812234592,10.0,999.0,1,4.0,291,134.8999998420477
b7_full,dqn_2048000,257,301.0,998.0,1042.946187502542,1003.7499999999983,39.196187502541,-44.94618750254099,1568.0,300.0,995.0,1038.696187502542,-43.69618750254099,4.0,999.0,1,3.0,300,138.1999998241663
b7_full,dqn_2048000,258,297.0,1000.0,1016.9805267340396,992.4999999999982,24.480526734038293,-16.980526734038314,1821.0,296.0,996.0,1012.4805267340396,-16.480526734038314,2.0,998.0,2,4.0,296,136.1999998241663
b7_full,dqn_2048000,259,298.0,1001.0,1041.0058751952356,1003.3333333333317,37.6725418619011,-40.00587519523436,1694.0,297.0,996.0,1037.3216646689198,-41.32166466891857,0.0,996.0,4,5.0,297,136.89999982714653
b7_full,dqn_2048000,260,292.0,999.0,995.5363433800402,965.833333333332,29.70301004670534,3.463656619961303,1694.0,291.0,995.0,992.3363433800401,2.663656619961303,3.0,998.0,2,4.0,291,135.19999984651804
b7_full,dqn_2048000,261,270.0,999.0,946.728410004207,911.666666666665,35.061743337539184,52.27158999579412,1343.0,269.0,996.0,943.728410004207,52.27158999579412,4.0,1000.0,0,3.0,269,123.09999983012676
b7_full,dqn_2048000,262,287.0,993.0,981.4345817614745,962.0833333333322,19.351248428139645,11.565418238527009,1476.0,286.0,989.0,977.4934052908862,11.506594709115245,8.0,997.0,3,4.0,286,131.799999833107
b7_full,dqn_2048000,263,285.0,1002.0,993.7701136282035,963.9583333333317,29.811780294868505,8.229886371798141,1423.0,284.0,997.0,989.4657658021165,7.534234197885097,2.0,999.0,1,5.0,284,130.799999833107
b7_full,dqn_2048000,264,302.0,991.0,1046.2539671490483,1006.4583333333318,39.79563381571389,-55.25396714904721,1561.0,301.0,988.0,1043.825395720477,-55.82539572047578,10.0,998.0,2,3.0,301,139.69999983906746
b7_full,dqn_2048000,265,283.0,1002.0,985.3803062712938,950.8333333333321,34.546972937959275,16.619693728707375,1485.0,282.0,995.0,981.618401509389,13.381598490612138,4.0,999.0,1,7.0,282,130.9999998509884
b7_full,dqn_2048000,266,299.0,1005.0,1035.9935707606521,1007.7083333333319,28.285237427317416,-30.993570760650776,1563.0,298.0,1000.0,1032.9481162151976,-32.94811621519623,0.0,1000.0,0,5.0,298,136.79999981820583
b7_full,dqn_2048000,267,295.0,1000.0,1015.3928256270217,986.6666666666653,28.726158960354333,-15.39282562702102,1588.0,294.0,998.0,1011.7406517139782,-13.740651713977542,2.0,1000.0,0,2.0,294,135.799999833107
b7_full,dqn_2048000,268,292.0,1006.0,1012.4991548114414,985.2083333333309,27.29082147810609,-6.499154811439432,1633.0,291.0,1000.0,1009.0285665761472,-9.028566576145314,0.0,1000.0,0,6.0,291,134.49999983608723
b7_full,dqn_2048000,269,294.0,1001.0,1002.6958218269159,982.4999999999985,20.195821826914464,-1.695821826914492,1580.0,293.0,997.0,998.895821826916,-1.8958218269144922,2.0,999.0,1,4.0,293,136.4999998509884
b7_full,dqn_2048000,270,289.0,995.0,993.1562899457155,971.0416666666655,22.11462327904815,1.8437100542851756,1584.0,288.0,991.0,989.6324804219059,1.3675195780946994,6.0,997.0,3,4.0,288,132.799999833107
b7_full,dqn_2048000,271,287.0,1001.0,1009.2156787189886,970.6249999999986,38.590678718986666,-8.215678718986696,1380.0,286.0,999.0,1005.426205034778,-6.426205034776171,0.0,999.0,1,2.0,286,131.59999983012676
b7_full,dqn_2048000,272,289.0,1000.0,1013.0150862045342,973.7499999999987,39.265086204532935,-13.015086204532954,1618.0,288.0,996.0,1010.0150862045342,-14.015086204532954,4.0,1000.0,0,4.0,288,133.19999983906746
b7_full,dqn_2048000,273,295.0,1001.0,1022.9337638446277,988.5416666666657,34.39209717796,-21.93376384462666,1577.0,294.0,995.0,1019.2815899315842,-24.281589931583184,2.0,997.0,3,6.0,294,136.59999984502792
b7_full,dqn_2048000,274,288.0,1001.0,999.6736122339627,972.4999999999992,27.17361223396186,1.3263877660381307,1504.0,287.0,998.0,996.5307550911056,1.4692449088952735,0.0,998.0,2,3.0,287,132.09999983012676
b7_full,dqn_2048000,275,280.0,998.0,969.0141285635531,944.9999999999986,24.014128563551427,28.985871436448633,1625.0,279.0,993.0,966.2046047540292,26.795395245972443,5.0,998.0,2,5.0,279,128.9999998435378
b7_full,dqn_2048000,276,288.0,993.0,992.0357547004987,968.7499999999982,23.285754700497584,0.9642452995024069,1678.0,287.0,989.0,988.6009720918031,0.3990279081980592,10.0,999.0,1,4.0,287,133.69999985396862
b7_full,dqn_2048000,277,288.0,997.0,995.5592204814391,959.9999999999989,35.55922048143744,1.4407795185625445,1316.0,287.0,993.0,992.1474557755568,0.8525442244448973,4.0,997.0,3,4.0,287,131.49999982118607
b7_full,dqn_2048000,278,295.0,1000.0,1014.866468763847,984.1666666666652,30.699802097178924,-14.866468763845585,1627.0,294.0,997.0,1012.0482869456652,-15.048286945663767,1.0,998.0,2,3.0,294,136.09999983757734
b7_full,dqn_2048000,279,289.0,999.0,1004.2867134023238,976.6666666666645,27.620046735656146,-5.286713402322826,1584.0,288.0,993.0,1000.4043604611473,-7.404360461146355,2.0,995.0,5,6.0,288,132.799999833107
b7_full,dqn_2048000,280,288.0,992.0,991.5484018699642,965.6249999999987,25.92340186996262,0.4515981300373637,1499.0,287.0,990.0,988.7388780604404,1.261121939561173,9.0,999.0,1,2.0,287,132.19999983161688
b7_full,dqn_2048000,281,299.0,996.0,1018.004659913232,991.2499999999993,26.754659913231038,-22.004659913231038,1641.0,298.0,991.0,1014.4713265798987,-23.471326579897706,6.0,997.0,3,5.0,298,136.79999981820583
b7_full,dqn_2048000,282,289.0,998.0,992.3367957998105,970.4166666666647,21.92012913314231,5.663204200191012,1704.0,288.0,991.0,987.9277048907196,3.072295109281921,4.0,995.0,5,7.0,288,133.59999984502792
b7_full,dqn_2048000,283,277.0,997.0,953.6753580978794,921.0416666666653,32.633691431211254,43.32464190212209,1391.0,276.0,990.0,950.0231841848359,39.976815815165565,8.0,998.0,2,7.0,276,127.59999984502792
b7_full,dqn_2048000,284,300.0,1002.0,1035.7330559503475,1007.2916666666647,28.4413892836796,-33.7330559503463,1619.0,299.0,999.0,1032.7330559503475,-33.7330559503463,1.0,1000.0,0,3.0,299,138.59999983757734
b7_full,dqn_2048000,285,298.0,1002.0,1027.2470481581295,998.1249999999981,29.122048158128013,-25.247048158128038,1511.0,297.0,1000.0,1024.7470481581295,-24.747048158128038,0.0,1000.0,0,2.0,297,137.8999998420477
b7_full,dqn_2048000,286,291.0,999.0,1010.7477108238612,979.9999999999983,30.74771082386001,-11.747710823860034,1557.0,290.0,998.0,1008.1113471874976,-10.111347187496397,2.0,1000.0,0,1.0,290,134.79999984800816
b7_full,dqn_2048000,287,276.0,1001.0,963.3731937908876,930.2083333333319,33.164860457552926,37.626806209113795,1379.0,275.0,998.0,959.6459210636149,38.35407893638652,0.0,998.0,2,3.0,275,125.29999981820583
b7_full,dqn_2048000,288,287.0,999.0,989.3511259274004,958.5416666666666,30.809459260732993,9.64887407260035,1404.0,286.0,992.0,984.9420350183095,7.05796498169126,3.0,995.0,5,7.0,286,131.69999983161688
b7_full,dqn_2048000,289,294.0,998.0,1009.5546109353107,983.3333333333325,26.22127760197652,-11.554610935309881,1670.0,293.0,992.0,1005.0784204591203,-13.078420459119405,4.0,996.0,4,6.0,293,133.69999980926514
b7_full,dqn_2048000,290,297.0,1002.0,1020.1066446119144,985.4166666666652,34.68997794524613,-18.106644611912806,1535.0,296.0,996.0,1016.8961182961249,-20.896118296123333,0.0,996.0,4,6.0,296,137.9999998509884
b7_full,dqn_2048000,291,282.0,998.0,980.8259203896798,942.9166666666656,37.909253723012284,17.174079610321034,1432.0,281.0,994.0,977.0759203896798,16.924079610321034,6.0,1000.0,0,4.0,281,129.69999983906746
b7_full,dqn_2048000,292,285.0,997.0,980.0938192789781,947.0833333333314,33.01048594564373,16.9061807210229,1439.0,284.0,994.0,976.1990824368728,17.800917563128163,4.0,998.0,2,3.0,284,131.79999984800816
b7_full,dqn_2048000,293,283.0,997.0,988.5409176249125,957.2916666666653,31.249250958244378,8.459082375088915,1392.0,282.0,996.0,985.4932985772934,10.506701422707962,4.0,1000.0,0,1.0,282,128.79999981820583
b7_full,dqn_2048000,294,294.0,995.0,1009.2865108358992,979.1666666666658,30.11984416923169,-14.286510835898351,1579.0,293.0,990.0,1005.5246060739944,-15.524606073993588,6.0,996.0,4,5.0,293,135.09999983012676
b7_full,dqn_2048000,295,290.0,1003.0,1005.9794438901546,977.0833333333321,28.896110556820254,-2.9794438901535996,1397.0,289.0,997.0,1002.6853262430958,-5.685326243094776,3.0,1000.0,0,6.0,289,133.19999983161688
b7_full,dqn_2048000,296,287.0,994.0,1006.6309378468344,971.6666666666656,34.964271180166634,-12.630937846833326,1503.0,286.0,991.0,1003.1961552381388,-12.196155238137674,8.0,999.0,1,3.0,286,131.799999833107
b7_full,dqn_2048000,297,295.0,999.0,1021.4579820902245,988.9583333333323,32.49964875689061,-22.45798209022398,1685.0,294.0,997.0,1019.0579820902245,-22.05798209022398,2.0,999.0,1,2.0,294,136.59999984502792
b7_full,dqn_2048000,298,284.0,998.0,983.8410838533307,951.4583333333322,32.38275051999644,14.158916146670222,1415.0,283.0,996.0,980.9660838533307,15.033916146670222,4.0,1000.0,0,2.0,283,129.29999981820583
b7_full,dqn_2048000,299,291.0,999.0,1001.3338791271483,968.3333333333327,33.00054579381372,-2.3338791271470503,1471.0,290.0,997.0,998.3338791271483,-1.3338791271470503,3.0,1000.0,0,2.0,290,133.2999998256564
b7_full,dqn_2048000,300,288.0,1002.0,1002.4475881899555,966.8749999999991,35.57258818995425,-0.44758818995425065,1448.0,287.0,999.0,997.9475881899555,1.0524118100457494,0.0,999.0,1,3.0,287,132.8999998420477
b7_full,dqn_2048000,301,295.0,998.0,1016.586620357366,987.9166666666655,28.669953690698392,-18.58662035736509,1658.0,294.0,996.0,1013.681858452604,-17.681858452603183,4.0,1000.0,0,2.0,294,135.59999983012676
b7_full,dqn_2048000,302,276.0,1003.0,966.0806545858767,931.0416666666656,35.03898791920896,36.919345414124344,1370.0,275.0,998.0,962.4284806728332,35.57151932716782,2.0,1000.0,0,5.0,275,126.299999833107
b7_full,dqn_2048000,303,290.0,998.0,1013.2885323324113,985.2083333333312,28.080198999076003,-15.288532332409368,1510.0,289.0,992.0,1009.5612596051385,-17.56125960513664,4.0,996.0,4,6.0,289,133.49999983608723
b7_full,dqn_2048000,304,292.0,997.0,996.459910985166,978.541666666665,17.918244318498363,0.5400890148349458,1831.0,291.0,992.0,992.6980062232611,-0.6980062232602924,4.0,996.0,4,5.0,291,135.4999998509884
b7_full,dqn_2048000,305,280.0,990.0,977.5294922369853,953.5416666666652,23.987825570318154,12.470507763015176,1664.0,279.0,988.0,974.4840376915308,13.515962308469721,12.0,1000.0,0,2.0,279,129.4999998509884
b7_full,dqn_2048000,306,284.0,1000.0,978.594476289367,946.2499999999989,32.34447628936622,21.405523710633766,1381.0,283.0,995.0,975.594476289367,19.405523710633766,4.0,999.0,1,5.0,283,129.49999982118607
b7_full,dqn_2048000,307,287.0,1002.0,996.0570805699303,958.1249999999987,37.93208056992886,5.942919430071133,1391.0,286.0,999.0,992.6222979612347,6.3777020387667855,0.0,999.0,1,3.0,286,131.99999983608723
b7_full,dqn_2048000,308,295.0,996.0,1016.7306762946984,991.6666666666652,25.064009628030682,-20.73067629469734,1656.0,294.0,993.0,1013.0785023816549,-20.078502381653863,5.0,998.0,2,3.0,294,136.09999983757734
b7_full,dqn_2048000,309,284.0,998.0,966.6309477046499,945.208333333332,21.422614371315387,31.369052295351274,1654.0,283.0,994.0,962.6309477046499,31.369052295351274,6.0,1000.0,0,4.0,283,131.69999985396862
b7_full,dqn_2048000,310,288.0,997.0,989.645368726749,962.4999999999983,27.145368726747392,7.354631273252545,1427.0,287.0,990.0,985.1691782505585,4.830821749443022,8.0,998.0,2,7.0,287,132.09999983012676
b7_full,dqn_2048000,311,292.0,997.0,1024.3057851917993,987.9166666666648,36.389118525131096,-27.30578519179776,1496.0,291.0,995.0,1021.8057851917993,-26.80578519179776,5.0,1000.0,0,2.0,291,133.19999981671572
b7_full,dqn_2048000,312,291.0,1002.0,1001.1099550146622,968.3333333333319,32.77662168132787,0.8900449853387808,1539.0,290.0,997.0,996.9849550146622,0.015044985338780847,1.0,998.0,2,5.0,290,133.2999998256564
b7_full,dqn_2048000,313,292.0,996.0,1013.4006323168248,983.9583333333323,29.44229898349056,-17.400632316823906,1558.0,291.0,993.0,1010.4672989834916,-17.467298983490572,6.0,999.0,1,3.0,291,135.4999998509884
b7_full,dqn_2048000,314,275.0,998.0,948.9549847377845,928.1249999999986,20.82998473778357,49.045015262216516,1561.0,274.0,992.0,945.2277120105117,46.77228798948924,4.0,996.0,4,6.0,274,126.99999985098839
b7_full,dqn_2048000,315,284.0,999.0,992.0378698304738,957.9166666666657,34.12120316380646,6.962130169526866,1342.0,283.0,995.0,988.3856959174303,6.614304082570344,2.0,997.0,3,4.0,283,129.49999982118607
b7_full,dqn_2048000,316,288.0,1002.0,1005.4936184310081,968.7499999999987,36.74361843100737,-3.493618431007372,1336.0,287.0,1000.0,1001.9698089071986,-1.9698089071978484,0.0,1000.0,0,2.0,287,132.299999833107
b7_full,dqn_2048000,317,284.0,1003.0,986.2680353199635,958.9583333333321,27.309701986628532,16.731964680038125,1488.0,283.0,1000.0,983.0180353199635,16.981964680038125,0.0,1000.0,0,3.0,283,131.09999984502792
b7_full,dqn_2048000,318,294.0,998.0,1009.4910769701738,985.2083333333318,24.28274363683905,-11.491076970172395,1528.0,293.0,992.0,1005.806866443858,-13.806866443856606,7.0,999.0,1,6.0,293,135.59999983757734
b7_full,dqn_2048000,319,276.0,996.0,966.4012052460122,936.6666666666648,29.734538579344377,29.598794753988987,1516.0,275.0,991.0,962.9012052460122,28.098794753988987,8.0,999.0,1,5.0,275,127.09999984502792
b7_full,dqn_2048000,320,296.0,1003.0,1020.6498795729487,998.3333333333319,22.31654623961461,-17.64987957294795,1746.0,295.0,998.0,1017.3641652872344,-19.364165287233664,2.0,1000.0,0,5.0,295,136.8999998420477
b7_full,dqn_2048000,321,284.0,993.0,995.8192193819707,960.6249999999991,35.1942193819701,-2.8192193819700884,1268.0,283.0,988.0,992.9244825398654,-4.924482539864825,10.0,998.0,2,5.0,283,129.0999998152256
b7_full,dqn_2048000,322,299.0,999.0,1028.507584573973,991.4583333333317,37.049251240638014,-29.507584573971357,1466.0,298.0,993.0,1024.507584573973,-31.507584573971357,5.0,998.0,2,6.0,298,136.29999981075525
b7_full,dqn_2048000,323,291.0,997.0,1015.820494576244,982.0833333333309,33.73716124290899,-18.82049457624232,1587.0,290.0,992.0,1010.320494576244,-18.32049457624232,4.0,996.0,4,5.0,290,133.59999983012676
b7_full,dqn_2048000,324,302.0,998.0,1041.9396327183165,1004.7916666666653,37.14796605164925,-43.939632718315906,1527.0,301.0,991.0,1038.1618549405387,-47.16185494053813,8.0,999.0,1,7.0,301,139.299999833107
b7_full,dqn_2048000,325,283.0,995.0,993.0384006178319,954.3749999999984,38.66340061783084,1.9615993821691187,1379.0,282.0,990.0,988.734052791745,1.2659472082560748,6.0,996.0,4,5.0,282,128.79999981820583
b7_full,dqn_2048000,326,292.0,999.0,1005.5286655410978,966.249999999999,39.27866554109655,-6.528665541096543,1488.0,291.0,993.0,1001.0549813305714,-8.054981330570227,2.0,995.0,5,6.0,291,134.299999833107
b7_full,dqn_2048000,327,281.0,999.0,981.5300670316149,942.7083333333323,38.82173369828001,17.469932968386658,1377.0,280.0,994.0,977.76816226971,16.23183773029142,2.0,996.0,4,5.0,280,127.99999982118607
b7_full,dqn_2048000,328,292.0,994.0,1004.9666140635752,977.9166666666656,27.049947396906944,-10.966614063573603,1643.0,291.0,992.0,1001.5777251746863,-9.577725174684714,7.0,999.0,1,2.0,291,134.79999984055758
b7_full,dqn_2048000,329,285.0,996.0,997.9849686117649,956.041666666665,41.94330194509726,-1.984968611763931,1550.0,284.0,993.0,994.3327946987214,-1.3327946987204529,6.0,999.0,1,3.0,284,130.99999983608723
b7_full,dqn_2048000,330,281.0,999.0,976.6640639904816,947.916666666666,28.747397323814056,22.335936009519287,1453.0,280.0,997.0,973.6164449428626,23.383555057138334,2.0,999.0,1,2.0,280,129.59999984502792
b7_full,dqn_2048000,331,295.0,999.0,1013.6702910201342,980.4166666666656,33.253624353466165,-14.67029102013284,1560.0,294.0,996.0,1010.1702910201342,-14.17029102013284,2.0,998.0,2,3.0,294,136.59999984502792
b7_full,dqn_2048000,332,277.0,1001.0,977.8233966380254,942.9166666666654,34.90672997135674,23.176603361976564,1325.0,276.0,997.0,973.4704554615548,23.52954453844715,3.0,1000.0,0,4.0,276,127.49999984353781
b7_full,dqn_2048000,333,281.0,994.0,974.316986411124,945.4166666666653,28.900319744455896,19.683013588877444,1568.0,280.0,989.0,971.316986411124,17.683013588877444,7.0,996.0,4,5.0,280,128.09999982267618
b7_full,dqn_2048000,334,281.0,1008.0,977.1148591737083,946.0416666666655,31.073192507041277,30.885140826292037,1429.0,280.0,1000.0,973.1862877451368,26.813712254863468,0.0,1000.0,0,8.0,280,128.99999983608723
b7_full,dqn_2048000,335,302.0,996.0,1025.5561307741493,996.6666666666656,28.889464107481338,-29.556130774147995,1720.0,301.0,992.0,1022.3418450598635,-30.34184505986228,5.0,997.0,3,4.0,301,138.59999982267618
b7_full,dqn_2048000,336,268.0,1001.0,937.7525804602891,910.2083333333323,27.544247126955085,63.247419539711636,1480.0,267.0,997.0,934.1004065472456,62.89959345275511,3.0,1000.0,0,4.0,267,122.59999983757734
b7_full,dqn_2048000,337,293.0,996.0,1009.8125333181506,981.0416666666647,28.770866651483125,-13.812533318149814,1656.0,292.0,991.0,1006.5268190324363,-15.526819032435528,5.0,996.0,4,5.0,292,133.29999981075525
b7_full,dqn_2048000,338,301.0,999.0,1043.254293526206,1011.458333333332,31.79596019287091,-44.25429352620425,1561.0,300.0,995.0,1038.8654046373172,-43.86540463731536,4.0,999.0,1,4.0,300,139.59999984502792
b7_full,dqn_2048000,339,303.0,1003.0,1037.2609861844396,1011.0416666666652,26.219319517771524,-34.26098618443819,1756.0,302.0,1000.0,1033.6088122713961,-33.60881227139471,0.0,1000.0,0,3.0,302,140.79999984800816
b7_full,dqn_2048000,340,292.0,996.0,1010.705577473933,978.9583333333317,31.74724414059786,-14.7055774739312,1550.0,291.0,992.0,1007.5055774739329,-15.5055774739312,8.0,1000.0,0,4.0,291,135.29999984800816
b7_full,dqn_2048000,341,294.0,1000.0,1002.0364831452637,977.4999999999983,24.5364831452629,-2.0364831452629346,1662.0,293.0,995.0,999.0364831452637,-4.036483145262935,2.0,997.0,3,5.0,293,135.09999983012676
b7_full,dqn_2048000,342,292.0,993.0,1000.734923874231,969.9999999999987,30.73492387422928,-7.734923874229299,1566.0,291.0,989.0,997.6894693287765,-8.689469328774754,8.0,997.0,3,4.0,291,132.89999981224537
b7_full,dqn_2048000,343,279.0,1001.0,971.0629370948753,947.2916666666647,23.771270428207735,29.93706290512558,1607.0,278.0,996.0,966.5867466186849,29.413253381316053,4.0,1000.0,0,5.0,278,129.19999985396862
b7_full,dqn_2048000,344,288.0,998.0,998.786990382265,968.1249999999994,30.66199038226394,-0.7869903822639563,1511.0,287.0,994.0,995.9774665727412,-1.977466572740147,4.0,998.0,2,4.0,287,131.89999982714653
b7_full,dqn_2048000,345,291.0,997.0,1003.3024968131368,971.4583333333319,31.84416347980251,-6.3024968131358685,1598.0,290.0,991.0,998.8288126026105,-7.828812602609553,6.0,997.0,3,6.0,290,134.19999983906746
b7_full,dqn_2048000,346,295.0,1002.0,1016.8950833030142,985.2083333333323,31.686749969680026,-14.895083303013369,1634.0,294.0,997.0,1013.8950833030142,-16.89508330301337,2.0,999.0,1,5.0,294,135.59999983012676
b7_full,dqn_2048000,347,287.0,1002.0,982.8493941809237,962.2916666666655,20.557727514255962,19.150605819077335,1762.0,286.0,998.0,979.3255846571142,18.67441534288686,2.0,1000.0,0,4.0,286,132.59999984502792
b7_full,dqn_2048000,348,281.0,999.0,970.2013477079832,944.5833333333319,25.61801437464883,28.798652292017827,1607.0,280.0,994.0,966.4118740237727,27.588125976228355,4.0,998.0,2,5.0,280,129.3999998420477
b7_full,dqn_2048000,349,292.0,999.0,1011.8711121886156,976.6666666666646,35.20444552194785,-12.87111218861454,1650.0,291.0,996.0,1008.3711121886156,-12.37111218861454,4.0,1000.0,0,3.0,291,132.89999981224537
b7_full,dqn_2048000,350,281.0,1003.0,985.3622394523048,950.6249999999984,34.7372394523037,17.637760547696274,1440.0,280.0,998.0,982.3622394523048,15.637760547696274,2.0,1000.0,0,5.0,280,128.799999833107
b7_full,dqn_2048000,351,297.0,1002.0,1015.1464733595782,988.9583333333314,26.188140026244064,-13.146473359577422,1479.0,296.0,995.0,1011.4798066929116,-16.479806692910756,0.0,995.0,5,7.0,296,136.59999983012676
b7_full,dqn_2048000,352,284.0,997.0,988.8189622101115,956.6666666666649,32.152295543443365,8.181037789889931,1483.0,283.0,992.0,985.3522955434448,6.647704456556598,7.0,999.0,1,5.0,283,130.19999983161688
b7_full,dqn_2048000,353,288.0,1000.0,981.2408557246813,953.1249999999986,28.115855724680895,18.75914427531908,1617.0,287.0,997.0,978.7408557246813,18.25914427531908,2.0,999.0,1,3.0,287,131.89999982714653
b7_full,dqn_2048000,354,278.0,1000.0,957.4778925554646,942.9166666666654,14.56122588879689,42.522107444536445,1485.0,277.0,997.0,953.939431017003,43.060568982997985,2.0,999.0,1,3.0,277,128.4999998509884
b7_full,dqn_2048000,355,298.0,999.0,1015.413367431354,988.9583333333319,26.45503409801933,-16.413367431352683,1703.0,297.0,996.0,1012.313367431354,-16.31336743135268,2.0,998.0,2,3.0,297,137.299999833107
b7_full,dqn_2048000,356,296.0,1002.0,1029.934111786795,995.4166666666648,34.51744512012716,-27.934111786793835,1538.0,295.0,996.0,1026.434111786795,-30.434111786793835,4.0,1000.0,0,6.0,295,136.8999998420477
b7_full,dqn_2048000,357,283.0,1001.0,983.3870523346042,950.6249999999985,32.76205233460245,17.612947665397513,1372.0,282.0,998.0,978.7988170404865,19.20118295951516,2.0,1000.0,0,3.0,282,130.59999984502792
b7_full,dqn_2048000,358,281.0,991.0,976.5416491958046,949.3749999999983,27.16664919580352,14.458350804196481,1673.0,280.0,987.0,972.3541491958046,14.645850804196481,10.0,997.0,3,4.0,280,129.59999984502792
b7_full,dqn_2048000,359,277.0,995.0,981.6317750710367,944.9999999999991,36.63177507103502,13.368224928964953,1309.0,276.0,993.0,978.3376574239779,14.662342576023777,6.0,999.0,1,2.0,276,127.59999984502792
b7_full,dqn_2048000,360,287.0,1002.0,994.259003085241,964.9999999999983,29.25900308523975,7.74099691476021,1699.0,286.0,995.0,990.6068291721975,4.393170827803688,2.0,997.0,3,7.0,286,133.79999986290932
b7_full,dqn_2048000,361,294.0,1002.0,996.8482445382504,973.5416666666655,23.306577871583226,5.15175546175009,1728.0,293.0,998.0,994.2600092441327,3.7399907558677374,0.0,998.0,2,4.0,293,136.4999998509884
b7_full,dqn_2048000,362,290.0,998.0,1004.3992237782344,972.4999999999983,31.89922377823335,-6.399223778233402,1482.0,289.0,993.0,1000.7992237782344,-7.799223778233403,4.0,997.0,3,5.0,289,133.69999983906746
b7_full,dqn_2048000,363,288.0,997.0,1001.1023839221847,961.2499999999993,39.85238392218298,-4.102383922183012,1331.0,287.0,994.0,997.7134950332958,-3.7134950332941234,6.0,1000.0,0,3.0,287,132.299999833107
b7_full,dqn_2048000,364,298.0,1002.0,1022.6342360650084,995.2083333333319,27.425902731674025,-20.634236065007364,1879.0,297.0,996.0,1018.9283537120672,-22.928353712066187,0.0,996.0,4,6.0,297,137.8999998420477
b7_full,dqn_2048000,365,293.0,1002.0,1018.0798019153793,983.5416666666655,34.53813524871204,-16.079801915378702,1574.0,292.0,1000.0,1015.0343473699248,-15.034347369924157,0.0,1000.0,0,2.0,292,134.39999982714653
b7_full,dqn_2048000,366,289.0,1000.0,1000.1086593907438,971.2499999999984,28.858659390743057,-0.10865939074310171,1500.0,288.0,995.0,997.1086593907438,-2.1086593907431017,2.0,997.0,3,5.0,288,130.59999980032444
b7_full,dqn_2048000,367,272.0,996.0,947.5421091619461,916.8749999999993,30.667109161945266,48.457890838054745,1464.0,271.0,991.0,944.4171091619461,46.582890838054745,6.0,997.0,3,5.0,271,124.89999984204769
b7_full,dqn_2048000,368,295.0,1004.0,1020.0164610054933,982.7083333333318,37.30812767215882,-16.016461005492157,1525.0,294.0,1000.0,1016.2664610054933,-16.266461005492157,0.0,1000.0,0,4.0,294,134.99999982118607
b7_full,dqn_2048000,369,287.0,997.0,993.0818080606607,962.0833333333313,30.998474727326144,3.918191939340488,1654.0,286.0,993.0,989.2693080606607,3.730691939340488,4.0,997.0,3,4.0,286,133.39999985694885
b7_full,dqn_2048000,370,289.0,1004.0,1015.1223690827737,985.4166666666649,29.70570241610588,-11.122369082772572,1573.0,288.0,1000.0,1012.2723690827737,-12.272369082772572,0.0,1000.0,0,4.0,288,132.39999982714653
b7_full,dqn_2048000,371,286.0,999.0,997.652153464162,964.9999999999982,32.65215346416042,1.3478465358395466,1485.0,285.0,995.0,994.5854867974953,0.4145132025062135,2.0,997.0,3,4.0,285,132.69999985396862
b7_full,dqn_2048000,372,294.0,1000.0,1014.4019735865318,986.8749999999995,27.526973586530705,-14.401973586530744,1659.0,293.0,995.0,1010.8781640627222,-15.87816406272122,1.0,996.0,4,5.0,293,134.99999982863665
b7_full,dqn_2048000,373,281.0,1001.0,977.9854646955259,946.0416666666645,31.943798028858225,23.014535304475082,1511.0,280.0,997.0,974.564412063947,22.43558793605403,0.0,997.0,3,4.0,280,130.39999985694885
b7_full,dqn_2048000,374,280.0,1000.0,973.7826525508947,945.2083333333326,28.574319217560216,26.217347449106498,1627.0,279.0,995.0,969.3937636620058,25.606236337995387,2.0,997.0,3,5.0,279,129.29999984800816
b7_full,dqn_2048000,375,290.0,1002.0,1015.8537607482722,979.166666666665,36.68709408160375,-13.853760748270437,1500.0,289.0,994.0,1011.3775702720817,-17.37757027207996,0.0,994.0,6,8.0,289,133.69999983906746
b7_full,dqn_2048000,376,292.0,999.0,1010.0155189053114,980.6249999999982,29.390518905310557,-11.015518905310591,1564.0,291.0,994.0,1006.6266300164225,-12.626630016421702,4.0,998.0,2,5.0,291,134.8999998420477
b7_full,dqn_2048000,377,282.0,995.0,976.7508561232827,949.3749999999986,27.375856123281743,18.24914387671826,1465.0,281.0,989.0,973.0235833960099,15.976416603990987,10.0,999.0,1,6.0,281,129.49999983608723
b7_full,dqn_2048000,378,292.0,994.0,1008.2066819087883,979.1666666666653,29.040015242120134,-14.20668190878684,1551.0,291.0,989.0,1004.6511263532327,-15.651126353231284,7.0,996.0,4,5.0,291,134.3999998345971
b7_full,dqn_2048000,379,292.0,1001.0,1002.0334509482166,973.3333333333323,28.700117614882334,-1.0334509482157208,1531.0,291.0,994.0,998.1445620593277,-4.144562059326832,2.0,996.0,4,7.0,291,134.69999983906746
b7_full,dqn_2048000,380,285.0,1001.0,991.4086085781987,954.9999999999978,36.40860857819733,9.591391421802657,1449.0,284.0,996.0,987.9875559466198,8.012444053381603,2.0,998.0,2,5.0,284,129.39999981224537
b7_full,dqn_2048000,381,292.0,1001.0,1021.6323388607184,991.666666666665,29.965672194050832,-20.632338860717507,1701.0,291.0,996.0,1017.2793976842478,-21.27939768424692,0.0,996.0,4,5.0,291,134.69999983906746
b7_full,dqn_2048000,382,289.0,1002.0,1002.3783706859399,965.4166666666649,36.96170401927231,-0.3783706859389886,1316.0,288.0,996.0,999.2355135430828,-3.235513543081846,0.0,996.0,4,6.0,288,132.99999983608723
b7_full,dqn_2048000,383,294.0,999.0,1012.4470356948964,980.8333333333321,31.613702361562055,-13.447035694895424,1526.0,293.0,993.0,1008.9470356948964,-15.947035694895424,2.0,995.0,5,6.0,293,135.299999833107
b7_full,dqn_2048000,384,295.0,999.0,1008.294184611511,994.3749999999982,13.919184611510282,-9.294184611510293,1917.0,294.0,997.0,1004.8594020028154,-7.85940200281464,2.0,999.0,1,2.0,294,135.99999983608723
b7_full,dqn_2048000,385,293.0,1001.0,1011.0224800511339,978.1249999999989,32.89748005113294,-10.022480051132963,1635.0,292.0,997.0,1007.4510514797054,-10.451051479704391,2.0,999.0,1,4.0,292,134.1999998241663
b7_full,dqn_2048000,386,295.0,995.0,1014.0887255553788,982.2916666666649,31.797058888711543,-19.08872555537818,1736.0,294.0,992.0,1011.0887255553788,-19.08872555537818,6.0,998.0,2,3.0,294,136.9999998509884
b7_full,dqn_2048000,387,298.0,1000.0,1009.5004090435903,990.8333333333325,18.66707571025612,-9.500409043589466,1652.0,297.0,995.0,1006.0004090435903,-11.000409043589466,4.0,999.0,1,5.0,297,137.299999833107
b7_full,dqn_2048000,388,286.0,1002.0,990.246725673596,953.9583333333325,36.28839234026171,11.753274326404986,1357.0,285.0,997.0,986.6356145624849,10.364385437516097,1.0,998.0,2,5.0,285,130.7999998256564
b7_full,dqn_2048000,389,292.0,1002.0,1005.7763163662153,982.499999999999,23.276316366214036,-3.7763163662140586,1737.0,291.0,996.0,1002.0540941439931,-6.054094143991836,2.0,998.0,2,6.0,291,135.69999985396862
b7_full,dqn_2048000,390,295.0,1003.0,1023.8101235877697,993.9583333333326,29.851790254435283,-20.81012358776863,1729.0,294.0,998.0,1019.5057757616827,-21.505775761681672,2.0,1000.0,0,5.0,294,134.99999982118607
b7_full,dqn_2048000,391,287.0,1004.0,993.7589032432256,962.4999999999987,31.258903243224793,10.24109675677519,1409.0,286.0,1000.0,989.7589032432256,10.24109675677519,0.0,1000.0,0,4.0,286,131.99999983608723
b7_full,dqn_2048000,392,274.0,1001.0,950.7548146914492,921.6666666666652,29.088148024781468,50.24518530855184,1462.0,273.0,997.0,947.1026407784057,49.897359221595316,0.0,997.0,3,4.0,273,125.69999983906746
b7_full,dqn_2048000,393,296.0,1001.0,1013.0666286443857,978.5416666666656,34.52496197771805,-12.066628644384727,1673.0,295.0,995.0,1009.2771549601752,-14.277154960174201,4.0,999.0,1,6.0,295,137.29999984800816
b7_full,dqn_2048000,394,286.0,994.0,984.5302659766027,958.9583333333317,25.571932643267914,9.469734023398738,1593.0,285.0,990.0,981.0302659766027,8.969734023398738,8.0,998.0,2,4.0,285,131.69999983906746
b7_full,dqn_2048000,395,287.0,997.0,1003.2154060959763,969.9999999999986,33.21540609597548,-6.215406095975478,1485.0,286.0,995.0,1000.6439775245477,-5.643977524546907,4.0,999.0,1,2.0,286,131.1999998241663
b7_full,dqn_2048000,396,285.0,1002.0,974.0715737060541,955.8333333333319,18.238240372720085,27.928426293946536,1650.0,284.0,998.0,971.3382403727207,26.66175962727987,2.0,1000.0,0,4.0,284,131.19999983906746
b7_full,dqn_2048000,397,284.0,996.0,990.0104520832525,965.8333333333314,24.177118749917902,5.989547916748764,1689.0,283.0,991.0,986.464997537798,4.535002462203309,8.0,999.0,1,5.0,283,132.29999986290932
b7_full,dqn_2048000,398,292.0,1002.0,999.2271347994757,976.8749999999987,22.352134799474612,2.772865200525407,1610.0,291.0,998.0,996.499862072203,1.500137927798134,2.0,1000.0,0,4.0,291,134.299999833107
b7_full,dqn_2048000,399,299.0,1003.0,1024.510145288187,997.083333333332,27.42681195485237,-21.510145288185747,1688.0,298.0,1000.0,1021.3990341770758,-21.399034177074636,0.0,1000.0,0,3.0,298,138.19999983906746
b7_full,dqn_2048000,400,304.0,1001.0,1036.2861426009881,1013.124999999999,23.161142600986427,-35.28614260098642,1656.0,303.0,997.0,1033.391405758883,-36.39140575888116,0.0,997.0,3,4.0,303,141.69999985396862
b7_full,dqn_2048000,401,302.0,999.0,1038.3460151791287,1019.1666666666649,19.17934851246027,-39.34601517912693,1745.0,301.0,993.0,1033.8460151791287,-40.84601517912693,4.0,997.0,3,6.0,301,140.09999984502792
b7_full,dqn_2048000,402,286.0,999.0,984.3268766956419,956.4583333333328,27.868543362307634,14.673123304358988,1515.0,285.0,996.0,981.4321398535366,14.567860146464252,2.0,998.0,2,3.0,285,131.49999983608723
b7_full,dqn_2048000,403,299.0,996.0,1024.126249618788,988.333333333332,35.79291628545396,-28.126249618787302,1436.0,298.0,992.0,1021.426249618788,-29.426249618787303,7.0,999.0,1,4.0,298,135.69999980181456
b7_full,dqn_2048000,404,286.0,999.0,982.9500378611024,957.7083333333322,25.24170452776756,16.049962138899083,1619.0,285.0,996.0,979.9500378611024,16.049962138899083,2.0,998.0,2,3.0,285,132.29999984800816
b7_full,dqn_2048000,405,278.0,1006.0,958.8035577707703,927.7083333333316,31.095224437435657,47.196442229230996,1377.0,277.0,1000.0,955.7559387231513,44.24406127685004,0.0,1000.0,0,6.0,277,126.6999998241663
b7_full,dqn_2048000,406,296.0,1001.0,1022.9944105321861,994.3749999999991,28.619410532184745,-21.994410532184794,1491.0,295.0,998.0,1019.1055216432972,-21.105521643295905,2.0,1000.0,0,3.0,295,134.4999998062849
b7_full,dqn_2048000,407,288.0,1001.0,994.8161887548981,957.7083333333316,37.107855421563464,6.183811245103159,1339.0,287.0,997.0,991.0161887548982,5.983811245103158,2.0,999.0,1,4.0,287,129.69999979436398
b7_full,dqn_2048000,408,294.0,997.0,1015.4851470139258,990.8333333333323,24.651813680591097,-18.48514701392444,1752.0,293.0,994.0,1012.7351470139258,-18.73514701392444,4.0,998.0,2,3.0,293,135.69999983906746
b7_full,dqn_2048000,409,293.0,1002.0,1013.5750249733454,980.6249999999985,32.95002497334401,-11.575024973344052,1515.0,292.0,996.0,1009.8477522460727,-13.847752246071325,4.0,1000.0,0,6.0,292,135.3999998420477
b7_full,dqn_2048000,410,290.0,1002.0,1011.16701853377,973.5416666666655,37.62535186710207,-9.167018533768763,1563.0,289.0,998.0,1008.06701853377,-10.067018533768763,0.0,998.0,2,4.0,289,134.4999998509884
b7_full,dqn_2048000,411,295.0,999.0,1016.704417932356,977.0833333333323,39.621084599020726,-17.70441793235405,1434.0,294.0,995.0,1013.266917932356,-18.26691793235405,2.0,997.0,3,4.0,294,135.39999982714653
b7_full,dqn_2048000,412,289.0,1001.0,991.2540646110765,969.5833333333323,21.670731277740956,9.745935388925698,1606.0,288.0,998.0,986.7540646110765,11.245935388925698,2.0,1000.0,0,3.0,288,133.3999998420477
b7_full,dqn_2048000,413,295.0,1000.0,1008.1467717007648,982.2916666666653,25.855105034097793,-8.146771700764473,1693.0,294.0,997.0,1004.3967717007648,-7.396771700764473,2.0,999.0,1,3.0,294,135.99999983608723
b7_full,dqn_2048000,414,285.0,1003.0,989.0306658629438,957.4999999999985,31.53066586294306,13.969334137056919,1472.0,284.0,998.0,983.8973325296105,14.102667470390253,0.0,998.0,2,5.0,284,129.99999982118607
b7_full,dqn_2048000,415,288.0,1003.0,989.7482469686664,964.9999999999986,24.748246968665242,13.25175303133473,1509.0,287.0,998.0,986.0209742413937,11.979025758607456,0.0,998.0,2,5.0,287,132.49999983608723
b7_full,dqn_2048000,416,287.0,994.0,994.4790795938118,973.3333333333318,21.145746260477342,-0.47907959381070553,1684.0,286.0,991.0,990.9790795938118,0.02092040618929447,7.0,998.0,2,3.0,286,133.0999998524785
b7_full,dqn_2048000,417,282.0,991.0,969.9816104897269,948.5416666666656,21.43994382305895,21.018389510274368,1593.0,281.0,989.0,966.9361559442724,22.063844055728914,10.0,999.0,1,2.0,281,130.69999985396862
b7_full,dqn_2048000,418,277.0,1003.0,968.5265061593719,935.833333333332,32.69317282603724,34.473493840629395,1523.0,276.0,998.0,964.8598394927053,33.14016050729606,0.0,998.0,2,5.0,276,127.39999984204769
b7_full,dqn_2048000,419,288.0,998.0,998.2969312748182,970.4166666666654,27.880264608150227,-0.29693127481692017,1544.0,287.0,993.0,994.5696585475455,-1.569658547544193,5.0,998.0,2,5.0,287,131.59999982267618
b7_full,dqn_2048000,420,294.0,1003.0,1016.674046782066,985.4166666666657,31.25738011539764,-13.674046782064336,1717.0,293.0,1000.0,1013.0858114879483,-13.085811487946689,0.0,1000.0,0,3.0,293,133.89999981224537
b7_full,dqn_2048000,421,304.0,999.0,1048.2026025230373,1009.1666666666654,39.035935856369285,-49.20260252303589,1515.0,303.0,995.0,1045.5872179076528,-50.58721790765128,5.0,1000.0,0,4.0,303,139.39999981969595
b7_full,dqn_2048000,422,293.0,1001.0,1022.7870056249827,986.6666666666654,36.120338958315095,-21.78700562498178,1616.0,292.0,996.0,1019.6051874431646,-23.605187443163597,2.0,998.0,2,5.0,292,135.79999984800816
b7_full,dqn_2048000,423,289.0,996.0,998.6682399998573,971.2499999999985,27.418239999855942,-2.6682399998559525,1784.0,288.0,993.0,995.0160660868138,-2.0160660868124745,5.0,998.0,2,3.0,288,134.0999998524785
b7_full,dqn_2048000,424,290.0,998.0,992.8857755137669,960.4166666666656,32.46910884709879,5.11422448623453,1448.0,289.0,993.0,989.7093049255317,3.2906950744698236,6.0,999.0,1,5.0,289,133.8999998420477
b7_full,dqn_2048000,425,289.0,997.0,1005.4739996021619,970.8333333333312,34.64066626882786,-8.473999602161179,1619.0,288.0,992.0,1001.6239996021619,-9.62399960216118,6.0,998.0,2,5.0,288,132.99999983608723
b7_full,dqn_2048000,426,286.0,998.0,978.4068843218748,952.0833333333329,26.323550988541204,19.593115678125443,1690.0,285.0,995.0,975.9068843218748,19.093115678125443,3.0,998.0,2,3.0,285,132.99999985843897
b7_full,dqn_2048000,427,282.0,997.0,975.8535725370422,949.583333333332,26.270239203707717,21.146427462958993,1578.0,281.0,994.0,972.1869058703755,21.81309412962566,4.0,998.0,2,3.0,281,129.69999983906746
b7_full,dqn_2048000,428,286.0,996.0,991.4367894991827,956.2499999999984,35.1867894991818,4.563210500818199,1461.0,285.0,992.0,988.3891704515637,3.610829548437247,6.0,998.0,2,4.0,285,132.4999998509884
b7_full,dqn_2048000,429,287.0,1001.0,1000.2260355959984,963.958333333332,36.26770226266455,0.7739644040021068,1555.0,286.0,996.0,996.4760355959984,-0.47603559599789325,4.0,1000.0,0,5.0,286,132.19999983906746
b7_full,dqn_2048000,430,295.0,1007.0,1014.5662937845879,984.7916666666655,29.774627117920264,-7.566293784586966,1581.0,294.0,1000.0,1010.9141198715444,-10.914119871543488,0.0,1000.0,0,7.0,294,135.799999833107
b7_full,dqn_2048000,431,294.0,1001.0,1010.4452375213,980.416666666665,30.028570854632548,-9.445237521299227,1752.0,293.0,997.0,1006.7179647940272,-9.7179647940265,2.0,999.0,1,4.0,293,135.8999998420477
b7_full,dqn_2048000,432,294.0,991.0,1013.8736319731267,978.3333333333318,35.54029863979216,-22.873631973125512,1550.0,293.0,988.0,1010.3111319731267,-22.311131973125512,10.0,998.0,2,3.0,293,135.299999833107
b7_full,dqn_2048000,433,296.0,1002.0,1018.1602372956468,994.7916666666652,23.36857062897913,-16.16023729564583,1723.0,295.0,999.0,1014.1602372956468,-15.16023729564583,0.0,999.0,1,3.0,295,136.8999998420477
b7_full,dqn_2048000,434,285.0,1004.0,982.8892634711208,951.0416666666661,31.84759680445336,21.110736528879954,1621.0,284.0,999.0,979.2225968044542,19.777403195546622,0.0,999.0,1,5.0,284,131.79999984800816
b7_full,dqn_2048000,435,299.0,1004.0,1026.4720413296945,992.4999999999984,33.97204132969372,-22.47204132969376,1611.0,298.0,996.0,1022.0831524408056,-26.08315244080487,1.0,997.0,3,8.0,298,137.69999983161688
b7_full,dqn_2048000,436,307.0,1002.0,1043.6648241137586,1011.4583333333322,32.206490780424005,-41.66482411375733,1584.0,306.0,998.0,1040.1648241137586,-42.16482411375733,2.0,1000.0,0,4.0,306,140.79999981820583
b7_full,dqn_2048000,437,293.0,989.0,1004.1046516319271,975.833333333332,28.27131829859312,-15.104651631926506,1623.0,292.0,984.0,1001.2864698137453,-17.286469813744688,12.0,996.0,4,5.0,292,135.79999984800816
b7_full,dqn_2048000,438,289.0,998.0,986.2454717540958,959.3749999999987,26.870471754095036,11.75452824590493,1603.0,288.0,995.0,983.4272899359139,11.572710064086749,4.0,999.0,1,3.0,288,133.59999984502792
b7_full,dqn_2048000,439,305.0,998.0,1050.4403333540363,1022.0833333333319,28.35700002070138,-52.440333354034685,1804.0,304.0,994.0,1047.96664914351,-53.96664914350837,4.0,998.0,2,4.0,304,141.19999983906746
b7_full,dqn_2048000,440,282.0,1001.0,979.208827329586,946.0416666666654,33.16716066291881,21.791172670414568,1396.0,281.0,996.0,976.208827329586,19.791172670414568,2.0,998.0,2,5.0,281,128.49999982118607
b7_full,dqn_2048000,441,279.0,1001.0,971.4620476259887,936.0416666666655,35.42038095932124,29.537952374012093,1339.0,278.0,996.0,967.9382381021792,28.06176189782162,3.0,999.0,1,5.0,278,127.09999982267618
b7_full,dqn_2048000,442,292.0,997.0,1016.3684022708428,984.7916666666654,31.576735604175347,-19.36840227084201,1522.0,291.0,992.0,1013.3207832232238,-21.320783223222964,6.0,998.0,2,5.0,291,133.29999981820583
b7_full,dqn_2048000,443,284.0,996.0,992.6597706441353,957.9166666666652,34.74310397746759,3.3402293558657288,1442.0,283.0,991.0,988.1860864336089,2.8139135663920447,5.0,996.0,4,5.0,283,130.19999983161688
b7_full,dqn_2048000,444,289.0,998.0,1001.3615763093801,977.7083333333321,23.653242976045473,-3.361576309378834,1693.0,288.0,994.0,997.8352605199065,-3.83526051990515,4.0,998.0,2,4.0,288,133.59999984502792
b7_full,dqn_2048000,445,281.0,999.0,958.8390985368194,935.2083333333325,23.630765203485257,40.16090146318142,1590.0,280.0,991.0,954.4300076277285,36.569992372272324,2.0,993.0,7,8.0,280,128.59999983012676
b7_full,dqn_2048000,446,282.0,1005.0,975.2716599780485,939.7916666666657,35.47999331138043,29.72834002195291,1462.0,281.0,998.0,971.5874494517327,26.4125505482687,0.0,998.0,2,7.0,281,129.299999833107
b7_full,dqn_2048000,447,300.0,1001.0,1019.5831170719408,1003.1249999999983,16.458117071939594,-18.583117071939597,1866.0,299.0,1000.0,1016.0831170719408,-16.083117071939597,0.0,1000.0,0,1.0,299,140.89999987185
b7_full,dqn_2048000,448,294.0,999.0,1009.3255551662196,976.4583333333318,32.86722183288508,-10.325555166218441,1598.0,293.0,993.0,1004.6413446399038,-11.641344639902652,2.0,995.0,5,6.0,293,135.09999983012676
b7_full,dqn_2048000,449,289.0,998.0,1016.0371939596666,974.3749999999983,41.66219395966499,-18.037193959665018,1588.0,288.0,993.0,1012.0996939596666,-19.099693959665018,5.0,998.0,2,5.0,288,132.09999982267618
b7_full,dqn_2048000,450,303.0,1000.0,1044.5220005968454,1012.2916666666654,32.23033393017741,-44.52200059684405,1652.0,302.0,997.0,1042.0483163863191,-45.04831638631774,3.0,1000.0,0,3.0,302,138.69999981671572
b7_full,dqn_2048000,451,301.0,1002.0,1034.2962841730453,1003.3333333333318,30.962950839710782,-32.29628417304414,1585.0,300.0,997.0,1030.6120736467294,-33.612073646728355,2.0,999.0,1,5.0,300,138.1999998241663
b7_full,dqn_2048000,452,294.0,1001.0,1012.4990425093678,983.5416666666653,28.957375842700223,-11.499042509366912,1596.0,293.0,995.0,1008.771769782095,-13.771769782094186,0.0,995.0,5,6.0,293,135.69999983906746
b7_full,dqn_2048000,453,284.0,1000.0,981.5441842979276,953.1249999999984,28.419184297926364,18.455815702073608,1590.0,283.0,995.0,977.8169115706548,17.183088429346334,4.0,999.0,1,5.0,283,131.29999984800816
b7_full,dqn_2048000,454,292.0,993.0,1006.1808359795045,974.5833333333317,31.59750264617,-13.180835979503353,1686.0,291.0,989.0,1001.4308359795045,-12.430835979503353,8.0,997.0,3,4.0,291,135.4999998509884
b7_full,dqn_2048000,455,287.0,995.0,979.4121991398697,956.8749999999987,22.5371991398694,15.587800860130583,1533.0,286.0,992.0,976.3667445944152,15.633255405585128,7.0,999.0,1,3.0,286,131.49999982863665
b7_full,dqn_2048000,456,285.0,996.0,992.7681859707886,956.2499999999985,36.518185970787236,3.231814029212736,1220.0,284.0,992.0,989.0839754444728,2.9160245555285256,6.0,998.0,2,4.0,284,128.59999980032444
b7_full,dqn_2048000,457,294.0,1002.0,1012.8406072842391,980.8333333333318,32.00727395090362,-10.84060728423697,1506.0,293.0,995.0,1008.3406072842391,-13.34060728423697,4.0,999.0,1,7.0,293,134.89999982714653
b7_full,dqn_2048000,458,282.0,994.0,972.8752817690539,949.9999999999992,22.87528176905279,21.124718230947202,1598.0,281.0,991.0,970.0657579595301,20.934242040471013,9.0,1000.0,0,3.0,281,129.79999984055758
b7_full,dqn_2048000,459,285.0,998.0,982.5128003825656,951.0416666666656,31.47113371589743,15.487199617435863,1555.0,284.0,994.0,978.8128003825656,15.187199617435862,5.0,999.0,1,4.0,284,131.29999984055758
b7_full,dqn_2048000,460,287.0,1001.0,990.6191817991561,951.4583333333323,39.1608484658205,10.380818200846143,1338.0,286.0,998.0,987.419181799156,10.580818200846144,2.0,1000.0,0,3.0,286,131.99999983608723
b7_full,dqn_2048000,461,290.0,996.0,1001.8642125347477,967.708333333332,34.155879201413576,-5.864212534746913,1551.0,289.0,992.0,998.1023077728429,-6.102307772842151,5.0,997.0,3,4.0,289,133.19999983161688
b7_full,dqn_2048000,462,279.0,998.0,989.6497921271175,955.2083333333313,34.441458793782424,8.350207872884216,1444.0,278.0,990.0,985.3454443010305,4.654555698971171,4.0,994.0,6,8.0,278,129.39999985694885
b7_full,dqn_2048000,463,303.0,1000.0,1053.031847244828,1011.8749999999984,41.15684724482677,-53.03184724482672,1498.0,302.0,996.0,1048.5556567686376,-52.55565676863625,2.0,998.0,2,4.0,302,138.19999980926514
b7_full,dqn_2048000,464,276.0,1000.0,964.061759167271,931.458333333332,32.60342583393631,35.93824083273034,1418.0,275.0,998.0,960.8852885790358,37.114711420965634,2.0,1000.0,0,2.0,275,126.69999983906746
b7_full,dqn_2048000,465,300.0,995.0,1030.9428371287715,991.8749999999991,39.067837128770606,-35.94283712877064,1604.0,299.0,991.0,1027.1809323668667,-36.18093236686588,8.0,999.0,1,4.0,299,135.69999979436398
b7_full,dqn_2048000,466,296.0,998.0,1026.950503778241,985.4166666666657,41.53383711157299,-28.950503778239685,1503.0,295.0,994.0,1023.2232310509684,-29.22323105096696,4.0,998.0,2,4.0,295,135.6999998241663
b7_full,dqn_2048000,467,284.0,996.0,988.6351465315036,957.7083333333323,30.926813198168677,7.364853468498001,1431.0,283.0,991.0,984.6351465315036,6.364853468498001,6.0,997.0,3,5.0,283,130.299999833107
b7_full,dqn_2048000,468,297.0,999.0,1019.5986520955394,991.6666666666648,27.931985428870938,-20.598652095537606,1545.0,296.0,992.0,1015.4557949526823,-23.455794952680463,5.0,997.0,3,7.0,296,136.2999998256564
b7_full,dqn_2048000,469,308.0,996.0,1058.3084449286764,1020.4166666666655,37.89177826200811,-62.308444928674724,1571.0,307.0,993.0,1054.5811722014037,-61.581172201402,6.0,999.0,1,3.0,307,141.0999998152256
b7_full,dqn_2048000,470,297.0,993.0,1028.1785824099861,991.041666666665,37.136915743317985,-35.17858240998465,1561.0,296.0,991.0,1025.9119157433195,-34.911915743317984,9.0,1000.0,0,2.0,296,135.89999981969595
b7_full,dqn_2048000,471,301.0,1002.0,1011.3758905691394,993.1249999999983,18.250890569138296,-9.375890569138306,1824.0,300.0,998.0,1006.8758905691394,-8.875890569138306,2.0,1000.0,0,4.0,300,139.59999984502792
b7_full,dqn_2048000,472,285.0,1002.0,988.7791105134838,957.0833333333317,31.69577718014923,13.220889486517452,1322.0,284.0,996.0,985.2791105134838,10.720889486517452,0.0,996.0,4,6.0,284,130.1999998241663
b7_full,dqn_2048000,473,291.0,998.0,1008.7056739812002,977.7083333333319,30.997340647865574,-10.705673981198926,1594.0,290.0,992.0,1004.7056739812002,-12.705673981198926,5.0,997.0,3,6.0,290,134.89999984949827
b7_full,dqn_2048000,474,287.0,1000.0,1000.6351118041874,965.2083333333317,35.426778470852334,-0.6351118041857049,1397.0,286.0,996.0,997.4208260899018,-1.4208260898999905,4.0,1000.0,0,4.0,286,132.79999984800816
b7_full,dqn_2048000,475,278.0,990.0,964.5529923873945,931.6666666666656,32.88632572072636,25.447007612606956,1313.0,277.0,985.0,960.8257196601218,24.174280339879683,11.0,996.0,4,5.0,277,126.39999981969595
b7_full,dqn_2048000,476,294.0,1001.0,1013.6362476134952,986.458333333332,27.177914280160532,-12.636247613493877,1735.0,293.0,995.0,1010.5886285658762,-15.58862856587483,4.0,999.0,1,6.0,293,136.29999984800816
b7_full,dqn_2048000,477,299.0,999.0,1031.4780293727392,994.3749999999984,37.103029372737566,-32.478029372737616,1571.0,298.0,995.0,1028.6780293727393,-33.67802937273762,4.0,999.0,1,4.0,298,137.1999998241663
b7_full,dqn_2048000,478,295.0,1002.0,1024.3776884560464,993.5416666666646,30.83602178937855,-22.37768845604518,1522.0,294.0,1000.0,1022.2665773449353,-22.26657734493407,0.0,1000.0,0,2.0,294,134.39999981224537
b7_full,dqn_2048000,479,285.0,998.0,984.5941223644523,949.3749999999993,35.219122364451444,13.405877635548531,1593.0,284.0,996.0,982.1274556977856,13.872544302215198,4.0,1000.0,0,2.0,284,130.99999983608723
b7_full,dqn_2048000,480,285.0,1001.0,998.7419324255719,965.416666666665,33.32526575890417,2.258067574429141,1552.0,284.0,995.0,994.5752657589053,0.42473424109580815,3.0,998.0,2,6.0,284,132.6999998614192
b7_full,dqn_2048000,481,287.0,1000.0,993.2131768399499,971.249999999999,21.96317683994859,6.786823160051393,1847.0,286.0,995.0,990.2131768399499,4.786823160051393,2.0,997.0,3,5.0,286,132.9999998509884
b7_full,dqn_2048000,482,294.0,1003.0,1012.179568894897,988.7499999999984,23.42956889489563,-9.179568894895644,1696.0,293.0,997.0,1007.7033784187065,-10.703378418705167,0.0,997.0,3,6.0,293,135.09999983012676
b7_full,dqn_2048000,483,283.0,999.0,970.3275762223311,945.4166666666662,24.91090955566321,28.67242377767011,1501.0,282.0,997.0,965.7486288539101,31.251371146091163,2.0,999.0,1,2.0,282,130.79999984800816
b7_full,dqn_2048000,484,289.0,996.0,991.6682834203021,966.8749999999982,24.79328342030082,4.33171657969915,1555.0,288.0,994.0,989.077374329393,4.922625670608241,6.0,1000.0,0,2.0,288,133.19999983906746
b7_full,dqn_2048000,485,297.0,997.0,1014.1292139136204,991.4583333333317,22.670880580286266,-17.12921391361961,1872.0,296.0,989.0,1009.5502665451994,-20.550266545198557,8.0,997.0,3,8.0,296,137.79999984800816
b7_full,dqn_2048000,486,285.0,997.0,1002.1003834942533,962.7083333333318,39.392050160918764,-5.100383494252116,1297.0,284.0,993.0,997.7114946053644,-4.711494605363226,4.0,997.0,3,4.0,284,130.39999982714653
b7_full,dqn_2048000,487,286.0,1004.0,998.6060241858777,968.9583333333319,29.647690852543434,5.3939758141232215,1465.0,285.0,996.0,994.2171352969888,1.7828647030121108,4.0,1000.0,0,8.0,285,132.89999985694885
b7_full,dqn_2048000,488,299.0,1008.0,1031.5831913838558,1000.2083333333313,31.374858050521002,-23.58319138385432,1645.0,298.0,1000.0,1027.1165247171891,-27.11652471718765,0.0,1000.0,0,8.0,298,137.799999833107
b7_full,dqn_2048000,489,298.0,1001.0,1026.399276807346,994.5833333333319,31.815943474011483,-25.39927680734481,1753.0,297.0,997.0,1022.7564196644888,-25.756419664487666,2.0,999.0,1,4.0,297,138.89999985694885
b7_full,dqn_2048000,490,285.0,998.0,971.5176912289569,956.8749999999994,14.642691228956185,26.482308771043755,1753.0,284.0,992.0,967.8706324054275,24.129367594573168,4.0,996.0,4,6.0,284,131.9999998509884
b7_full,dqn_2048000,491,293.0,1001.0,1002.9785542494417,975.833333333332,27.145220916106943,-1.9785542494402963,1597.0,292.0,997.0,999.9785542494417,-2.9785542494402963,3.0,1000.0,0,4.0,292,134.8999998345971
b7_full,dqn_2048000,492,283.0,1003.0,990.6644560915756,961.666666666665,28.997789424907793,12.335543908425528,1654.0,282.0,996.0,986.1882656153851,9.811734384616004,0.0,996.0,4,7.0,282,130.9999998509884
b7_full,dqn_2048000,493,283.0,1001.0,970.5187942796741,939.5833333333319,30.93546094633889,30.481205720327765,1565.0,282.0,998.0,966.1299053907852,31.870094609216654,2.0,1000.0,0,3.0,282,131.99999986588955
b7_full,dqn_2048000,494,299.0,999.0,1034.4491878038673,1004.9999999999983,29.449187803865367,-35.449187803865364,1702.0,298.0,994.0,1031.666579108215,-37.66657910821319,4.0,998.0,2,5.0,298,138.9999998509884
b7_full,dqn_2048000,495,294.0,1000.0,1016.4298578599438,984.5833333333313,31.8465245266093,-16.429857859942658,1478.0,293.0,996.0,1013.0769166834732,-17.07691668347207,2.0,998.0,2,4.0,293,134.49999982118607
b7_full,dqn_2048000,496,306.0,1004.0,1049.0446630876952,1021.6666666666654,27.377996421027063,-45.04466308769376,1673.0,305.0,1000.0,1046.2668853099174,-46.266885309915985,0.0,1000.0,0,4.0,305,142.29999984800816
b7_full,dqn_2048000,497,284.0,992.0,979.5950163658306,951.041666666666,28.553349699163387,12.404983634169941,1634.0,283.0,988.0,975.6719394427537,12.328060557246864,10.0,998.0,2,4.0,283,130.49999983608723
b7_full,dqn_2048000,498,287.0,998.0,987.0321369392054,962.4999999999984,24.532136939203813,10.967863060796168,1642.0,286.0,994.0,983.8446369392054,10.155363060796168,6.0,1000.0,0,4.0,286,133.59999985992908
b7_full,dqn_2048000,499,284.0,994.0,990.0308480120493,954.3749999999981,35.655848012048345,3.9691519879516255,1414.0,283.0,992.0,986.5960654033537,5.403934596647278,7.0,999.0,1,2.0,283,129.59999982267618
b11_full,direct,0,154.0,1001.0,966.4256352867799,944.8874999999999,21.538135286779465,34.57436471322052,1608.0,153.0,998.0,959.8127320609734,38.18726793902697,0.0,998.0,2,3.0,153,72.29999993741512
b11_full,direct,1,160.0,1004.0,993.2751065928757,969.4125000000003,23.86260659287488,10.724893407125116,1493.0,159.0,997.0,987.7902581080272,9.2097418919736,0.0,997.0,3,7.0,159,75.89999994635582
b11_full,direct,2,156.0,1005.0,985.0926591204546,955.6875,29.40515912045453,19.907340879545465,1259.0,155.0,996.0,979.9676591204546,16.032340879545465,0.0,996.0,4,9.0,155,73.69999994337559
b11_full,direct,3,165.0,1001.0,1018.329487535682,989.55,28.779487535681987,-17.329487535681988,1645.0,164.0,998.0,1013.4765463592114,-15.476546359211401,0.0,998.0,2,3.0,164,77.39999993145466
b11_full,direct,4,169.0,1007.0,1033.03255277363,1003.7249999999999,29.307552773629688,-26.032552773629693,1393.0,168.0,1000.0,1027.5000852411624,-27.50008524116216,0.0,1000.0,0,7.0,168,79.79999993741512
b11_full,direct,5,152.0,1004.0,971.3864801989145,943.6499999999999,27.736480198914105,32.613519801085886,1355.0,151.0,997.0,965.6557109681452,31.34428903185512,0.0,997.0,3,7.0,151,70.69999992847443
b11_full,direct,6,156.0,1002.0,979.9241299806041,952.5375000000001,27.386629980604148,22.075870019395854,1236.0,155.0,996.0,973.8396229383505,22.160377061649374,0.0,996.0,4,6.0,155,72.89999993145466
b11_full,direct,7,155.0,1006.0,966.8610861760664,938.5875,28.27358617606705,39.13891382393297,1426.0,154.0,997.0,960.9315087112776,36.068491288721695,0.0,997.0,3,9.0,154,73.19999994337559
b11_full,direct,8,158.0,1001.0,979.4474489423877,954.5624999999998,24.884948942388107,21.552551057611897,1356.0,157.0,993.0,973.6474489423878,19.352551057611898,0.0,993.0,7,8.0,157,74.69999994337559
b11_full,direct,9,162.0,1005.0,1001.8738319479976,973.4624999999997,28.411331947996864,3.1261680520031474,1294.0,161.0,995.0,994.0643081384737,0.9356918615269567,0.0,995.0,5,10.0,161,75.69999992847443
b11_full,direct,10,176.0,1009.0,1075.3351100280029,1044.8999999999999,30.435110028003002,-66.33511002800303,1330.0,175.0,1000.0,1069.1267766946696,-69.1267766946697,0.0,1000.0,0,9.0,175,83.09999993443489
b11_full,direct,11,166.0,1002.0,1059.3946529220154,1032.8625,26.532152922015484,-57.39465292201548,1396.0,165.0,998.0,1050.9999160799102,-52.999916079910214,0.0,998.0,2,4.0,165,78.49999994039536
b11_full,direct,12,162.0,1003.0,1006.2889240249054,978.1874999999998,28.101424024905068,-3.2889240249050697,1050.0,161.0,997.0,1001.5889240249054,-4.58892402490507,0.0,997.0,3,6.0,161,74.69999991357327
b11_full,direct,13,165.0,1003.0,1035.1539059194283,1004.5124999999997,30.64140591942832,-32.15390591942831,1322.0,164.0,997.0,1027.5482721166113,-30.548272116611408,0.0,997.0,3,6.0,164,77.59999993443489
b11_full,direct,14,158.0,1003.0,986.357218482466,959.5124999999999,26.844718482466114,16.64278151753389,1251.0,157.0,995.0,978.0437856466451,16.956214353354788,0.0,995.0,5,8.0,157,74.49999994039536
b11_full,direct,15,159.0,1003.0,995.5961887976573,966.0375,29.558688797657656,7.403811202342359,1484.0,158.0,998.0,989.4271747131503,8.572825286849401,0.0,998.0,2,5.0,158,73.9999999254942
b11_full,direct,16,166.0,1008.0,1023.7543096483871,997.0874999999996,26.666809648387343,-15.754309648387373,1726.0,165.0,999.0,1017.677386571464,-18.677386571464297,0.0,999.0,1,9.0,165,77.89999993145466
b11_full,direct,17,165.0,1003.0,1026.9979605968574,1002.2625000000003,24.735460596857827,-23.997960596857837,1581.0,164.0,1000.0,1020.9979605968575,-20.997960596857837,0.0,1000.0,0,3.0,164,76.59999991953373
b11_full,direct,18,161.0,1003.0,995.5473644462403,964.9125000000001,30.63486444623993,7.4526355537600635,1411.0,160.0,993.0,989.0996032522105,3.900396747789914,0.0,993.0,7,10.0,160,76.59999994933605
b11_full,direct,19,166.0,1007.0,1030.180581244761,998.8874999999997,31.293081244760415,-23.18058124476045,1159.0,165.0,997.0,1022.6298566070798,-25.62985660707929,0.0,997.0,3,10.0,165,76.8999999165535
b11_full,direct,20,163.0,1004.0,1014.1912784694192,984.7124999999999,29.478778469418977,-10.191278469418963,1379.0,162.0,997.0,1007.6528169309577,-10.652816930957425,0.0,997.0,3,7.0,162,76.79999993741512
b11_full,direct,21,164.0,1006.0,1019.9711621322417,990.1124999999996,29.85866213224175,-13.971162132241748,1008.0,163.0,1000.0,1014.9711621322417,-14.971162132241748,0.0,1000.0,0,6.0,163,76.29999992251396
b11_full,direct,22,164.0,1001.0,1012.5276861475846,983.925,28.6026861475845,-11.5276861475845,1696.0,163.0,997.0,1007.0189142177601,-10.018914217759939,0.0,997.0,3,4.0,163,77.89999994635582
b11_full,direct,23,161.0,1005.0,998.0978811912884,969.4125000000001,28.685381191288037,6.902118808711959,1271.0,160.0,994.0,990.4922473884715,3.5077526115288604,0.0,994.0,6,11.0,160,76.19999994337559
b11_full,direct,24,161.0,1009.0,1013.1921335079833,985.5000000000001,27.692133507983712,-4.192133507983705,1301.0,160.0,1000.0,1006.1784348778463,-6.178434877846719,0.0,1000.0,0,9.0,160,75.79999993741512
b11_full,direct,25,158.0,1005.0,974.1986534560813,945.9000000000001,28.298653456080523,30.801346543919458,1057.0,157.0,994.0,966.5770318344596,27.42296816554108,0.0,994.0,6,11.0,157,73.69999992847443
b11_full,direct,26,172.0,1003.0,1055.3114371955458,1029.4875000000004,25.82393719554488,-52.31143719554489,1561.0,171.0,999.0,1048.644770528879,-49.644770528878226,0.0,999.0,1,4.0,171,80.69999992847443
b11_full,direct,27,166.0,1002.0,1029.7131869739787,1000.5749999999998,29.138186973979053,-27.713186973979038,1455.0,165.0,1000.0,1024.4516485124402,-24.451648512440578,0.0,1000.0,0,2.0,165,77.89999993145466
b11_full,direct,28,172.0,1001.0,1059.1614461719157,1027.6875,31.473946171914882,-58.16144617191487,1252.0,171.0,996.0,1052.248402693655,-56.248402693654,0.0,996.0,4,5.0,171,80.89999993145466
b11_full,direct,29,157.0,1011.0,967.3960560713127,939.8249999999999,27.571056071312864,43.60394392868714,1175.0,156.0,1000.0,958.9030983248339,41.09690167516601,0.0,1000.0,0,11.0,156,73.39999993145466
b11_full,direct,30,158.0,1002.0,982.0871643879193,953.7750000000001,28.312164387919672,19.912835612080322,1178.0,157.0,996.0,975.5601373608923,20.43986263910735,0.0,996.0,4,6.0,157,73.69999992847443
b11_full,direct,31,159.0,1002.0,989.7657369321151,960.0749999999999,29.690736932115144,12.234263067884848,1287.0,158.0,988.0,982.7657369321151,5.234263067884848,0.0,988.0,12,14.0,158,73.9999999254942
b11_full,direct,32,160.0,1003.0,987.8436485964884,961.0875,26.756148596488718,15.156351403511291,1144.0,159.0,995.0,982.1942979471378,12.80570205286194,0.0,995.0,5,8.0,159,75.09999993443489
b11_full,direct,33,162.0,1003.0,1027.9420447128734,1002.375,25.56704471287357,-24.94204471287355,1369.0,161.0,992.0,1021.0912984442167,-29.091298444216832,0.0,992.0,8,11.0,161,76.09999993443489
b11_full,direct,34,159.0,1002.0,1001.8252455134681,971.4374999999997,30.387745513467713,0.17475448653227943,1187.0,158.0,1000.0,996.2556252603035,3.7443747396968368,0.0,1000.0,0,2.0,158,73.79999992251396
b11_full,direct,35,152.0,1009.0,949.9467978153499,924.8625000000002,25.084297815349313,59.05320218465063,1258.0,151.0,999.0,943.4083362768883,55.59166372311217,0.0,999.0,1,10.0,151,71.49999994039536
b11_full,direct,36,158.0,1001.0,998.1470086540951,969.3000000000002,28.847008654094882,2.852991345905144,1221.0,157.0,994.0,991.3858146242443,2.6141853757558904,0.0,994.0,6,7.0,157,74.29999993741512
b11_full,direct,37,160.0,1004.0,993.7717584707582,965.5874999999997,28.184258470758003,10.228241529241988,1292.0,159.0,1000.0,987.2717584707582,12.728241529241988,0.0,1000.0,0,4.0,159,75.49999994039536
b11_full,direct,38,154.0,1002.0,978.6691624925936,950.1750000000001,28.494162492593645,23.330837507406386,1123.0,153.0,1000.0,971.9338683749465,28.066131625053444,0.0,1000.0,0,2.0,153,71.89999993145466
b11_full,direct,39,158.0,1009.0,992.0184613079527,963.3374999999997,28.680961307951836,16.981538692048172,1146.0,157.0,999.0,983.5255035614739,15.474496438527046,0.0,999.0,1,10.0,157,74.09999993443489
b11_full,direct,40,158.0,1001.0,990.1718953646089,961.0875000000002,29.084395364608774,10.828104635391231,1424.0,157.0,994.0,984.9446226373361,9.055377362663958,0.0,994.0,6,7.0,157,74.09999993443489
b11_full,direct,41,162.0,1004.0,996.1233367701951,970.1999999999998,25.92333677019515,7.876663229804851,1392.0,161.0,992.0,988.6389617701951,3.3610382298048513,0.0,992.0,8,12.0,161,76.09999993443489
b11_full,direct,42,165.0,1006.0,1012.026600954379,984.6000000000004,27.42660095437916,-6.026600954379181,1326.0,164.0,997.0,1006.8727548005328,-9.872754800533027,0.0,997.0,3,9.0,164,77.39999993145466
b11_full,direct,43,158.0,1010.0,997.1255476438387,963.7875,33.3380476438378,12.874452356162212,1391.0,157.0,997.0,988.6255476438387,8.374452356162212,0.0,997.0,3,13.0,157,73.4999999254942
b11_full,direct,44,156.0,1012.0,982.6705197842159,958.0500000000002,24.620519784215748,29.329480215784248,1436.0,155.0,999.0,975.3736447842159,23.626355215784248,0.0,999.0,1,13.0,155,72.89999993145466
b11_full,direct,45,156.0,1004.0,952.7505774206136,931.7249999999997,21.025577420613583,51.24942257938636,1555.0,155.0,998.0,947.5967312667674,50.403268733232515,0.0,998.0,2,6.0,155,73.29999993741512
b11_full,direct,46,153.0,1009.0,962.1829995628783,935.3249999999997,26.857999562878547,46.81700043712147,1303.0,152.0,1000.0,956.3173279210872,43.68267207891252,0.0,1000.0,0,9.0,152,71.59999993443489
b11_full,direct,47,174.0,1008.0,1070.7680412287941,1037.1375000000007,33.63054122879389,-62.768041228793884,1615.0,173.0,1000.0,1064.031199123531,-64.03119912353073,0.0,1000.0,0,8.0,173,80.8999999165535
b11_full,direct,48,166.0,1001.0,1018.3986571585226,987.9750000000003,30.42365715852215,-17.398657158522163,1255.0,165.0,999.0,1012.783272543138,-13.783272543137548,0.0,999.0,1,2.0,165,77.4999999254942
b11_full,direct,49,157.0,1005.0,981.5601651669424,956.0249999999994,25.53516516694217,23.439834833057823,1806.0,156.0,992.0,972.9425181081189,19.057481891881352,0.0,992.0,8,13.0,156,73.79999993741512
b11_full,direct,50,164.0,1005.0,1019.6172461240495,992.7,26.91724612404954,-14.617246124049544,1370.0,163.0,998.0,1014.2315318383353,-16.231531838335258,0.0,998.0,2,7.0,163,76.29999992251396
b11_full,direct,51,167.0,1004.0,1029.394033331293,997.1999999999998,32.19403333129215,-25.39403333129214,1378.0,166.0,991.0,1022.6132114134848,-31.61321141348392,0.0,991.0,9,13.0,166,78.39999993145466
b11_full,direct,52,170.0,1003.0,1054.750143580972,1026.2249999999995,28.525143580971683,-51.75014358097171,1487.0,169.0,999.0,1049.0665992771746,-50.06659927717424,0.0,999.0,1,4.0,169,80.09999993443489
b11_full,direct,53,153.0,1002.0,973.9712910591767,945.5625,28.408791059176224,28.028708940823808,1364.0,152.0,998.0,967.464044682365,30.535955317635402,0.0,998.0,2,4.0,152,72.39999994635582
b11_full,direct,54,160.0,1003.0,1017.1142329716255,987.5250000000001,29.589232971625325,-14.114232971625327,1394.0,159.0,997.0,1010.4603868177793,-13.460386817779174,0.0,997.0,3,6.0,159,74.29999992251396
b11_full,direct,55,157.0,1006.0,980.0386107131252,952.875,27.163610713125387,25.96138928687459,1272.0,156.0,996.0,973.2886107131252,22.71138928687459,0.0,996.0,4,10.0,156,73.99999994039536
b11_full,direct,56,171.0,1005.0,1071.7689112574908,1038.1500000000003,33.61891125749114,-66.76891125749113,1552.0,170.0,1000.0,1066.500254541073,-66.50025454107322,0.0,1000.0,0,5.0,170,80.59999993443489
b11_full,direct,57,173.0,1004.0,1065.2085185547464,1033.8749999999995,31.33351855474615,-61.208518554746156,1331.0,172.0,1000.0,1059.5591679053957,-59.559167905395505,0.0,1000.0,0,4.0,172,80.79999992251396
b11_full,direct,58,160.0,1007.0,991.3765240927648,965.4750000000004,25.9015240927645,15.623475907235491,1093.0,159.0,999.0,985.5870504085543,13.412949591446019,0.0,999.0,1,8.0,159,75.89999994635582
b11_full,direct,59,165.0,1001.0,1023.9772931412393,991.8,32.17729314123881,-22.977293141238807,1560.0,164.0,995.0,1019.0249121888584,-24.024912188857854,0.0,995.0,5,6.0,164,77.59999993443489
b11_full,direct,60,163.0,1008.0,1007.5347772200516,978.7499999999997,28.78477722005178,0.4652227799482409,1649.0,162.0,999.0,1001.3436007494633,-2.3436007494635236,0.0,999.0,1,9.0,162,76.79999993741512
b11_full,direct,61,156.0,1003.0,965.382302776029,935.7749999999997,29.607302776028803,37.61769722397119,1234.0,155.0,996.0,959.7247685294536,36.27523147054654,0.0,996.0,4,7.0,155,72.89999993145466
b11_full,direct,62,154.0,1006.0,981.4340891717695,958.8375,22.596589171769505,24.565910828230496,1763.0,153.0,999.0,975.6395686238243,23.3604313761757,0.0,999.0,1,7.0,153,72.69999994337559
b11_full,direct,63,164.0,1001.0,1009.9722846956364,981.5625000000001,28.409784695636386,-8.972284695636384,1558.0,163.0,990.0,1002.5798796323453,-12.579879632345245,0.0,990.0,10,11.0,163,76.69999992847443
b11_full,direct,64,168.0,1010.0,1030.3481078111956,998.9999999999998,31.3481078111953,-20.348107811195305,1289.0,167.0,997.0,1023.4657548700192,-26.465754870018834,0.0,997.0,3,13.0,167,78.29999992251396
b11_full,direct,65,162.0,1003.0,1003.1641678830952,972.9000000000002,30.264167883094807,-0.16416788309479458,1273.0,161.0,995.0,997.0041678830952,-2.0041678830947944,0.0,995.0,5,8.0,161,75.89999993145466
b11_full,direct,66,155.0,1009.0,959.716241414191,934.0875000000002,25.62874141419053,49.28375858580945,1328.0,154.0,996.0,951.5263679964695,44.47363200353097,0.0,996.0,4,13.0,154,72.99999994039536
b11_full,direct,67,159.0,1002.0,975.6443665796636,952.9874999999998,22.656866579663685,26.355633420336297,1299.0,158.0,998.0,970.4365743718714,27.563425628128506,0.0,998.0,2,4.0,158,73.9999999254942
b11_full,direct,68,166.0,1008.0,1019.5721146559688,993.0374999999998,26.534614655969037,-11.572114655969052,1528.0,165.0,998.0,1012.7578289416831,-14.75782894168334,0.0,998.0,2,10.0,165,78.29999993741512
b11_full,direct,69,154.0,1003.0,978.7717854370379,955.5750000000003,23.196785437038216,24.228214562961767,1162.0,153.0,994.0,971.1501638154162,22.84983618458339,0.0,994.0,6,9.0,153,72.09999993443489
b11_full,direct,70,163.0,1004.0,1024.9211239043843,993.3749999999997,31.5461239043843,-20.92112390438428,1046.0,162.0,997.0,1018.0983390942578,-21.0983390942577,0.0,997.0,3,7.0,162,75.9999999254942
b11_full,direct,71,165.0,1001.0,1023.0105481148731,993.0375000000005,29.973048114872597,-22.010548114872584,1310.0,164.0,991.0,1015.5490096533347,-24.549009653334124,0.0,991.0,9,10.0,164,76.3999999165535
b11_full,direct,72,159.0,1007.0,994.6367635769061,969.0749999999998,25.561763576906152,12.363236423093834,1449.0,158.0,997.0,986.7092273450221,10.290772654977893,0.0,997.0,3,10.0,158,74.79999993741512
b11_full,direct,73,162.0,1007.0,1000.9834528479446,972.4499999999999,28.53345284794356,6.0165471520564315,1242.0,161.0,994.0,994.8665697310614,-0.8665697310604514,0.0,994.0,6,13.0,161,76.09999993443489
b11_full,direct,74,174.0,1003.0,1068.045694348751,1035.7875000000004,32.25819434875074,-65.04569434875071,1340.0,173.0,992.0,1062.2483970514538,-70.24839705145342,0.0,992.0,8,11.0,173,82.09999993443489
b11_full,direct,75,165.0,1007.0,1013.7826079941258,991.8000000000001,21.98260799412605,-6.7826079941260495,1778.0,164.0,997.0,1008.2357329941258,-11.23573299412605,0.0,997.0,3,10.0,164,77.39999993145466
b11_full,direct,76,154.0,1002.0,984.5219960500017,955.2375000000003,29.28449605000156,17.478003949998442,1175.0,153.0,998.0,977.820697348703,20.179302651297142,0.0,998.0,2,4.0,153,71.4999999254942
b11_full,direct,77,151.0,1002.0,948.3027852897771,923.2875000000004,25.015285289777044,53.69721471022294,1332.0,150.0,996.0,943.1027852897771,52.89721471022294,0.0,996.0,4,6.0,150,70.99999994039536
b11_full,direct,78,155.0,1002.0,982.4315804051146,953.2125000000003,29.219080405115115,19.568419594884894,1146.0,154.0,994.0,974.7599386140698,19.24006138592967,0.0,994.0,6,8.0,154,72.39999993145466
b11_full,direct,79,157.0,1002.0,988.1001200472484,959.7375000000002,28.362620047247802,13.89987995275223,947.0,156.0,993.0,980.5806395277679,12.41936047223275,0.0,993.0,7,9.0,156,73.59999993443489
b11_full,direct,80,163.0,1002.0,999.2436290063042,973.8000000000001,25.44362900630436,2.756370993695654,1337.0,162.0,994.0,993.6836290063043,0.3163709936956538,0.0,994.0,6,8.0,162,75.79999992251396
b11_full,direct,81,155.0,1004.0,967.3674374941352,939.8250000000002,27.54243749413502,36.63256250586498,1218.0,154.0,999.0,960.713591340289,38.286408659711135,0.0,999.0,1,5.0,154,71.9999999254942
b11_full,direct,82,148.0,1001.0,951.612147734524,926.2125000000007,25.39964773452401,49.38785226547599,1496.0,147.0,995.0,944.737147734524,50.26285226547599,0.0,995.0,5,6.0,147,69.29999993741512
b11_full,direct,83,165.0,1001.0,1025.0087786511972,997.1999999999998,27.808778651197116,-24.00877865119711,1295.0,164.0,995.0,1018.4703171127358,-23.470317112735575,0.0,995.0,5,6.0,164,76.9999999254942
b11_full,direct,84,153.0,1002.0,950.4268174568881,924.9749999999996,25.451817456887703,51.57318254311231,1214.0,152.0,995.0,943.9268174568881,51.07318254311231,0.0,995.0,5,7.0,152,70.79999992251396
b11_full,direct,85,166.0,1008.0,1036.733646462415,1006.8749999999999,29.858646462415273,-28.73364646241525,1483.0,165.0,999.0,1031.1907893195578,-32.19078931955811,0.0,999.0,1,9.0,165,77.89999993145466
b11_full,direct,86,154.0,1002.0,963.3476499476279,934.8749999999997,28.472649947627872,38.652350052372114,967.0,153.0,990.0,956.3911282084975,33.60887179150255,0.0,990.0,10,12.0,153,71.09999991953373
b11_full,direct,87,157.0,1001.0,972.4341456756772,947.8124999999998,24.62164567567708,28.56585432432292,1310.0,156.0,997.0,967.2523274938591,29.747672506141104,0.0,997.0,3,4.0,156,73.19999992847443
b11_full,direct,88,160.0,1005.0,989.0798694393407,959.5124999999998,29.567369439340343,15.920130560659658,1313.0,159.0,996.0,983.0201679468033,12.979832053196972,0.0,996.0,4,9.0,159,74.69999992847443
b11_full,direct,89,164.0,1004.0,993.702067446807,969.3000000000001,24.402067446807074,10.297932553192933,1282.0,163.0,1000.0,987.7482212929608,12.251778707039087,0.0,1000.0,0,4.0,163,77.69999994337559
b11_full,direct,90,176.0,1005.0,1099.0290603905712,1065.2625,33.76656039057199,-94.02906039057197,1528.0,175.0,997.0,1091.695727057238,-94.69572705723864,0.0,997.0,3,8.0,175,83.29999993741512
b11_full,direct,91,166.0,1004.0,1032.9594558209214,1001.475,31.484455820921113,-28.959455820921097,1164.0,165.0,998.0,1026.7702666317323,-28.770266631731907,0.0,998.0,2,6.0,165,78.49999994039536
b11_full,direct,92,175.0,1002.0,1061.812057292446,1031.0625000000005,30.749557292444962,-59.81205729244492,1593.0,174.0,995.0,1056.312057292446,-61.31205729244492,0.0,995.0,5,7.0,174,81.19999991357327
b11_full,direct,93,173.0,1008.0,1069.1436743404747,1037.4750000000001,31.668674340474634,-61.143674340474654,1262.0,172.0,1000.0,1061.2345834313837,-61.23458343138375,0.0,1000.0,0,8.0,172,81.39999993145466
b11_full,direct,94,154.0,1001.0,962.6669548616828,935.6625,27.004454861682927,38.33304513831709,1314.0,153.0,995.0,957.5346019205064,37.46539807949356,0.0,995.0,5,6.0,153,72.09999993443489
b11_full,direct,95,150.0,1003.0,938.1781390476017,914.5124999999999,23.66563904760145,64.82186095239857,1370.0,149.0,999.0,932.7224428450701,66.27755715493021,0.0,999.0,1,4.0,149,70.69999994337559
b11_full,direct,96,163.0,1004.0,1031.4448597492506,1001.0249999999999,30.419859749250737,-27.44485974925072,1224.0,162.0,1000.0,1024.621330337486,-24.621330337486015,0.0,1000.0,0,4.0,162,76.19999992847443
b11_full,direct,97,162.0,1003.0,1001.7905920434714,972.7875,29.003092043471238,1.2094079565287856,1399.0,161.0,997.0,997.0330162858957,-0.033016285895456576,0.0,997.0,3,6.0,161,75.89999993145466
b11_full,direct,98,158.0,1004.0,976.3941480153852,948.6,27.79414801538556,27.60585198461442,1318.0,157.0,999.0,971.1886685633305,27.811331436669217,0.0,999.0,1,5.0,157,74.09999993443489
b11_full,direct,99,158.0,1003.0,986.5426139342391,959.4000000000003,27.142613934238973,16.45738606576101,1365.0,157.0,994.0,981.7366437849853,12.263356215014742,0.0,994.0,6,9.0,157,73.89999993145466
b11_full,direct,100,166.0,1003.0,1040.8697552295782,1010.9249999999998,29.94475522957809,-37.8697552295781,1422.0,165.0,1000.0,1033.9152097750327,-33.91520977503264,0.0,1000.0,0,3.0,165,77.4999999254942
b11_full,direct,101,152.0,1006.0,958.4122541689314,933.4125000000001,24.99975416893151,47.58774583106849,1417.0,151.0,995.0,951.8278385845158,43.17216141548408,0.0,995.0,5,11.0,151,71.49999994039536
b11_full,direct,102,174.0,1006.0,1062.322742031649,1033.6499999999996,28.67274203164842,-56.32274203164839,1251.0,173.0,999.0,1055.795715004622,-56.795715004621364,0.0,999.0,1,7.0,173,81.89999993145466
b11_full,direct,103,161.0,1001.0,1014.4207698476076,985.3874999999997,29.033269847607485,-13.420769847607488,1297.0,160.0,999.0,1007.6707698476076,-8.670769847607488,0.0,999.0,1,2.0,160,75.99999994039536
b11_full,direct,104,158.0,1003.0,991.0343664888319,962.4375000000003,28.596866488831747,11.96563351116825,1241.0,157.0,1000.0,985.0968664888319,14.90313351116825,0.0,1000.0,0,3.0,157,74.09999993443489
b11_full,direct,105,156.0,1004.0,969.9634214058932,940.8374999999997,29.12592140589312,34.03657859410688,1296.0,155.0,998.0,962.3417997842715,35.6582002157285,0.0,998.0,2,6.0,155,73.09999993443489
b11_full,direct,106,156.0,1005.0,973.626935581268,948.8249999999997,24.801935581268026,31.373064418732003,1638.0,155.0,996.0,966.939435581268,29.060564418732003,0.0,996.0,4,9.0,155,73.49999994039536
b11_full,direct,107,170.0,1004.0,1047.7832065167045,1020.3750000000001,27.408206516704485,-43.78320651670448,1684.0,169.0,996.0,1040.1530695304032,-44.15306953040311,0.0,996.0,4,8.0,169,80.49999994039536
b11_full,direct,108,153.0,1005.0,957.6352677385763,933.3,24.33526773857567,47.36473226142432,1458.0,152.0,996.0,952.6680546238222,43.331945376178425,0.0,996.0,4,9.0,152,72.19999994337559
b11_full,direct,109,161.0,1003.0,1018.6350482990057,991.9124999999997,26.722548299005602,-15.63504829900559,1314.0,160.0,997.0,1010.1418976140742,-13.141897614074082,0.0,997.0,3,6.0,160,75.99999994039536
b11_full,direct,110,162.0,1004.0,1022.0724611468697,993.3749999999999,28.69746114686971,-18.072461146869696,1210.0,161.0,996.0,1016.8611935412359,-20.86119354123589,0.0,996.0,4,8.0,161,76.09999993443489
b11_full,direct,111,174.0,1015.0,1080.8608369250228,1048.8374999999999,32.0233369250224,-65.86083692502238,1630.0,173.0,1000.0,1073.2552031222058,-73.25520312220549,0.0,1000.0,0,15.0,173,82.29999993741512
b11_full,direct,112,158.0,1007.0,986.9353773931412,959.0624999999999,27.872877393140858,20.064622606859153,1517.0,157.0,996.0,980.1125925830146,15.887407416985734,0.0,996.0,4,11.0,157,73.4999999254942
b11_full,direct,113,172.0,1006.0,1043.843217739164,1016.2125000000003,27.630717739164176,-37.84321773916413,1627.0,171.0,997.0,1037.362205080936,-40.362205080936285,0.0,997.0,3,9.0,171,79.8999999165535
b11_full,direct,114,167.0,1004.0,1029.1879600160491,1001.2499999999999,27.937960016048734,-25.187960016048724,1432.0,166.0,998.0,1024.4852573133464,-26.485257313346022,0.0,998.0,2,6.0,166,79.79999995231628
b11_full,direct,115,164.0,1003.0,1008.3534919117219,980.8875000000002,27.465991911721606,-5.3534919117216235,1393.0,163.0,999.0,1001.5624471356025,-2.5624471356022207,0.0,999.0,1,4.0,163,76.4999999254942
b11_full,direct,116,157.0,1004.0,969.3315414961969,942.5250000000002,26.806541496196957,34.668458503803045,1298.0,156.0,996.0,964.4040052643129,31.595994735687103,0.0,996.0,4,8.0,156,73.39999993145466
b11_full,direct,117,166.0,1006.0,1036.109647859934,1009.0125000000002,27.097147859933443,-30.109647859933432,1410.0,165.0,999.0,1030.3014286818518,-31.30142868185124,0.0,999.0,1,7.0,165,78.69999994337559
b11_full,direct,118,153.0,1009.0,951.9573693941505,927.1124999999997,24.8448693941506,57.04263060584942,1428.0,152.0,997.0,945.2450406270273,51.754959372972706,0.0,997.0,3,12.0,152,71.39999993145466
b11_full,direct,119,161.0,1006.0,1004.703602527995,977.1749999999995,27.528602527995133,1.2963974720048492,1514.0,160.0,994.0,999.203602527995,-5.203602527995151,0.0,994.0,6,12.0,160,76.19999994337559
b11_full,direct,120,156.0,1004.0,975.6968642198008,949.3874999999999,26.30936421980066,28.303135780199323,1350.0,155.0,997.0,969.0881685676269,27.911831432373237,0.0,997.0,3,7.0,155,73.89999994635582
b11_full,direct,121,164.0,1003.0,1008.4979278308004,978.6374999999999,29.86042783080024,-5.497927830800238,1182.0,163.0,998.0,1003.4979278308004,-5.497927830800238,0.0,998.0,2,5.0,163,76.69999992847443
b11_full,direct,122,175.0,1005.0,1078.7725498244197,1048.6124999999997,30.160049824419957,-73.77254982441995,1440.0,174.0,999.0,1072.2915371661918,-73.2915371661921,0.0,999.0,1,6.0,174,82.19999992847443
b11_full,direct,123,156.0,1002.0,968.2225725904557,940.3874999999997,27.835072590455418,33.777427409544536,1478.0,155.0,994.0,962.0604104282935,31.939589571706698,0.0,994.0,6,8.0,155,72.4999999254942
b11_full,direct,124,155.0,1004.0,972.5048692092628,945.9000000000002,26.60486920926298,31.49513079073703,1296.0,154.0,997.0,967.203499346249,29.796500653750726,0.0,997.0,3,7.0,154,72.99999994039536
b11_full,direct,125,167.0,1008.0,1039.2428939342258,1009.1250000000002,30.11789393422588,-31.242893934225872,1129.0,166.0,1000.0,1031.621272312604,-31.62127231260425,0.0,1000.0,0,8.0,166,77.59999991953373
b11_full,direct,126,166.0,1002.0,1021.2216420829411,993.5999999999998,27.62164208294105,-19.221642082941052,1305.0,165.0,999.0,1016.1077180323082,-17.107718032308142,0.0,999.0,1,3.0,165,77.69999992847443
b11_full,direct,127,162.0,1004.0,1013.334976637172,987.9749999999999,25.35997663717164,-9.334976637171632,1733.0,161.0,999.0,1007.15587215956,-8.155872159559692,0.0,999.0,1,5.0,161,75.29999992251396
b11_full,direct,128,161.0,1004.0,1015.9998306478208,982.9125,33.087330647821084,-11.99983064782107,1508.0,160.0,995.0,1010.4998306478208,-15.49983064782107,0.0,995.0,5,9.0,160,75.39999993145466
b11_full,direct,129,159.0,1001.0,984.6032723292581,957.2625000000002,27.340772329257582,16.39672767074242,1385.0,158.0,993.0,976.871929045676,16.128070954324507,0.0,993.0,7,8.0,158,74.99999994039536
b11_full,direct,130,162.0,1004.0,1005.5823309200351,976.6125000000001,28.969830920035342,-1.582330920035333,1245.0,161.0,991.0,997.9573309200351,-6.957330920035333,0.0,991.0,9,13.0,161,76.69999994337559
b11_full,direct,131,154.0,1007.0,950.9558625581199,925.7624999999997,25.193362558119205,56.044137441880785,1285.0,153.0,997.0,944.0293919698846,52.97060803011608,0.0,997.0,3,10.0,153,72.49999994039536
b11_full,direct,132,159.0,1006.0,995.4309060602542,966.5999999999998,28.83090606025427,10.569093939745727,1310.0,158.0,996.0,988.9091669298194,7.09083307018051,0.0,996.0,4,10.0,158,75.19999994337559
b11_full,direct,133,152.0,1005.0,962.2296470879159,936.9000000000004,25.32964708791573,42.77035291208432,1534.0,151.0,1000.0,956.2296470879159,43.77035291208432,0.0,1000.0,0,5.0,151,72.09999994933605
b11_full,direct,134,168.0,1005.0,1036.5310370647499,1006.3125,30.218537064749878,-31.531037064749864,1400.0,167.0,998.0,1028.9094154431282,-30.909415443128243,0.0,998.0,2,7.0,167,78.69999992847443
b11_full,direct,135,173.0,1001.0,1048.8956365074423,1020.9375,27.95813650744246,-47.89563650744244,1407.0,172.0,996.0,1043.540797797765,-47.54079779776502,0.0,996.0,4,5.0,172,80.3999999165535
b11_full,direct,136,153.0,1003.0,947.5738996088194,919.9124999999995,27.661399608819018,55.42610039118095,977.0,152.0,996.0,941.9488996088194,54.05110039118095,0.0,996.0,4,7.0,152,71.59999993443489
b11_full,direct,137,146.0,1004.0,923.8501398818261,896.7374999999998,27.112639881826013,80.14986011817403,1308.0,145.0,993.0,917.1515097448398,75.84849025516033,0.0,993.0,7,11.0,145,67.29999992251396
b11_full,direct,138,162.0,1003.0,1019.5934165180404,994.1625000000005,25.43091651803999,-16.593416518040012,1408.0,161.0,991.0,1012.7706317079138,-21.77063170791343,0.0,991.0,9,12.0,161,76.69999994337559
b11_full,direct,139,153.0,1001.0,946.9705145352158,920.5875,26.383014535215906,54.02948546478413,1511.0,152.0,998.0,941.4916412957791,56.50835870422075,0.0,998.0,2,3.0,152,71.99999994039536
b11_full,direct,140,161.0,1005.0,998.403439041263,967.2750000000003,31.128439041263128,6.5965609587368785,1478.0,160.0,997.0,993.6992136891504,3.3007863108495545,0.0,997.0,3,8.0,160,75.99999994039536
b11_full,direct,141,165.0,1003.0,1031.41094713117,1002.825,28.58594713116984,-28.41094713116984,1706.0,164.0,995.0,1026.2291289493517,-31.229128949351658,0.0,995.0,5,8.0,164,77.79999993741512
b11_full,direct,142,157.0,1001.0,970.3997530012058,947.2499999999999,23.14975300120562,30.600246998794386,1818.0,156.0,998.0,964.8397530012058,33.160246998794385,0.0,998.0,2,3.0,156,73.79999993741512
b11_full,direct,143,171.0,1006.0,1056.7392436906666,1028.9249999999997,27.81424369066652,-50.73924369066652,1761.0,170.0,995.0,1050.2122166636395,-55.212216663639495,0.0,995.0,5,11.0,170,80.19999992847443
b11_full,direct,144,166.0,1005.0,1044.1952837159422,1013.6249999999994,30.5702837159417,-39.195283715941684,1469.0,165.0,998.0,1037.6108681315266,-39.6108681315261,0.0,998.0,2,7.0,165,78.09999993443489
b11_full,direct,145,149.0,1002.0,937.13427812824,910.9125000000001,26.221778128240093,64.86572187175992,1375.0,148.0,996.0,931.3945521008427,64.60544789915717,0.0,996.0,4,6.0,148,69.39999993145466
b11_full,direct,146,157.0,1006.0,996.2378174766161,969.4124999999999,26.825317476616178,9.762182523383832,1333.0,156.0,995.0,989.8407586530867,5.159241346913243,0.0,995.0,5,11.0,156,74.39999994635582
b11_full,direct,147,152.0,1002.0,960.4458515990291,933.6375000000003,26.80835159902862,41.554148400971364,1295.0,151.0,993.0,953.9073900605675,39.092609939432904,0.0,993.0,7,9.0,151,71.09999993443489
b11_full,direct,148,159.0,1005.0,994.2000720852145,966.2624999999998,27.937572085214843,10.799927914785176,1322.0,158.0,998.0,988.0379099230523,9.962090076947337,0.0,998.0,2,7.0,158,74.19999992847443
b11_full,direct,149,165.0,1004.0,1020.9554840520727,993.2625000000002,27.692984052072234,-16.955484052072197,1397.0,164.0,997.0,1012.3435437535653,-15.343543753564735,0.0,997.0,3,7.0,164,76.79999992251396
b11_full,direct,150,161.0,1001.0,1011.5834531556766,984.9375,26.64595315567624,-10.583453155676247,1286.0,160.0,994.0,1004.9892502571258,-10.989250257125523,0.0,994.0,6,7.0,160,75.39999993145466
b11_full,direct,151,164.0,1002.0,1010.3941498895217,984.4874999999996,25.90664988952115,-8.394149889521156,1313.0,163.0,994.0,1002.7725282679,-8.772528267899535,0.0,994.0,6,8.0,163,75.8999999165535
b11_full,direct,152,171.0,1004.0,1052.603328770635,1023.1875,29.415828770634793,-48.60332877063477,1396.0,170.0,999.0,1045.4540750392916,-46.45407503929148,0.0,999.0,1,5.0,170,80.19999992847443
b11_full,direct,153,157.0,1005.0,993.279306170755,967.7249999999998,25.554306170754785,11.720693829245226,1016.0,156.0,997.0,987.8087179354609,9.191282064539344,0.0,997.0,3,8.0,156,72.9999999254942
b11_full,direct,154,168.0,1001.0,1025.9043634776306,1000.0124999999996,25.89186347763041,-24.904363477630415,1869.0,167.0,993.0,1020.9043634776306,-27.904363477630415,0.0,993.0,7,8.0,167,78.89999993145466
b11_full,direct,155,161.0,1006.0,998.8081765215012,973.2375000000005,25.57067652150114,7.191823478498871,1381.0,160.0,1000.0,991.6653193786441,8.334680621356014,0.0,1000.0,0,6.0,160,75.79999993741512
b11_full,direct,156,153.0,1009.0,966.3371767351637,937.4625,28.874676735163696,42.66282326483633,1238.0,152.0,997.0,959.4432373412243,37.55676265877572,0.0,997.0,3,12.0,152,71.79999993741512
b11_full,direct,157,162.0,1003.0,1004.0829351988083,977.8499999999999,26.23293519880792,-1.0829351988079212,1574.0,161.0,996.0,999.3543637702369,-3.3543637702364926,0.0,996.0,4,7.0,161,75.69999992847443
b11_full,direct,158,159.0,1004.0,989.1668005520384,961.9874999999998,27.179300552038267,14.833199447961716,1500.0,158.0,996.0,983.614168973091,12.385831026909084,0.0,996.0,4,8.0,158,74.79999993741512
b11_full,direct,159,166.0,1003.0,1042.4790521196355,1017.3375,25.141552119635378,-39.479052119635384,1923.0,165.0,993.0,1037.217513658097,-44.21751365809692,0.0,993.0,7,10.0,165,77.69999992847443
b11_full,direct,160,154.0,1007.0,974.3950916648132,943.7624999999999,30.63259166481283,32.6049083351872,1134.0,153.0,993.0,966.9025543513803,26.09744564862003,0.0,993.0,7,14.0,153,72.29999993741512
b11_full,direct,161,154.0,1004.0,967.2497786139471,942.0750000000002,25.17477861394643,36.750221386053596,1387.0,153.0,998.0,960.4926357568042,37.507364243196456,0.0,998.0,2,6.0,153,72.89999994635582
b11_full,direct,162,170.0,1001.0,1065.0025207773049,1034.4375,30.565020777305094,-64.00252077730512,1216.0,169.0,994.0,1058.2923758497686,-64.29237584976889,0.0,994.0,6,7.0,169,79.89999993145466
b11_full,direct,163,164.0,1006.0,1024.4895574243974,992.2499999999998,32.23955742439725,-18.489557424397272,1229.0,163.0,1000.0,1019.7972497320897,-19.79724973208958,0.0,1000.0,0,6.0,163,76.4999999254942
b11_full,direct,164,170.0,1001.0,1042.3214251942893,1018.7999999999998,23.521425194289463,-41.32142519428945,1801.0,169.0,995.0,1035.1433430025086,-40.14334300250863,0.0,995.0,5,6.0,169,79.69999992847443
b11_full,direct,165,155.0,1004.0,985.4905817674838,956.7,28.79058176748359,18.509418232516396,1531.0,154.0,994.0,977.1771489316629,16.822851068337293,0.0,994.0,6,10.0,154,73.79999995231628
b11_full,direct,166,158.0,1001.0,996.6852772322762,969.5250000000001,27.160277232275806,4.314722767724217,1600.0,157.0,988.0,989.2225906651121,-1.2225906651116034,0.0,988.0,12,13.0,157,74.09999993443489
b11_full,direct,167,160.0,1003.0,991.0515864012983,963.2250000000001,27.82658640129813,11.948413598701876,1313.0,159.0,997.0,986.2204175701295,10.779582429870707,0.0,997.0,3,6.0,159,75.09999993443489
b11_full,direct,168,163.0,1006.0,1016.8549168085996,985.2750000000001,31.57991680859865,-10.854916808598649,1257.0,162.0,1000.0,1010.3739041503717,-10.373904150370802,0.0,1000.0,0,6.0,162,76.39999993145466
b11_full,direct,169,161.0,1006.0,988.4622346367096,960.4125,28.049734636709616,17.537765363290386,1258.0,160.0,998.0,982.7314654059403,15.268534594059618,0.0,998.0,2,8.0,160,75.79999993741512
b11_full,direct,170,157.0,1003.0,993.2304705723886,964.0125,29.217970572388737,9.769529427611246,1367.0,156.0,1000.0,986.6120495197571,13.387950480242825,0.0,1000.0,0,3.0,156,73.59999993443489
b11_full,direct,171,161.0,1001.0,1000.0930781440683,970.6500000000002,29.443078144067925,0.9069218559320618,1274.0,160.0,992.0,993.3903754413656,-1.3903754413652356,0.0,992.0,8,9.0,160,75.19999992847443
b11_full,direct,172,169.0,1003.0,1047.7035185236148,1019.0250000000001,28.678518523614645,-44.703518523614655,1301.0,168.0,992.0,1041.076652851973,-49.07665285197287,0.0,992.0,8,11.0,168,79.79999993741512
b11_full,direct,173,168.0,1004.0,1017.1848370827191,991.2375000000003,25.94733708271932,-13.184837082719318,1566.0,167.0,995.0,1010.5326631696756,-15.532663169675839,0.0,995.0,5,9.0,167,79.69999994337559
b11_full,direct,174,159.0,1002.0,986.9737011682597,962.325,24.648701168259684,15.02629883174032,1628.0,158.0,995.0,980.8487011682597,14.15129883174032,0.0,995.0,5,7.0,158,74.79999993741512
b11_full,direct,175,150.0,1004.0,958.4005347354939,930.3749999999999,28.02553473549416,45.59946526450581,1046.0,149.0,995.0,952.8632213026581,42.13677869734163,0.0,995.0,5,9.0,149,70.09999993443489
b11_full,direct,176,164.0,1004.0,1020.4570784595343,991.5749999999999,28.88207845953437,-16.457078459534376,1273.0,163.0,994.0,1014.0872154458357,-20.087215445835746,0.0,994.0,6,10.0,163,76.89999993145466
b11_full,direct,177,169.0,1004.0,1045.5227055547575,1013.2875000000004,32.23520555475753,-41.52270555475752,1283.0,168.0,999.0,1040.6806002915996,-41.680600291599625,0.0,999.0,1,5.0,168,79.19999992847443
b11_full,direct,178,161.0,1003.0,1004.770948607793,979.3125000000001,25.45844860779287,-1.7709486077928585,1526.0,160.0,997.0,997.9399626923,-0.9399626922999005,0.0,997.0,3,6.0,160,76.19999994337559
b11_full,direct,179,157.0,1003.0,984.9321770259276,957.4874999999998,27.444677025927493,18.06782297407252,1141.0,156.0,998.0,978.109392215801,19.8906077841991,0.0,998.0,2,5.0,156,73.19999992847443
b11_full,direct,180,163.0,1001.0,1032.7542898997588,999.2249999999998,33.529289899758524,-31.75428989975854,1330.0,162.0,996.0,1027.1745797548313,-31.174579754831004,0.0,996.0,4,5.0,162,75.9999999254942
b11_full,direct,181,151.0,1006.0,950.0859453878087,924.0749999999998,26.010945387809276,55.91405461219073,1611.0,150.0,998.0,942.5642062573739,55.43579374262551,0.0,998.0,2,8.0,150,69.79999992251396
b11_full,direct,182,159.0,1004.0,986.4339515785545,957.4875000000001,28.94645157855429,17.56604842144571,1325.0,158.0,997.0,981.3355909228168,15.664409077183416,0.0,997.0,3,7.0,158,74.99999994039536
b11_full,direct,183,160.0,1002.0,1002.2247226412251,973.35,28.874722641224967,-0.22472264122498498,1388.0,159.0,996.0,996.6532940697965,-0.6532940697964138,0.0,996.0,4,6.0,159,75.89999994635582
b11_full,direct,184,160.0,1003.0,999.6172008319219,969.525,30.092200831921296,3.382799168078721,1234.0,159.0,999.0,994.2232614379825,4.776738562018115,0.0,999.0,1,4.0,159,75.49999994039536
b11_full,direct,185,162.0,1001.0,1009.7290294520066,984.5999999999995,25.12902945200624,-8.729029452006248,1467.0,161.0,995.0,1003.9290294520066,-8.929029452006247,0.0,995.0,5,6.0,161,76.29999993741512
b11_full,direct,186,177.0,1005.0,1074.2849181042416,1041.9749999999995,32.30991810424098,-69.28491810424103,1301.0,176.0,997.0,1067.7369728987621,-70.73697289876158,0.0,997.0,3,8.0,176,83.19999992847443
b11_full,direct,187,163.0,1002.0,1017.2606557125957,985.2749999999999,31.985655712595783,-15.260655712595778,1211.0,162.0,990.0,1010.701832183184,-20.701832183184013,0.0,990.0,10,12.0,162,76.39999993145466
b11_full,direct,188,171.0,1006.0,1050.0869628169316,1020.8249999999996,29.261962816931696,-44.08696281693172,1385.0,170.0,1000.0,1043.2660672945435,-43.26606729454365,0.0,1000.0,0,6.0,170,80.99999994039536
b11_full,direct,189,163.0,1001.0,1015.2624659796412,989.0999999999997,26.162465979641365,-14.262465979641364,1551.0,162.0,993.0,1006.7695082331624,-13.76950823316249,0.0,993.0,7,8.0,162,76.19999992847443
b11_full,direct,190,162.0,1006.0,1008.4129748990348,980.7750000000001,27.637974899034457,-2.4129748990344657,1150.0,161.0,995.0,1002.1482690166819,-7.148269016681525,0.0,995.0,5,11.0,161,75.89999993145466
b11_full,direct,191,172.0,1003.0,1068.3340440232737,1036.4625000000003,31.87154402327424,-65.33404402327416,1527.0,171.0,1000.0,1062.172753700693,-62.17275370069352,0.0,1000.0,0,3.0,171,81.49999994039536
b11_full,direct,192,156.0,1004.0,984.303632222808,957.3749999999999,26.92863222280789,19.696367777192116,1176.0,155.0,1000.0,978.6460979762327,21.353902023767457,0.0,1000.0,0,4.0,155,73.89999994635582
b11_full,direct,193,156.0,1002.0,994.4953737869181,967.2749999999999,27.220373786917726,7.5046262130822825,1099.0,155.0,999.0,989.6837795840196,9.316220415980833,0.0,999.0,1,3.0,155,73.09999993443489
b11_full,direct,194,157.0,1003.0,984.4189840186982,958.0500000000004,26.368984018698143,18.581015981301878,1326.0,156.0,1000.0,975.9842014100026,24.01579858999753,0.0,1000.0,0,3.0,156,73.19999992847443
b11_full,direct,195,166.0,1001.0,1032.5757634773918,1005.975,26.600763477392096,-31.57576347739209,1664.0,165.0,988.0,1025.1833584141007,-37.18335841410095,0.0,988.0,12,13.0,165,78.09999993443489
b11_full,direct,196,150.0,1005.0,942.0368440902456,916.7625,25.274344090245695,62.963155909754356,1305.0,149.0,997.0,936.4696799111412,60.530320088858836,0.0,997.0,3,8.0,149,70.89999994635582
b11_full,direct,197,164.0,1004.0,1023.2951644004535,994.7249999999999,28.570164400453248,-19.295164400453245,1297.0,163.0,993.0,1016.9183528062506,-23.918352806250347,0.0,993.0,7,11.0,163,76.09999991953373
b11_full,direct,198,151.0,1003.0,942.7022045951187,917.6625000000004,25.039704595118643,60.29779540488138,1365.0,150.0,995.0,935.1307760236901,59.86922397630995,0.0,995.0,5,8.0,150,70.79999993741512
b11_full,direct,199,151.0,1001.0,956.7202498327721,930.8249999999998,25.895249832772475,44.27975016722751,1565.0,150.0,994.0,950.3976691876107,43.6023308123888,0.0,994.0,6,7.0,150,70.59999993443489
b11_full,direct,200,162.0,1005.0,1008.0246333456251,977.2875,30.737133345624642,-3.0246333456246504,1423.0,161.0,997.0,1001.4402177612095,-4.440217761209066,0.0,997.0,3,8.0,161,75.89999993145466
b11_full,direct,201,161.0,1004.0,1009.7966679399609,980.7749999999996,29.021667939961056,-5.79666793996105,1523.0,160.0,996.0,1003.0823822256752,-7.082382225675335,0.0,996.0,4,8.0,160,75.79999993741512
b11_full,direct,202,150.0,1005.0,954.9000299051862,929.8125000000002,25.08752990518626,50.099970094813756,1566.0,149.0,996.0,948.8428870480434,47.15711295195661,0.0,996.0,4,9.0,149,69.69999992847443
b11_full,direct,203,163.0,1002.0,1007.7560694218034,982.4625000000001,25.293569421803806,-5.756069421803828,1234.0,162.0,998.0,1002.7149735313925,-4.71497353139287,0.0,998.0,2,4.0,162,75.79999992251396
b11_full,direct,204,159.0,1006.0,979.148296704205,954.0000000000001,25.148296704204682,26.851703295795318,1342.0,158.0,997.0,973.0713736272819,23.928626372718394,0.0,997.0,3,9.0,158,74.39999993145466
b11_full,direct,205,152.0,1003.0,942.4749914737619,918.7875000000004,23.68749147376209,60.52500852623798,1677.0,151.0,996.0,936.4308738267031,59.56912617329681,0.0,996.0,4,7.0,151,71.69999994337559
b11_full,direct,206,168.0,1012.0,1040.737288795575,1014.075,26.662288795575485,-28.7372887955755,1351.0,167.0,1000.0,1034.1528732111594,-34.152873211159914,0.0,1000.0,0,12.0,167,79.29999993741512
b11_full,direct,207,162.0,1002.0,1032.942797389609,1004.6250000000002,28.317797389608717,-30.94279738960873,1098.0,161.0,994.0,1026.792112458102,-32.79211245810188,0.0,994.0,6,8.0,161,76.29999993741512
b11_full,direct,208,163.0,1010.0,1003.8058661305469,976.3875,27.418366130546488,6.194133869453521,1270.0,162.0,1000.0,997.6437039683847,2.356296031615683,0.0,1000.0,0,10.0,162,75.9999999254942
b11_full,direct,209,158.0,1001.0,972.7676300818611,947.1374999999999,25.630130081860585,28.232369918139423,1382.0,157.0,995.0,965.8445531587842,29.155446841216346,0.0,995.0,5,6.0,157,74.49999994039536
b11_full,direct,210,170.0,1006.0,1064.9504509946769,1034.7750000000003,30.17545099467631,-58.950450994676295,1451.0,169.0,998.0,1060.2004509946769,-62.200450994676295,0.0,998.0,2,8.0,169,80.69999994337559
b11_full,direct,211,156.0,1003.0,958.8125220007897,935.9999999999997,22.812522000789585,44.187477999210415,1543.0,155.0,995.0,952.2740604623282,42.725939537671955,0.0,995.0,5,8.0,155,72.69999992847443
b11_full,direct,212,157.0,1002.0,986.5451505176645,960.2999999999998,26.24515051766388,15.454849482336108,1328.0,156.0,991.0,979.8965018690159,11.103498130984757,0.0,991.0,9,11.0,156,74.39999994635582
b11_full,direct,213,164.0,1001.0,1009.6317285193841,982.6874999999997,26.94422851938314,-8.631728519383131,1342.0,163.0,997.0,1004.6009592886148,-7.6009592886138995,0.0,997.0,3,4.0,163,77.49999994039536
b11_full,direct,214,146.0,1002.0,931.0714130653233,904.9499999999997,26.12141306532368,70.92858693467637,994.0,145.0,995.0,924.4764763564625,70.52352364353713,0.0,995.0,5,7.0,145,68.29999993741512
b11_full,direct,215,155.0,1002.0,968.4440809924312,940.7250000000003,27.719080992431383,33.55591900756862,1171.0,154.0,998.0,960.8139440061298,37.18605599386999,0.0,998.0,2,4.0,154,72.39999993145466
b11_full,direct,216,162.0,1001.0,1002.1144827714851,975.5999999999997,26.514482771484836,-1.114482771484825,1498.0,161.0,999.0,997.034482771485,1.965517228515175,0.0,999.0,1,2.0,161,76.29999993741512
b11_full,direct,217,166.0,1010.0,1028.7511457744731,1000.9125000000001,27.83864577447282,-18.751145774472842,1590.0,165.0,1000.0,1021.4230207744732,-21.423020774472842,0.0,1000.0,0,10.0,165,78.49999994039536
b11_full,direct,218,155.0,1001.0,955.4497051286343,932.8500000000001,22.599705128634163,45.55029487136585,1536.0,154.0,989.0,947.0149225199386,41.9850774800615,0.0,989.0,11,12.0,154,73.79999995231628
b11_full,direct,219,155.0,1002.0,976.6876474417093,951.0749999999998,25.612647441709452,25.312352558290552,1319.0,154.0,998.0,970.7311257025789,27.268874297420986,0.0,998.0,2,4.0,154,73.39999994635582
b11_full,direct,220,168.0,1006.0,1030.442475038286,1000.2375000000001,30.204975038285603,-24.442475038285618,1025.0,167.0,998.0,1024.9710464668574,-26.971046466857047,0.0,998.0,2,8.0,167,78.89999993145466
b11_full,direct,221,153.0,1003.0,957.2244566367885,933.6375000000002,23.58695663678866,45.775543363211334,1418.0,152.0,999.0,951.4936874060193,47.50631259398057,0.0,999.0,1,4.0,152,71.39999993145466
b11_full,direct,222,159.0,1004.0,1001.9478671590815,972.2249999999998,29.722867159081137,2.05213284091886,1128.0,158.0,997.0,996.1907243019386,0.8092756980617173,0.0,997.0,3,7.0,158,73.3999999165535
b11_full,direct,223,155.0,1003.0,963.2413655225329,942.1875000000001,21.0538655225332,39.75863447746681,1532.0,154.0,998.0,954.9721347533022,43.02786524669759,0.0,998.0,2,5.0,154,72.19999992847443
b11_full,direct,224,164.0,1009.0,1025.2842079082948,996.4124999999998,28.871707908294862,-16.284207908294825,1616.0,163.0,997.0,1018.7578921188211,-21.75789211882114,0.0,997.0,3,12.0,163,77.69999994337559
b11_full,direct,225,179.0,1012.0,1094.122552059001,1062.0,32.122552059000576,-82.12255205900051,1572.0,178.0,999.0,1087.105008199352,-88.10500819935139,0.0,999.0,1,13.0,178,84.79999993741512
b11_full,direct,226,153.0,1004.0,967.8295259374046,941.9625,25.867025937404648,36.17047406259534,1454.0,152.0,998.0,962.4471729962281,35.55282700377181,0.0,998.0,2,6.0,152,71.39999993145466
b11_full,direct,227,161.0,1007.0,1008.41342060405,976.3874999999999,32.025920604049205,-1.4134206040492137,1520.0,160.0,1000.0,1000.6705634611928,-0.6705634611920708,0.0,1000.0,0,7.0,160,76.39999994635582
b11_full,direct,228,159.0,1001.0,995.3050348866874,966.4875,28.817534886687497,5.694965113312485,1365.0,158.0,993.0,988.7134855909128,4.2865144090871325,0.0,993.0,7,8.0,158,75.39999994635582
b11_full,direct,229,166.0,1001.0,998.0729081186745,973.6874999999994,24.385408118674114,2.927091881325861,1330.0,165.0,993.0,991.5157652615317,1.484234738468718,0.0,993.0,7,8.0,165,76.69999991357327
b11_full,direct,230,159.0,1010.0,1011.5693857884986,985.2750000000001,26.29438578849846,-1.5693857884984634,1731.0,158.0,999.0,1004.5987975532045,-5.598797553204346,0.0,999.0,1,11.0,158,74.59999993443489
b11_full,direct,231,161.0,1009.0,1006.8671766061055,978.5249999999997,28.342176606105294,2.13282339389471,1405.0,160.0,1000.0,999.9701177825762,0.029882217424122004,0.0,1000.0,0,9.0,160,75.79999993741512
b11_full,direct,232,161.0,1002.0,996.0460906655361,969.0750000000003,26.971090665536202,5.953909334463793,1066.0,160.0,998.0,989.2860906655361,8.713909334463793,0.0,998.0,2,4.0,160,74.59999991953373
b11_full,direct,233,157.0,1001.0,972.767293390214,945.7875000000001,26.979793390214027,28.232706609785968,1257.0,156.0,994.0,967.017293390214,26.982706609785968,0.0,994.0,6,7.0,156,74.99999995529652
b11_full,direct,234,168.0,1002.0,1042.0280248424192,1012.725,29.30302484241892,-40.028024842418915,1475.0,167.0,995.0,1035.4223910396022,-40.42239103960201,0.0,995.0,5,7.0,167,78.09999991953373
b11_full,direct,235,161.0,1007.0,1013.8229589254521,985.2750000000002,28.54795892545217,-6.822958925452157,1306.0,160.0,999.0,1008.6979589254521,-9.697958925452157,0.0,999.0,1,8.0,160,75.39999993145466
b11_full,direct,236,163.0,1003.0,1031.7233690852352,1000.4625000000002,31.260869085234788,-28.723369085234786,1331.0,162.0,992.0,1024.2618306236966,-32.261830623696326,0.0,992.0,8,11.0,162,76.59999993443489
b11_full,direct,237,162.0,1007.0,1008.6579504394883,980.6624999999998,27.99545043948845,-1.6579504394884568,1444.0,161.0,999.0,1000.2179504394883,-1.2179504394884573,0.0,999.0,1,8.0,161,75.89999993145466
b11_full,direct,238,179.0,1001.0,1109.7011697014327,1076.9624999999996,32.73866970143259,-108.70116970143256,1596.0,178.0,998.0,1104.5220652238208,-106.52206522382062,0.0,998.0,2,3.0,178,84.59999993443489
b11_full,direct,239,153.0,1004.0,964.4482046540173,938.2500000000001,26.198204654017303,39.55179534598268,1312.0,152.0,997.0,958.5391137449265,38.46088625507359,0.0,997.0,3,7.0,152,72.19999994337559
b11_full,direct,240,154.0,1003.0,958.0376241499207,932.1750000000004,25.86262414992101,44.962375850079,1364.0,153.0,998.0,952.7833868617851,45.21661313821459,0.0,998.0,2,5.0,153,72.29999993741512
b11_full,direct,241,162.0,1001.0,999.5151532702124,970.9874999999997,28.527653270212223,1.4848467297877521,1359.0,161.0,996.0,993.053614808674,2.946385191326214,0.0,996.0,4,5.0,161,76.29999993741512
b11_full,direct,242,155.0,1011.0,955.8692616663051,932.5125,23.356761666305193,55.13073833369477,1362.0,154.0,1000.0,949.2206130176564,50.77938698234342,0.0,1000.0,0,11.0,154,73.39999994635582
b11_full,direct,243,166.0,1004.0,1027.6656060295645,996.9749999999996,30.690606029563867,-23.66560602956391,1555.0,165.0,997.0,1020.0941774581358,-23.09417745813534,0.0,997.0,3,7.0,165,78.29999993741512
b11_full,direct,244,157.0,1001.0,972.2373627407334,944.6624999999999,27.574862740733064,28.762637259266935,1337.0,156.0,996.0,967.1669402055221,28.833059794478203,0.0,996.0,4,5.0,156,73.19999992847443
b11_full,direct,245,165.0,1002.0,1018.67342525283,990.225,28.44842525283018,-16.673425252830175,1520.0,164.0,993.0,1012.3305681099729,-19.330568109973033,0.0,993.0,7,9.0,164,77.79999993741512
b11_full,direct,246,158.0,1005.0,977.3886654231849,950.1749999999998,27.213665423185056,27.61133457681496,1352.0,157.0,999.0,970.7348192693387,28.265180730661115,0.0,999.0,1,6.0,157,74.09999993443489
b11_full,direct,247,154.0,1006.0,964.2573530973033,938.2500000000001,26.007353097303053,41.74264690269695,1162.0,153.0,1000.0,958.7002102401605,41.299789759839804,0.0,1000.0,0,6.0,153,72.09999993443489
b11_full,direct,248,157.0,1002.0,968.0893546840286,942.075,26.014354684028852,33.910645315971124,1478.0,156.0,996.0,963.0607832554572,32.93921674454255,0.0,996.0,4,6.0,156,74.79999995231628
b11_full,direct,249,152.0,1001.0,947.260905072974,922.3875000000003,24.873405072973647,53.73909492702635,1127.0,151.0,995.0,942.1200600025514,52.879939997448886,0.0,995.0,5,6.0,151,71.49999994039536
b11_full,direct,250,169.0,1003.0,1049.807366925212,1019.2500000000002,30.557366925211745,-46.80736692521176,1313.0,168.0,994.0,1044.7127723306173,-50.71277233061716,0.0,994.0,6,9.0,168,79.19999992847443
b11_full,direct,251,162.0,1001.0,989.3991744828661,964.0124999999999,25.386674482866095,11.600825517133917,1765.0,161.0,998.0,982.6531427368344,15.346857263165663,0.0,998.0,2,3.0,161,76.29999993741512
b11_full,direct,252,164.0,1001.0,1030.7986809770705,1000.1250000000002,30.673680977070465,-29.79868097707046,1361.0,163.0,999.0,1025.9473296257192,-26.94732962571911,0.0,999.0,1,2.0,163,77.09999993443489
b11_full,direct,253,171.0,1004.0,1049.3711541802336,1016.775,32.59615418023302,-45.371154180233034,1337.0,170.0,994.0,1043.8204295425523,-49.82042954255188,0.0,994.0,6,10.0,170,80.59999993443489
b11_full,direct,254,154.0,1003.0,965.3195304373959,939.15,26.169530437395963,37.68046956260404,1277.0,153.0,997.0,957.7941067085824,39.205893291417595,0.0,997.0,3,6.0,153,72.49999994039536
b11_full,direct,255,166.0,1006.0,1035.082767559378,1005.075,30.007767559377335,-29.082767559377338,1257.0,165.0,1000.0,1027.3970532736637,-27.39705327366305,0.0,1000.0,0,6.0,165,76.49999991059303
b11_full,direct,256,164.0,1005.0,1029.6171464619422,1001.8125000000002,27.804646461942294,-24.6171464619423,1471.0,163.0,998.0,1023.4549842997801,-25.45498429978014,0.0,998.0,2,7.0,163,77.49999994039536
b11_full,direct,257,156.0,1001.0,974.9396932302379,948.8250000000002,26.11469323023815,26.060306769761848,1357.0,155.0,991.0,969.1825503730951,21.817449626904704,0.0,991.0,9,10.0,155,73.09999993443489
b11_full,direct,258,155.0,1012.0,973.0829973972722,944.55,28.532997397271682,38.91700260272828,1378.0,154.0,997.0,965.7321202042897,31.26787979571074,0.0,997.0,3,15.0,154,73.19999994337559
b11_full,direct,259,163.0,1003.0,994.9567264154429,969.525,25.431726415443144,8.043273584556868,1271.0,162.0,1000.0,989.7309199638299,10.269080036169772,0.0,1000.0,0,3.0,162,75.59999991953373
b11_full,direct,260,158.0,1010.0,976.8940369556502,952.5374999999998,24.356536955650146,33.105963044349885,1243.0,157.0,1000.0,970.655230985501,29.344769014499136,0.0,1000.0,0,10.0,157,74.49999994039536
b11_full,direct,261,164.0,1004.0,1013.2473838435882,986.4000000000002,26.847383843588325,-9.247383843588324,1408.0,163.0,997.0,1005.6417500407713,-8.641750040771422,0.0,997.0,3,7.0,163,77.09999993443489
b11_full,direct,262,158.0,1002.0,990.9447616777647,963.1124999999997,27.832261677764606,11.055238322235418,1517.0,157.0,990.0,984.4063001393032,5.593699860696956,0.0,990.0,10,12.0,157,74.89999994635582
b11_full,direct,263,167.0,1006.0,1031.039192068333,1003.9500000000004,27.08919206833317,-25.039192068333165,1422.0,166.0,999.0,1022.7015297306707,-23.701529730670828,0.0,999.0,1,7.0,166,78.59999993443489
b11_full,direct,264,148.0,1003.0,940.2989937564186,912.375,27.92399375641879,62.701006243581226,1135.0,147.0,995.0,935.0989937564185,59.90100624358123,0.0,995.0,5,8.0,147,69.89999994635582
b11_full,direct,265,161.0,1002.0,1013.0119682602501,981.7874999999996,31.22446826025004,-11.011968260250015,1138.0,160.0,996.0,1007.4795007277826,-11.479500727782483,0.0,996.0,4,6.0,160,75.99999994039536
b11_full,direct,266,161.0,1005.0,1010.3104002457483,984.15,26.1604002457479,-5.310400245747902,1709.0,160.0,999.0,1005.2314528773272,-6.231452877326849,0.0,999.0,1,6.0,160,75.99999994039536
b11_full,direct,267,157.0,1006.0,976.6979999780641,947.5875,29.110499978064134,29.302000021935868,1423.0,156.0,1000.0,971.5729999780641,28.427000021935868,0.0,1000.0,0,6.0,156,73.59999993443489
b11_full,direct,268,146.0,1005.0,913.4128870777005,888.1874999999998,25.225387077700596,91.58711292229941,1193.0,145.0,995.0,906.4278124508348,88.57218754916508,0.0,995.0,5,10.0,145,68.49999994039536
b11_full,direct,269,153.0,1007.0,982.1298330312947,957.9375,24.192333031295,24.870166968705,1532.0,152.0,998.0,975.7820069443381,22.21799305566152,0.0,998.0,2,9.0,152,71.79999993741512
b11_full,direct,270,165.0,1003.0,1023.6789939796341,993.9374999999998,29.741493979633837,-20.678993979633823,1182.0,164.0,992.0,1015.8218511224912,-23.821851122490965,0.0,992.0,8,11.0,164,77.39999993145466
b11_full,direct,271,179.0,1005.0,1099.306091060099,1070.1,29.206091060098515,-94.30609106009845,1758.0,178.0,998.0,1092.569248954836,-94.56924895483529,0.0,998.0,2,7.0,178,83.9999999254942
b11_full,direct,272,172.0,1004.0,1069.014468639184,1035.0000000000005,34.01446863918403,-65.01446863918407,1330.0,171.0,997.0,1061.1001829248983,-64.10018292489836,0.0,997.0,3,7.0,171,81.09999993443489
b11_full,direct,273,151.0,1001.0,957.6413463020408,930.9375,26.703846302040674,43.35865369795934,1108.0,150.0,998.0,951.1207983568353,46.87920164316482,0.0,998.0,2,3.0,150,70.59999993443489
b11_full,direct,274,161.0,1003.0,996.380192038857,967.7250000000001,28.655192038856754,6.619807961143266,1494.0,160.0,996.0,989.4096038035628,6.590396196437384,0.0,996.0,4,7.0,160,75.99999994039536
b11_full,direct,275,155.0,1004.0,959.2763056128576,937.4625000000004,21.813805612857458,44.72369438714256,1500.0,154.0,995.0,954.078937191805,40.92106280819519,0.0,995.0,5,9.0,154,73.19999994337559
b11_full,direct,276,152.0,1001.0,950.0528085834619,921.6000000000001,28.452808583461824,50.94719141653818,1229.0,151.0,994.0,944.8554401624093,49.14455983759081,0.0,994.0,6,7.0,151,71.49999994039536
b11_full,direct,277,167.0,1001.0,1046.7730313704426,1013.8500000000003,32.92303137044297,-45.77303137044297,1417.0,166.0,993.0,1038.429747788353,-45.42974778835342,0.0,993.0,7,8.0,166,78.59999993443489
b11_full,direct,278,147.0,1002.0,933.306499827803,909.5625,23.743999827802927,68.69350017219715,1570.0,146.0,998.0,927.0779283992316,70.92207160076858,0.0,998.0,2,4.0,146,68.39999993145466
b11_full,direct,279,154.0,1006.0,971.8631441418796,943.6499999999999,28.21314414187943,34.13685585812058,1545.0,153.0,998.0,965.7462610249964,32.2537389750037,0.0,998.0,2,8.0,153,71.4999999254942
b11_full,direct,280,148.0,1002.0,946.9899001043284,919.4625000000003,27.527400104328287,55.01009989567176,1110.0,147.0,1000.0,939.8940096933695,60.10599030663066,0.0,1000.0,0,2.0,147,69.49999994039536
b11_full,direct,281,163.0,1003.0,1027.522623548477,999.1125,28.410123548477074,-24.522623548477064,1527.0,162.0,1000.0,1021.0443626789117,-21.044362678911845,0.0,1000.0,0,3.0,162,77.19999994337559
b11_full,direct,282,172.0,1002.0,1077.8034952860608,1046.2500000000002,31.553495286060407,-75.80349528606037,1343.0,171.0,997.0,1071.102196584762,-74.10219658476167,0.0,997.0,3,5.0,171,80.29999992251396
b11_full,direct,283,180.0,1004.0,1102.4153589311738,1070.325,32.09035893117322,-98.41535893117323,1619.0,179.0,998.0,1096.0439303597452,-98.04393035974466,0.0,998.0,2,6.0,179,84.89999993145466
b11_full,direct,284,167.0,1001.0,1026.9873194869815,998.7749999999999,28.212319486980935,-25.98731948698095,1149.0,166.0,992.0,1021.2016052012672,-29.201605201266666,0.0,992.0,8,9.0,166,77.59999991953373
b11_full,direct,285,167.0,1002.0,1056.5473888501162,1028.4750000000001,28.07238885011621,-54.54738885011623,1324.0,166.0,998.0,1050.0089273116548,-52.00892731165469,0.0,998.0,2,4.0,166,78.59999993443489
b11_full,direct,286,160.0,1004.0,981.9300090608207,957.4875000000002,24.442509060820374,22.069990939179625,1934.0,159.0,997.0,976.2500090608207,20.749990939179625,0.0,997.0,3,7.0,159,75.09999993443489
b11_full,direct,287,173.0,1001.0,1071.163354394203,1041.9749999999997,29.188354394202555,-70.16335439420259,1390.0,172.0,994.0,1063.563354394203,-69.56335439420259,0.0,994.0,6,7.0,172,81.99999994039536
b11_full,direct,288,153.0,1002.0,954.7990829472017,926.6625000000001,28.136582947201582,47.20091705279838,1538.0,152.0,995.0,948.9809011290198,46.0190988709802,0.0,995.0,5,7.0,152,71.79999993741512
b11_full,direct,289,166.0,1004.0,1033.4758329633657,1004.1749999999997,29.300832963365927,-29.475832963365917,1338.0,165.0,999.0,1026.1728026603355,-27.172802660335616,0.0,999.0,1,5.0,165,78.49999994039536
b11_full,direct,290,175.0,1009.0,1085.1874284253074,1053.0,32.18742842530697,-76.18742842530703,1463.0,174.0,999.0,1076.6942777403758,-77.69427774037553,0.0,999.0,1,10.0,174,81.9999999254942
b11_full,direct,291,150.0,1003.0,957.1712657740941,931.3875000000004,25.783765774094167,45.828734225905805,1430.0,149.0,996.0,949.5411287877927,46.45887121220717,0.0,996.0,4,7.0,149,69.69999992847443
b11_full,direct,292,160.0,1001.0,1009.9025910009636,983.4749999999998,26.427591000963254,-8.902591000963266,1760.0,159.0,992.0,1002.0168767152494,-10.01687671524898,0.0,992.0,8,9.0,159,75.29999993741512
b11_full,direct,293,151.0,1006.0,930.727747132879,904.275,26.45274713287858,75.27225286712144,1300.0,150.0,998.0,924.0264484315803,73.97355156842013,0.0,998.0,2,8.0,150,70.99999994039536
b11_full,direct,294,162.0,1004.0,1011.711164553254,980.6624999999998,31.048664553253886,-7.711164553253905,1230.0,161.0,996.0,1005.211164553254,-9.211164553253905,0.0,996.0,4,8.0,161,75.89999993145466
b11_full,direct,295,163.0,1001.0,1019.6965906438634,987.7499999999999,31.946590643863253,-18.696590643863257,1161.0,162.0,997.0,1014.972906433337,-17.97290643333694,0.0,997.0,3,4.0,162,75.79999992251396
b11_full,direct,296,162.0,1009.0,1007.5550133661707,977.0625,30.49251336617079,1.4449866338292363,1462.0,161.0,998.0,1000.7355689217262,-2.735568921726319,0.0,998.0,2,11.0,161,74.49999991059303
b11_full,direct,297,169.0,1001.0,1032.5063969573466,1003.1625,29.34389695734679,-31.50639695734678,1587.0,168.0,998.0,1025.7122793102878,-27.712279310287958,0.0,998.0,2,3.0,168,79.59999993443489
b11_full,direct,298,159.0,1006.0,993.2191954739775,969.8625,23.356695473977645,12.780804526022374,1735.0,158.0,998.0,985.6534060002933,12.346593999706585,0.0,998.0,2,8.0,158,75.39999994635582
b11_full,direct,299,173.0,1002.0,1057.3830254416412,1025.4374999999998,31.945525441641408,-55.38302544164142,1457.0,172.0,999.0,1051.5322791729845,-52.53227917298471,0.0,999.0,1,3.0,172,81.79999993741512
b11_full,direct,300,169.0,1005.0,1032.114228653603,1002.9375,29.176728653602666,-27.11422865360266,1536.0,168.0,1000.0,1026.8813519412743,-26.88135194127389,0.0,1000.0,0,5.0,168,79.59999993443489
b11_full,direct,301,142.0,1004.0,894.6566508668083,869.8499999999996,24.80665086680846,109.34334913319161,1226.0,141.0,996.0,889.4066508668083,106.59334913319161,0.0,996.0,4,8.0,141,67.29999995231628
b11_full,direct,302,150.0,1003.0,944.2800331444382,918.1125000000001,26.167533144438323,58.71996685556166,1355.0,149.0,995.0,938.117870982276,56.88212901772382,0.0,995.0,5,8.0,149,69.89999993145466
b11_full,direct,303,158.0,1002.0,985.0030761069758,955.2375000000002,29.765576106976184,16.996923893023826,1187.0,157.0,994.0,978.694252577564,15.305747422435592,0.0,994.0,6,8.0,157,74.29999993741512
b11_full,direct,304,159.0,1007.0,979.7925048003297,954.5624999999999,25.230004800329453,27.207495199670532,1307.0,158.0,998.0,972.2267153266455,25.77328467335474,0.0,998.0,2,9.0,158,74.39999993145466
b11_full,direct,305,161.0,1004.0,1004.4998369960805,974.6999999999999,29.79983699608055,-0.4998369960805391,1091.0,160.0,994.0,996.8998369960805,-2.8998369960805395,0.0,994.0,6,10.0,160,75.39999993145466
b11_full,direct,306,170.0,1009.0,1036.1787359045973,1009.5749999999999,26.603735904596807,-27.178735904596834,1555.0,169.0,1000.0,1030.447966673828,-30.447966673827604,0.0,1000.0,0,9.0,169,80.09999993443489
b11_full,direct,307,164.0,1009.0,1036.0883564232993,1004.0624999999999,32.02585642329875,-27.088356423298716,1410.0,163.0,1000.0,1029.6129465872336,-29.612946587233143,0.0,1000.0,0,9.0,163,77.29999993741512
b11_full,direct,308,159.0,1003.0,989.302423099218,960.4125000000003,28.889923099217786,13.697576900782215,1064.0,158.0,998.0,983.6212636789281,14.37873632107207,0.0,998.0,2,5.0,158,73.9999999254942
b11_full,direct,309,171.0,1010.0,1037.9624761056423,1008.9000000000002,29.062476105642162,-27.962476105642168,1596.0,170.0,1000.0,1029.4910475342137,-29.491047534213596,0.0,1000.0,0,10.0,170,81.19999994337559
b11_full,direct,310,163.0,1003.0,1036.067434760688,1005.8625000000002,30.204934760688573,-33.06743476068857,1258.0,162.0,999.0,1029.95475870435,-30.95475870435054,0.0,999.0,1,4.0,162,77.39999994635582
b11_full,direct,311,165.0,1003.0,1023.9930942321421,992.0249999999997,31.968094232141667,-20.99309423214167,1221.0,164.0,991.0,1016.3714726105204,-25.371472610520048,0.0,991.0,9,12.0,164,78.19999994337559
b11_full,direct,312,152.0,1006.0,941.8001168251528,915.975,25.825116825153195,64.19988317484679,1382.0,151.0,999.0,934.9693475943836,64.03065240561602,0.0,999.0,1,7.0,151,72.09999994933605
b11_full,direct,313,159.0,1006.0,988.8771998197285,963.6750000000002,25.202199819728364,17.122800180271646,1228.0,158.0,997.0,980.4371998197284,16.562800180271644,0.0,997.0,3,9.0,158,75.19999994337559
b11_full,direct,314,153.0,1003.0,962.7253245441653,935.6625000000001,27.062824544165053,40.27467545583494,1318.0,152.0,996.0,957.1432349919265,38.856765008073744,0.0,996.0,4,7.0,152,72.19999994337559
b11_full,direct,315,159.0,1003.0,1007.6337243186672,977.7374999999998,29.89622431866738,-4.633724318667375,957.0,158.0,993.0,1000.9937243186672,-7.993724318667375,0.0,993.0,7,10.0,158,74.59999993443489
b11_full,direct,316,156.0,1007.0,969.3740272663337,941.1750000000002,28.199027266333808,37.6259727336662,1071.0,155.0,999.0,963.6077935000999,35.39220649989997,0.0,999.0,1,8.0,155,72.09999991953373
b11_full,direct,317,161.0,1001.0,1020.1569092757762,991.0125,29.14440927577609,-19.156909275776094,1325.0,160.0,990.0,1013.0854807043477,-23.085480704347525,0.0,990.0,10,11.0,160,75.99999994039536
b11_full,direct,318,152.0,1005.0,960.421435637671,932.7375000000001,27.683935637670636,44.57856436232938,1287.0,151.0,995.0,954.7642927805282,40.23570721947224,0.0,995.0,5,10.0,151,71.09999993443489
b11_full,direct,319,161.0,1007.0,1010.277500631051,979.5374999999999,30.740000631051256,-3.2775006310512467,1408.0,160.0,992.0,1002.2291135342768,-10.229113534277053,0.0,992.0,8,15.0,160,75.79999993741512
b11_full,direct,320,159.0,1004.0,993.0142694976881,966.1500000000001,26.864269497687857,10.985730502312153,1251.0,158.0,999.0,988.0142694976881,10.985730502312153,0.0,999.0,1,5.0,158,74.59999993443489
b11_full,direct,321,164.0,1004.0,1036.4153065663909,1004.5124999999998,31.90280656639078,-32.415306566390775,1227.0,163.0,999.0,1031.0559315663909,-32.055931566390775,0.0,999.0,1,5.0,163,76.89999993145466
b11_full,direct,322,174.0,1002.0,1090.8456498327707,1055.4749999999997,35.37064983277059,-88.84564983277049,1399.0,173.0,995.0,1084.022865022644,-89.02286502264391,0.0,995.0,5,7.0,173,80.8999999165535
b11_full,direct,323,153.0,1003.0,952.1494041538355,924.6374999999998,27.511904153835495,50.8505958461645,1192.0,152.0,995.0,945.5647887692201,49.435211230779885,0.0,995.0,5,8.0,152,71.59999993443489
b11_full,direct,324,168.0,1001.0,1053.9280761263628,1023.2999999999996,30.628076126362384,-52.92807612636239,1371.0,167.0,992.0,1046.6553488536356,-54.65534885363512,0.0,992.0,8,9.0,167,79.69999994337559
b11_full,direct,325,157.0,1004.0,973.796588966217,948.8250000000004,24.97158896621723,30.203411033782785,1116.0,156.0,995.0,968.116588966217,26.883411033782785,0.0,995.0,5,9.0,156,74.39999994635582
b11_full,direct,326,155.0,1003.0,982.7781201249708,956.2500000000002,26.528120124971025,20.221879875028975,1678.0,154.0,998.0,977.4052387690385,20.59476123096118,0.0,998.0,2,5.0,154,72.39999993145466
b11_full,direct,327,157.0,1005.0,970.3188367828086,945.3374999999997,24.981336782808174,34.68116321719184,1351.0,156.0,998.0,964.8500867828086,33.14991321719184,0.0,998.0,2,7.0,156,73.79999993741512
b11_full,direct,328,158.0,1002.0,995.5579051827568,968.5125000000003,27.045405182756824,6.442094817243198,1496.0,157.0,990.0,987.0864766113283,2.91352338867177,0.0,990.0,10,12.0,157,74.49999994039536
b11_full,direct,329,159.0,1004.0,1001.9206201907426,971.1,30.82062019074225,2.0793798092577562,1175.0,158.0,999.0,994.4647378378014,4.535262162198933,0.0,999.0,1,5.0,158,74.39999993145466
b11_full,direct,330,168.0,1006.0,1039.5241760335484,1010.1375000000002,29.386676033548113,-33.524176033548116,1869.0,167.0,1000.0,1032.2424858927034,-32.242485892703044,0.0,1000.0,0,6.0,167,79.89999994635582
b11_full,direct,331,163.0,1003.0,1012.9023689976747,985.3875000000002,27.514868997674654,-9.90236899767465,1353.0,162.0,995.0,1007.1361352314409,-12.136135231440884,0.0,995.0,5,8.0,162,76.79999993741512
b11_full,direct,332,172.0,1002.0,1058.3026899946294,1027.9125000000004,30.39018999462976,-56.30268999462978,1565.0,171.0,997.0,1052.4639803172101,-55.46398031721043,0.0,997.0,3,5.0,171,80.69999992847443
b11_full,direct,333,162.0,1001.0,1009.082648892981,983.5874999999996,25.495148892981085,-8.082648892981059,1361.0,161.0,992.0,1003.282648892981,-11.282648892981058,0.0,992.0,8,9.0,161,76.29999993741512
b11_full,direct,334,155.0,1001.0,969.8734742454424,943.7625000000002,26.1109742454418,31.126525754558216,1635.0,154.0,995.0,963.9657819377501,31.034218062250524,0.0,995.0,5,6.0,154,73.99999995529652
b11_full,direct,335,169.0,1005.0,1031.1935965771306,1003.8375000000001,27.356096577130113,-26.193596577130087,1269.0,168.0,1000.0,1025.9935965771306,-25.993596577130088,0.0,1000.0,0,5.0,168,79.19999992847443
b11_full,direct,336,153.0,1001.0,951.9239524681723,928.2375000000003,23.6864524681721,49.0760475318279,1411.0,152.0,994.0,946.2810953253152,47.71890467468505,0.0,994.0,6,7.0,152,71.79999993741512
b11_full,direct,337,158.0,1001.0,984.3127968963943,956.2499999999998,28.062796896394236,16.687203103605754,1450.0,157.0,993.0,977.5301882007421,15.469811799257926,0.0,993.0,7,8.0,157,73.29999992251396
b11_full,direct,338,179.0,1010.0,1086.0689917166299,1055.2500000000002,30.81899171662944,-76.0689917166294,1434.0,178.0,998.0,1079.5305301781684,-81.53053017816787,0.0,998.0,2,12.0,178,84.19999992847443
b11_full,direct,339,158.0,1002.0,1001.8234846761652,976.5000000000001,25.323484676164984,0.17651532383503543,1110.0,157.0,997.0,993.3834846761652,3.616515323835035,0.0,997.0,3,5.0,157,74.09999993443489
b11_full,direct,340,168.0,1007.0,1052.7768009750644,1021.0500000000002,31.726800975064297,-45.77680097506427,1602.0,167.0,996.0,1046.3677100659734,-50.36771006597336,0.0,996.0,4,11.0,167,79.29999993741512
b11_full,direct,341,169.0,1002.0,1045.0367745780813,1015.7624999999998,29.274274578081407,-43.03677457808139,1395.0,168.0,996.0,1039.3325492259687,-43.33254922596871,0.0,996.0,4,6.0,168,79.39999993145466
b11_full,direct,342,166.0,1001.0,1025.924817109938,999.3374999999997,26.587317109938432,-24.92481710993842,1371.0,165.0,995.0,1019.8995006542418,-24.899500654242217,0.0,995.0,5,6.0,165,77.89999993145466
b11_full,direct,343,159.0,1007.0,990.761937496289,965.4750000000001,25.28693749628885,16.238062503711145,1719.0,158.0,996.0,983.7947243815348,12.205275618465244,0.0,996.0,4,11.0,158,75.39999994635582
b11_full,direct,344,174.0,1013.0,1074.8870818301355,1044.2249999999997,30.662081830135065,-61.887081830135074,1655.0,173.0,999.0,1067.2620818301355,-68.26208183013507,0.0,999.0,1,14.0,173,81.4999999254942
b11_full,direct,345,163.0,1001.0,1013.8502695200835,988.4250000000001,25.425269520083887,-12.850269520083906,1260.0,162.0,995.0,1008.7363454694506,-13.736345469450995,0.0,995.0,5,6.0,162,76.39999993145466
b11_full,direct,346,163.0,1001.0,1006.3670620232158,981.8999999999999,24.46706202321549,-5.367062023215476,1335.0,162.0,995.0,1000.6835177194183,-5.683517719418008,0.0,995.0,5,6.0,162,76.99999994039536
b11_full,direct,347,168.0,1009.0,1026.9853732436502,995.5125000000002,31.472873243649794,-17.985373243649775,1327.0,167.0,998.0,1020.3367245950014,-22.336724595001126,0.0,998.0,2,11.0,167,77.49999991059303
b11_full,direct,348,158.0,1004.0,976.5424417526109,946.4624999999996,30.079941752610296,27.45755824738969,1091.0,157.0,997.0,969.2995846097538,27.700415390246835,0.0,997.0,3,7.0,157,73.89999993145466
b11_full,direct,349,166.0,1002.0,1044.0728510818935,1017.0000000000002,27.072851081894143,-42.072851081894136,1362.0,165.0,992.0,1036.5070616082094,-44.50706160820992,0.0,992.0,8,10.0,165,78.69999994337559
b11_full,direct,350,163.0,1001.0,1002.6501995850895,974.9249999999998,27.725199585088937,-1.6501995850889317,1452.0,162.0,997.0,995.6930567279466,1.3069432720539256,0.0,997.0,3,4.0,162,76.39999993145466
b11_full,direct,351,166.0,1007.0,1026.4641024920663,999.3374999999997,27.126602492065814,-19.464102492065813,1487.0,165.0,1000.0,1019.6413176819397,-19.64131768193923,0.0,1000.0,0,7.0,165,77.69999992847443
b11_full,direct,352,165.0,1001.0,1026.6184344280568,999.5625,27.055934428056887,-25.618434428056858,1505.0,164.0,997.0,1020.947381796478,-23.94738179647791,0.0,997.0,3,4.0,164,77.39999993145466
b11_full,direct,353,151.0,1005.0,946.4643096489153,921.2625,25.201809648915056,58.535690351084924,1216.0,150.0,997.0,940.523133178327,56.476866821673156,0.0,997.0,3,8.0,150,70.99999994039536
b11_full,direct,354,162.0,1001.0,990.7985702528425,965.25,25.548570252842268,10.201429747157734,1614.0,161.0,1000.0,984.5521934412483,15.447806558751937,0.0,1000.0,0,1.0,161,77.09999994933605
b11_full,direct,355,159.0,1002.0,987.0010275589419,959.5124999999997,27.488527558941925,14.998972441058058,1379.0,158.0,996.0,980.3826065063104,15.617393493689637,0.0,996.0,4,6.0,158,74.79999993741512
b11_full,direct,356,174.0,1002.0,1066.9244464698243,1035.3375000000005,31.58694646982395,-64.92444646982393,1354.0,173.0,997.0,1061.727725158349,-64.72772515834852,0.0,997.0,3,5.0,173,82.29999993741512
b11_full,direct,357,161.0,1007.0,993.6881141965116,964.6875000000003,29.00061419651146,13.311885803488526,1212.0,160.0,996.0,986.865329386385,9.134670613615107,0.0,996.0,4,11.0,160,75.19999992847443
b11_full,direct,358,153.0,1003.0,948.4036919649135,923.7375,24.66619196491321,54.5963080350868,1362.0,152.0,996.0,943.2419272590312,52.758072740969155,0.0,996.0,4,7.0,152,71.59999993443489
b11_full,direct,359,163.0,1003.0,1002.301738133858,975.9374999999999,26.3642381338574,0.6982618661426345,1594.0,162.0,994.0,996.8164440162109,-2.8164440162103066,0.0,994.0,6,9.0,162,76.59999993443489
b11_full,direct,360,167.0,1012.0,1030.970126386923,1005.0750000000003,25.895126386922986,-18.970126386922974,1349.0,166.0,1000.0,1024.3733521933748,-24.373352193374586,0.0,1000.0,0,12.0,166,78.59999993443489
b11_full,direct,361,164.0,1007.0,1020.5060346028087,991.4625000000002,29.043534602808236,-13.506034602808219,1257.0,163.0,1000.0,1015.2266228381028,-15.226622838102337,0.0,1000.0,0,7.0,163,77.09999993443489
b11_full,direct,362,155.0,1002.0,981.9761606707243,953.4374999999999,28.53866067072402,20.023839329275983,1262.0,154.0,998.0,975.9444146389783,22.055585361022015,0.0,998.0,2,4.0,154,72.99999994039536
b11_full,direct,363,169.0,1004.0,1043.5995838762212,1011.3749999999997,32.2245838762209,-39.59958387622091,1571.0,168.0,999.0,1038.445737722375,-39.44573772237476,0.0,999.0,1,5.0,168,79.19999992847443
b11_full,direct,364,159.0,1001.0,983.8557956791193,953.0999999999996,30.755795679119295,17.144204320880704,1339.0,158.0,996.0,977.3557956791193,18.644204320880704,0.0,996.0,4,5.0,158,74.39999993145466
b11_full,direct,365,151.0,1010.0,952.0626102836962,923.9624999999999,28.100110283696505,57.93738971630351,1190.0,150.0,1000.0,946.5283637083538,53.47163629164597,0.0,1000.0,0,10.0,150,71.19999994337559
b11_full,direct,366,161.0,1014.0,994.5013313736764,968.8499999999998,25.651331373676538,19.49866862632346,1367.0,160.0,1000.0,987.6918075641526,12.30819243584727,0.0,1000.0,0,14.0,160,75.79999993741512
b11_full,direct,367,159.0,1004.0,1005.4102750595749,975.2624999999999,30.147775059574894,-1.410275059574877,1190.0,158.0,995.0,999.730275059575,-4.730275059574877,0.0,995.0,5,9.0,158,74.39999993145466
b11_full,direct,368,158.0,1003.0,1000.5486347376618,971.4375000000001,29.111134737661377,2.4513652623386015,1139.0,157.0,993.0,995.2563270453542,-2.2563270453537063,0.0,993.0,7,10.0,157,74.69999994337559
b11_full,direct,369,163.0,1001.0,1007.7852839081997,983.3625,24.422783908199804,-6.7852839081998155,1388.0,162.0,993.0,1002.0352839081997,-9.035283908199816,0.0,993.0,7,8.0,162,76.79999993741512
b11_full,direct,370,158.0,1005.0,996.2493060605836,969.0749999999998,27.174306060583337,8.75069393941667,1341.0,157.0,998.0,990.1045692184783,7.895430781521934,0.0,998.0,2,7.0,157,74.29999993741512
b11_full,direct,371,167.0,1005.0,1048.676449358122,1020.7124999999996,27.9639493581219,-43.6764493581219,1721.0,166.0,998.0,1043.3382140640044,-45.338214064004255,0.0,998.0,2,7.0,166,79.19999994337559
b11_full,direct,372,166.0,1007.0,1031.679778547708,1003.2750000000002,28.40477854770799,-24.679778547708,1395.0,165.0,1000.0,1025.6226356905652,-25.622635690565144,0.0,1000.0,0,7.0,165,77.69999992847443
b11_full,direct,373,150.0,1001.0,939.3701091673811,913.05,26.320109167380878,61.62989083261909,1291.0,149.0,997.0,934.6201091673811,62.37989083261909,0.0,997.0,3,4.0,149,70.29999993741512
b11_full,direct,374,165.0,1007.0,1015.185845095966,983.3625000000002,31.823345095966324,-8.185845095966283,1416.0,164.0,1000.0,1009.4550758651967,-9.455075865197053,0.0,1000.0,0,7.0,164,77.39999993145466
b11_full,direct,375,159.0,1008.0,993.3585738485785,967.1625,26.196073848578045,14.641426151421955,1536.0,158.0,1000.0,986.7353854427814,13.264614557219057,0.0,1000.0,0,8.0,158,74.39999993145466
b11_full,direct,376,163.0,1003.0,1005.8804278742796,974.8125000000001,31.067927874279164,-2.880427874279171,1340.0,162.0,996.0,1000.0893830981602,-4.089383098159768,0.0,996.0,4,7.0,162,77.19999994337559
b11_full,direct,377,174.0,1004.0,1060.192976268024,1029.6,30.59297626802423,-56.19297626802422,1558.0,173.0,998.0,1055.42082436929,-57.42082436929004,0.0,998.0,2,6.0,173,81.29999992251396
b11_full,direct,378,159.0,1003.0,999.1022075313031,969.8625000000001,29.23970753130302,3.8977924686969816,1358.0,158.0,999.0,994.0553325313031,4.944667468696982,0.0,999.0,1,4.0,158,75.19999994337559
b11_full,direct,379,161.0,1005.0,1010.2847359845424,981.7875,28.49723598454225,-5.2847359845422694,1588.0,160.0,994.0,1002.6047359845425,-8.60473598454227,0.0,994.0,6,11.0,160,75.19999992847443
b11_full,direct,380,156.0,1001.0,968.1543582973735,942.8624999999996,25.291858297373743,32.84564170262624,1452.0,155.0,996.0,960.5885688236893,35.41143117631045,0.0,996.0,4,5.0,155,73.69999994337559
b11_full,direct,381,148.0,1005.0,949.1021250272807,920.4750000000001,28.627125027281096,55.89787497271894,1420.0,147.0,990.0,940.9122516095592,49.08774839044045,0.0,990.0,10,15.0,147,68.4999999254942
b11_full,direct,382,162.0,1004.0,1027.2160757195704,996.8624999999998,30.35357571957047,-23.21607571957047,1213.0,161.0,996.0,1020.5174455825842,-24.51744558258417,0.0,996.0,4,8.0,161,75.69999992847443
b11_full,direct,383,172.0,1004.0,1069.8537555102935,1036.1249999999998,33.728755510293546,-65.85375551029354,1275.0,171.0,991.0,1062.8394697960077,-71.83946979600782,0.0,991.0,9,13.0,171,81.09999993443489
b11_full,direct,384,166.0,1001.0,1012.602013892976,986.7375000000001,25.864513892975317,-11.602013892975318,1282.0,165.0,994.0,1006.442013892976,-12.442013892975318,0.0,994.0,6,7.0,165,78.09999993443489
b11_full,direct,385,165.0,1010.0,1015.2020690277518,985.5,29.702069027751556,-5.202069027751542,1434.0,164.0,1000.0,1009.5592118848947,-9.559211884894399,0.0,1000.0,0,10.0,164,77.59999993443489
b11_full,direct,386,167.0,1005.0,1042.2000351375902,1013.2875,28.912535137589952,-37.20003513758993,1634.0,166.0,998.0,1036.3644186992342,-38.36441869923377,0.0,998.0,2,7.0,166,78.99999994039536
b11_full,direct,387,173.0,1001.0,1060.3926311423638,1034.9999999999998,25.392631142363285,-59.392631142363285,1445.0,172.0,995.0,1053.3926311423638,-58.392631142363285,0.0,995.0,5,6.0,172,81.19999992847443
b11_full,direct,388,149.0,1002.0,934.2811292858161,906.7499999999997,27.531129285815975,67.71887071418404,1245.0,148.0,993.0,927.2533515080382,65.7466484919618,0.0,993.0,7,9.0,148,69.79999993741512
b11_full,direct,389,153.0,1009.0,939.0453774906837,911.6999999999999,27.34537749068344,69.95462250931655,1158.0,152.0,999.0,933.3743248591047,65.6256751408955,0.0,999.0,1,10.0,152,71.39999993145466
b11_full,direct,390,162.0,1003.0,1022.7511186780172,993.8249999999998,28.9261186780174,-19.751118678017406,1214.0,161.0,999.0,1018.0368329637315,-19.03683296373169,0.0,999.0,1,4.0,161,76.29999993741512
b11_full,direct,391,168.0,1006.0,1036.2720295346724,1004.2875,31.9845295346719,-30.27202953467187,1548.0,167.0,998.0,1030.1120295346723,-32.11202953467187,0.0,998.0,2,8.0,167,78.89999993145466
b11_full,direct,392,153.0,1003.0,970.1388251760885,942.5250000000002,27.61382517608845,32.861174823911504,1226.0,152.0,998.0,965.2221585094219,32.77784149057817,0.0,998.0,2,5.0,152,72.59999994933605
b11_full,direct,393,159.0,1004.0,982.6032675652481,956.2500000000002,26.353267565248235,21.396732434751765,1480.0,158.0,1000.0,977.1184190803996,22.88158091960025,0.0,1000.0,0,4.0,158,74.59999993443489
b11_full,direct,394,164.0,1003.0,1006.3639482912067,979.3125,27.051448291207056,-3.3639482912070333,1346.0,163.0,993.0,1001.2090187137419,-8.209018713742244,0.0,993.0,7,10.0,163,77.49999994039536
b11_full,direct,395,162.0,1001.0,987.8663480566313,961.3125000000005,26.5538480566309,13.133651943369092,1392.0,161.0,994.0,982.0428186448665,11.957181355133798,0.0,994.0,6,7.0,161,75.69999992847443
b11_full,direct,396,162.0,1007.0,1017.0241509957143,991.0124999999998,26.01165099571421,-10.02415099571419,1605.0,161.0,994.0,1009.8019287734921,-15.80192877349197,0.0,994.0,6,13.0,161,76.89999994635582
b11_full,direct,397,148.0,1003.0,928.8670218506873,904.5000000000002,24.36702185068722,74.13297814931282,1467.0,147.0,999.0,924.0013502088962,74.99864979110386,0.0,999.0,1,4.0,147,69.29999993741512
b11_full,direct,398,163.0,1001.0,1010.0886011037544,981.7874999999997,28.301101103754206,-9.088601103754206,1462.0,162.0,995.0,1003.1314582466115,-8.131458246611349,0.0,995.0,5,6.0,162,76.79999993741512
b11_full,direct,399,166.0,1005.0,1042.2921665605697,1014.6374999999998,27.65466656056943,-37.29216656056938,1086.0,165.0,998.0,1035.3184823500435,-37.31848235004306,0.0,998.0,2,7.0,165,78.29999993741512
b11_full,direct,400,173.0,1007.0,1061.981796038463,1031.7375,30.24429603846308,-54.98179603846307,1302.0,172.0,1000.0,1056.5984627051296,-56.598462705129734,0.0,1000.0,0,7.0,172,81.59999993443489
b11_full,direct,401,165.0,1007.0,1015.2764907463281,987.7500000000002,27.526490746328324,-8.276490746328353,1258.0,164.0,1000.0,1009.2598240796615,-9.259824079661687,0.0,1000.0,0,7.0,164,77.99999994039536
b11_full,direct,402,156.0,1003.0,969.0387478441164,941.2875,27.75124784411668,33.96125215588333,1505.0,155.0,999.0,963.6780921064114,35.32190789358825,0.0,999.0,1,4.0,155,73.29999993741512
b11_full,direct,403,158.0,1005.0,977.0183809752496,957.0374999999998,19.980880975249875,27.981619024750128,1509.0,157.0,998.0,972.357090652669,25.64290934733077,0.0,998.0,2,7.0,157,74.29999993741512
b11_full,direct,404,156.0,1001.0,969.2251802947873,943.4250000000001,25.80018029478671,31.774819705213297,1211.0,155.0,990.0,962.2533493088717,27.74665069112879,0.0,990.0,10,11.0,155,73.29999993741512
b11_full,direct,405,167.0,1001.0,1032.5093738129135,1002.1500000000001,30.3593738129126,-31.509373812912578,1396.0,166.0,998.0,1026.4324507359904,-28.4324507359895,0.0,998.0,2,3.0,166,78.59999993443489
b11_full,direct,406,169.0,1003.0,1057.064881230891,1024.5375,32.52738123089082,-54.064881230890826,1400.0,168.0,994.0,1049.8033427693524,-55.80334276935236,0.0,994.0,6,9.0,168,79.99999994039536
b11_full,direct,407,156.0,1003.0,976.695395679318,949.05,27.645395679318174,26.30460432068183,1285.0,155.0,998.0,969.3029906160269,28.69700938397297,0.0,998.0,2,5.0,155,71.8999999165535
b11_full,direct,408,165.0,1002.0,1014.8120365793671,984.4875000000002,30.32453657936696,-12.812036579366936,1428.0,164.0,997.0,1009.8953699127005,-12.895369912700268,0.0,997.0,3,5.0,164,77.79999993741512
b11_full,direct,409,156.0,1005.0,981.1382642324496,950.2875,30.85076423245008,23.861735767549927,1225.0,155.0,1000.0,975.9382642324496,24.061735767549926,0.0,1000.0,0,5.0,155,72.4999999254942
b11_full,direct,410,165.0,1003.0,1021.7945443136177,992.8124999999999,28.982044313618,-18.794544313618015,1266.0,164.0,990.0,1014.4021392503266,-24.402139250326876,0.0,990.0,10,13.0,164,78.19999994337559
b11_full,direct,411,165.0,1002.0,1018.347273294574,992.475,25.87227329457417,-16.34727329457413,1726.0,164.0,994.0,1012.6979226452235,-18.69792264522348,0.0,994.0,6,8.0,164,77.19999992847443
b11_full,direct,412,163.0,1013.0,1027.0546077670722,998.8875000000004,28.167107767071826,-14.054607767071818,1501.0,162.0,999.0,1018.7853769978415,-19.78537699784105,0.0,999.0,1,14.0,162,77.19999994337559
b11_full,direct,413,160.0,1010.0,991.8890183330782,962.7749999999997,29.114018333077965,18.110981666922036,1095.0,159.0,999.0,985.3046027486625,13.69539725133762,0.0,999.0,1,11.0,159,74.89999993145466
b11_full,direct,414,159.0,1004.0,981.0719554690583,954.9,26.17195546905826,22.928044530941744,1143.0,158.0,998.0,974.9272186269529,23.072781373047007,0.0,998.0,2,6.0,158,74.59999993443489
b11_full,direct,415,158.0,1001.0,965.0343415889068,940.8375,24.19684158890668,35.96565841109332,1302.0,157.0,995.0,959.8369731678542,35.16302683214595,0.0,995.0,5,6.0,157,74.09999993443489
b11_full,direct,416,159.0,1008.0,992.804971819114,968.8499999999999,23.954971819114053,15.195028180885952,1474.0,158.0,998.0,986.1563231704654,11.843676829534601,0.0,998.0,2,10.0,158,74.99999994039536
b11_full,direct,417,171.0,1006.0,1045.6681764134264,1014.6375,31.030676413426043,-39.66817641342603,1256.0,170.0,998.0,1039.6534705310735,-41.65347053107309,0.0,998.0,2,8.0,170,80.99999994039536
b11_full,direct,418,163.0,1005.0,1005.59742965525,977.6249999999997,27.972429655249712,-0.5974296552497167,1668.0,162.0,997.0,1000.2591943611324,-3.25919436113207,0.0,997.0,3,8.0,162,76.59999993443489
b11_full,direct,419,157.0,1001.0,974.3445566118315,947.1374999999999,27.207056611831863,26.655443388168152,1173.0,156.0,999.0,967.80609507337,31.193904926629692,0.0,999.0,1,2.0,156,73.79999993741512
b11_full,direct,420,159.0,1002.0,984.6574072746886,956.1374999999996,28.519907274688634,17.342592725311363,1065.0,158.0,999.0,979.851851719133,19.14814828086692,0.0,999.0,1,3.0,158,73.79999992251396
b11_full,direct,421,157.0,1001.0,992.2013032754927,964.7999999999998,27.401303275492374,8.798696724507634,1197.0,156.0,991.0,983.7081525905612,7.291847409439141,0.0,991.0,9,10.0,156,74.19999994337559
b11_full,direct,422,163.0,1014.0,992.9823319340086,966.8250000000002,26.157331934007672,21.01766806599231,1296.0,162.0,999.0,984.7550592067358,14.244940793265037,0.0,999.0,1,15.0,162,76.79999993741512
b11_full,direct,423,163.0,1006.0,1021.8170593987079,995.3999999999997,26.417059398707913,-15.817059398707961,1302.0,162.0,995.0,1016.1274042262941,-21.127404226294168,0.0,995.0,5,11.0,162,77.79999995231628
b11_full,direct,424,167.0,1003.0,1029.6006609713108,1001.6999999999996,27.900660971310906,-26.600660971310884,1393.0,166.0,999.0,1023.5237378943878,-24.523737894387807,0.0,999.0,1,4.0,166,78.39999993145466
b11_full,direct,425,156.0,1004.0,985.551257090837,955.2375000000002,30.313757090837044,18.44874290916295,1402.0,155.0,999.0,980.051257090837,18.94874290916295,0.0,999.0,1,5.0,155,73.09999993443489
b11_full,direct,426,156.0,1004.0,970.5289822875087,946.125,24.403982287509255,33.47101771249074,1667.0,155.0,1000.0,965.3645987258649,34.63540127413458,0.0,1000.0,0,4.0,155,73.09999993443489
b11_full,direct,427,154.0,1006.0,973.0586501110215,947.3625000000001,25.69615011102129,32.94134988897873,1589.0,153.0,997.0,967.9336501110215,29.066349888978728,0.0,997.0,3,9.0,153,71.4999999254942
b11_full,direct,428,163.0,1001.0,1002.8873248422311,975.15,27.7373248422312,-1.8873248422311812,1583.0,162.0,994.0,995.8873248422311,-1.8873248422311812,0.0,994.0,6,7.0,162,76.39999993145466
b11_full,direct,429,152.0,1001.0,942.6390314231971,917.2125,25.426531423197183,58.3609685768028,1417.0,151.0,998.0,937.0615666344647,60.93843336553519,0.0,998.0,2,3.0,151,71.89999994635582
b11_full,direct,430,162.0,1002.0,1006.7425907234685,979.6500000000001,27.09259072346849,-4.742590723468499,1504.0,161.0,993.0,1000.1175907234685,-7.117590723468499,0.0,993.0,7,9.0,161,75.69999992847443
b11_full,direct,431,154.0,1006.0,968.5900250548646,938.5875000000001,30.002525054863874,37.40997494513613,1198.0,153.0,999.0,963.0204048017,35.979595198300686,0.0,999.0,1,7.0,153,71.89999993145466
b11_full,direct,432,158.0,1004.0,1004.5086980218455,975.6,28.908698021845257,-0.508698021845241,1552.0,157.0,998.0,996.9030642190286,1.09693578097166,0.0,998.0,2,6.0,157,75.09999994933605
b11_full,direct,433,165.0,1004.0,1024.8011681292567,995.9625000000003,28.838668129256718,-20.801168129256745,1601.0,164.0,998.0,1020.2046769011865,-22.20467690118657,0.0,998.0,2,6.0,164,77.59999993443489
b11_full,direct,434,171.0,1005.0,1041.9083812819213,1014.8625000000002,27.045881281921034,-36.90838128192104,1483.0,170.0,991.0,1035.14125799425,-44.141257994249806,0.0,991.0,9,14.0,170,79.9999999254942
b11_full,direct,435,159.0,1002.0,995.9820924400335,965.475,30.507092440033812,6.0179075599662015,1709.0,158.0,992.0,988.462611920553,3.537388079446721,0.0,992.0,8,10.0,158,75.59999994933605
b11_full,direct,436,164.0,1009.0,997.3059967220713,969.0749999999997,28.230996722071296,11.69400327792871,1252.0,163.0,995.0,988.9236437808948,6.076356219105181,0.0,995.0,5,14.0,163,77.29999993741512
b11_full,direct,437,152.0,1008.0,943.6578363482647,917.2124999999995,26.445336348264437,64.34216365173555,1238.0,151.0,1000.0,937.4043152215041,62.595684778496114,0.0,1000.0,0,8.0,151,71.49999994039536
b11_full,direct,438,161.0,1008.0,1010.9571774620957,981.7874999999998,29.169677462095883,-2.9571774620958893,1466.0,160.0,998.0,1004.163059815037,-6.163059815037066,0.0,998.0,2,10.0,160,74.79999992251396
b11_full,direct,439,161.0,1003.0,1019.7329027984895,993.8249999999999,25.90790279848939,-16.73290279848935,1538.0,160.0,994.0,1013.0890671820512,-19.089067182050993,0.0,994.0,6,9.0,160,76.59999994933605
b11_full,direct,440,150.0,1001.0,964.4419721608601,936.0,28.441972160859983,36.558027839140024,1185.0,149.0,997.0,959.2298509487389,37.770149051261235,0.0,997.0,3,4.0,149,69.69999992847443
b11_full,direct,441,172.0,1001.0,1066.727143631241,1034.325,32.40214363124098,-65.72714363124099,1193.0,171.0,999.0,1061.887143631241,-62.887143631240995,0.0,999.0,1,2.0,171,81.09999993443489
b11_full,direct,442,160.0,1004.0,999.1467774301741,968.2875,30.859277430173755,4.853222569826238,1162.0,159.0,1000.0,992.5067774301741,7.493222569826238,0.0,1000.0,0,4.0,159,75.49999994039536
b11_full,direct,443,156.0,1003.0,959.876842491036,935.0999999999999,24.776842491035463,43.123157508964525,1375.0,155.0,993.0,952.9031582805096,40.09684171949084,0.0,993.0,7,10.0,155,73.89999994635582
b11_full,direct,444,163.0,1003.0,1021.8340845183295,992.7000000000003,29.134084518329093,-18.834084518329124,1101.0,162.0,996.0,1014.9792458086521,-18.979245808651704,0.0,996.0,4,7.0,162,75.79999992251396
b11_full,direct,445,148.0,1001.0,928.1579647697081,903.9375000000002,24.220464769708023,72.842035230292,1189.0,147.0,997.0,923.1195032312465,73.88049676875353,0.0,997.0,3,4.0,147,70.09999994933605
b11_full,direct,446,153.0,1003.0,954.0796415542329,926.4374999999998,27.642141554232573,48.92035844576741,1476.0,152.0,994.0,948.7719492465407,45.22805075345972,0.0,994.0,6,9.0,152,72.19999994337559
b11_full,direct,447,154.0,1003.0,949.5743325233217,924.3000000000002,25.274332523321426,53.42566747667859,1356.0,153.0,995.0,944.5743325233217,50.42566747667859,0.0,995.0,5,8.0,153,72.89999994635582
b11_full,direct,448,161.0,1004.0,999.581541633329,973.4624999999995,26.11904163332879,4.418458366671186,1614.0,160.0,997.0,994.0490741008615,2.950925899138719,0.0,997.0,3,7.0,160,75.79999993741512
b11_full,direct,449,162.0,1004.0,1001.9419639367043,972.225,29.71696393670425,2.0580360632957513,1419.0,161.0,998.0,995.2881177828581,2.7118822171419055,0.0,998.0,2,6.0,161,76.29999993741512
b11_full,direct,450,159.0,1009.0,991.805172442431,961.9875000000004,29.817672442430972,17.19482755756904,1357.0,158.0,1000.0,985.9718391090976,14.028160890902374,0.0,1000.0,0,9.0,158,74.39999993145466
b11_full,direct,451,171.0,1008.0,1042.7365952853054,1014.3000000000004,28.4365952853053,-34.736595285305285,1220.0,170.0,999.0,1034.3418584432002,-35.34185844320002,0.0,999.0,1,9.0,170,80.39999993145466
b11_full,direct,452,153.0,1008.0,960.2243090520778,931.4999999999999,28.72430905207812,47.77569094792187,1427.0,152.0,996.0,953.6858475136163,42.31415248638341,0.0,996.0,4,12.0,152,71.99999994039536
b11_full,direct,453,164.0,1004.0,1026.0181179562169,994.6125000000003,31.405617956216894,-22.018117956216845,1517.0,163.0,991.0,1017.5181179562169,-26.518117956216845,0.0,991.0,9,13.0,163,77.09999993443489
b11_full,direct,454,169.0,1005.0,1058.114568873388,1028.4750000000001,29.639568873387944,-53.11456887338793,1088.0,168.0,999.0,1052.5803222980455,-53.580322298045466,0.0,999.0,1,6.0,168,78.59999991953373
b11_full,direct,455,157.0,1001.0,962.5515193545457,935.8874999999998,26.664019354545367,38.44848064545462,1489.0,156.0,992.0,957.3800907831171,34.619909216883194,0.0,992.0,8,9.0,156,73.39999993145466
b11_full,direct,456,159.0,1001.0,1000.4424631195436,973.4625000000002,26.979963119543402,0.557536880456623,1206.0,158.0,993.0,994.986766917012,-1.9867669170117317,0.0,993.0,7,8.0,158,73.9999999254942
b11_full,direct,457,158.0,1008.0,998.9733859540617,971.2124999999997,27.760885954061678,9.02661404593832,1677.0,157.0,1000.0,991.9733859540617,8.02661404593832,0.0,1000.0,0,8.0,157,74.09999993443489
b11_full,direct,458,162.0,1005.0,1005.8763650851563,977.4000000000002,28.476365085156385,-0.8763650851563867,1502.0,161.0,997.0,1000.1092417974851,-3.1092417974851534,0.0,997.0,3,8.0,161,75.89999993145466
b11_full,direct,459,157.0,1002.0,990.4071104717627,960.075,30.3321104717621,11.592889528237915,1343.0,156.0,1000.0,985.3281631033417,14.671836896658967,0.0,1000.0,0,2.0,156,73.59999993443489
b11_full,direct,460,169.0,1008.0,1034.910819735922,1005.7499999999998,29.160819735922068,-26.91081973592207,1443.0,168.0,999.0,1029.396113853569,-30.39611385356913,0.0,999.0,1,9.0,168,80.19999994337559
b11_full,direct,461,162.0,1006.0,1006.6264574021244,977.85,28.77645740212408,-0.6264574021240774,1336.0,161.0,997.0,999.6264574021244,-2.6264574021240774,0.0,997.0,3,9.0,161,75.4999999254942
b11_full,direct,462,154.0,1005.0,963.7049651296622,941.0625000000002,22.64246512966237,41.29503487033758,1655.0,153.0,993.0,955.3226121884858,37.67738781151405,0.0,993.0,7,12.0,153,72.49999994039536
b11_full,direct,463,157.0,1001.0,974.0501724703573,948.8249999999998,25.225172470357336,26.949827529642654,1498.0,156.0,995.0,969.2190036391885,25.780996360811486,0.0,995.0,5,6.0,156,74.39999994635582
b11_full,direct,464,167.0,1003.0,1036.1203684119782,1006.5374999999998,29.582868411978097,-33.12036841197811,1180.0,166.0,997.0,1031.2003684119782,-34.20036841197811,0.0,997.0,3,6.0,166,77.19999991357327
b11_full,direct,465,155.0,1009.0,966.5862566244136,941.9625000000001,24.62375662441349,42.41374337558651,1445.0,154.0,1000.0,960.7355103557569,39.26448964424323,0.0,1000.0,0,9.0,154,73.59999994933605
b11_full,direct,466,164.0,1005.0,1007.2618595050931,982.1250000000003,25.136859505092943,-2.2618595050929224,1539.0,163.0,998.0,1001.7618595050931,-3.7618595050929224,0.0,998.0,2,7.0,163,76.69999992847443
b11_full,direct,467,167.0,1001.0,1021.3403131979039,992.6999999999998,28.64031319790425,-20.340313197904255,1414.0,166.0,989.0,1012.8191864373406,-23.819186437340875,0.0,989.0,11,12.0,166,78.39999993145466
b11_full,direct,468,169.0,1011.0,1045.382224189454,1017.4499999999998,27.932224189454026,-34.38222418945399,1331.0,168.0,1000.0,1039.356907733758,-39.356907733757794,0.0,1000.0,0,11.0,168,79.39999993145466
b11_full,direct,469,151.0,1003.0,965.0789913503216,938.5875000000002,26.49149135032155,37.92100864967847,1251.0,150.0,999.0,960.2133197085305,38.786680291469516,0.0,999.0,1,4.0,150,71.59999994933605
b11_full,direct,470,149.0,1001.0,949.7502644894663,923.4,26.350264489466497,51.24973551053348,1051.0,148.0,1000.0,943.5902644894663,56.40973551053348,0.0,1000.0,0,1.0,148,69.19999992847443
b11_full,direct,471,159.0,1004.0,984.5474309612987,958.9500000000003,25.59743096129828,19.452569038701714,1334.0,158.0,997.0,977.0279504418181,19.972049558182235,0.0,997.0,3,7.0,158,74.59999993443489
b11_full,direct,472,161.0,1006.0,1003.6690972387784,975.9375000000005,27.731597238778,2.330902761222033,1401.0,160.0,995.0,997.0506761861468,-2.0506761861463882,0.0,995.0,5,11.0,160,75.19999992847443
b11_full,direct,473,169.0,1001.0,1044.2656879058118,1014.0750000000002,30.190687905811863,-43.26568790581185,1203.0,168.0,999.0,1039.434519074643,-40.43451907464302,0.0,999.0,1,2.0,168,78.59999991953373
b11_full,direct,474,165.0,1001.0,1019.151140061593,993.375,25.776140061592532,-18.151140061592507,1310.0,164.0,998.0,1014.4368543473073,-16.43685434730679,0.0,998.0,2,3.0,164,77.19999992847443
b11_full,direct,475,173.0,1009.0,1096.0283631426867,1066.5,29.52836314268665,-87.02836314268662,1625.0,172.0,999.0,1091.1877834325417,-92.18778343254169,0.0,999.0,1,10.0,172,81.19999992847443
b11_full,direct,476,165.0,1005.0,1032.6796471251012,1003.725,28.95464712510111,-27.679647125101113,1779.0,164.0,995.0,1026.125800971255,-31.12580097125496,0.0,995.0,5,10.0,164,77.99999994039536
b11_full,direct,477,156.0,1004.0,983.3267460051197,953.775,29.551746005119746,20.67325399488025,1397.0,155.0,998.0,975.7609565314356,22.239043468564457,0.0,998.0,2,6.0,155,71.8999999165535
b11_full,direct,478,166.0,1010.0,1017.2256809397726,989.4375000000003,27.78818093977274,-7.225680939772722,1243.0,165.0,998.0,1010.2119823096356,-12.211982309635736,0.0,998.0,2,12.0,165,77.09999991953373
b11_full,direct,479,153.0,1007.0,953.2727652260785,927.5625000000006,25.71026522607852,53.72723477392145,1190.0,152.0,999.0,946.6883496416629,52.31165035833703,0.0,999.0,1,8.0,152,71.59999993443489
b11_full,direct,480,151.0,1003.0,951.7323154969465,929.1375000000002,22.594815496946673,51.267684503053346,1721.0,150.0,996.0,944.9684266080576,51.03157339194223,0.0,996.0,4,7.0,150,71.19999994337559
b11_full,direct,481,156.0,1008.0,972.1006802995854,944.5499999999998,27.550680299585405,35.89931970041459,1458.0,155.0,998.0,965.635891567191,32.364108432808955,0.0,998.0,2,10.0,155,73.49999994039536
b11_full,direct,482,161.0,1002.0,995.469517960963,970.7624999999998,24.70701796096317,6.530482039036848,1296.0,160.0,997.0,990.4019503933954,6.598049606604415,0.0,997.0,3,5.0,160,74.79999992251396
b11_full,direct,483,161.0,1005.0,998.3247948886508,970.5374999999998,27.787294888650518,6.675205111349494,1313.0,160.0,998.0,993.2447948886507,4.755205111349494,0.0,998.0,2,7.0,160,74.79999992251396
b11_full,direct,484,155.0,1005.0,975.2832132060429,950.9625000000003,24.320713206042836,29.71678679395716,1437.0,154.0,997.0,969.3266914669125,27.673308533087592,0.0,997.0,3,8.0,154,72.39999993145466
b11_full,direct,485,167.0,1005.0,1023.2937425037328,999.3374999999999,23.95624250373273,-18.293742503732712,1744.0,166.0,996.0,1016.7731945585273,-20.773194558527234,0.0,996.0,4,9.0,166,78.79999993741512
b11_full,direct,486,167.0,1010.0,1048.2987368951215,1015.0875000000002,33.2112368951216,-38.29873689512161,1424.0,166.0,998.0,1040.9063318318304,-42.90633183183047,0.0,998.0,2,12.0,166,77.9999999254942
b11_full,direct,487,157.0,1004.0,991.8593171058674,963.8999999999999,27.959317105867708,12.140682894132315,1411.0,156.0,992.0,986.2241819707323,5.77581802926745,0.0,992.0,8,12.0,156,73.79999993741512
b11_full,direct,488,160.0,1003.0,977.9928216974888,949.9499999999997,28.042821697488865,25.007178302511146,1299.0,159.0,996.0,970.4303216974888,25.569678302511146,0.0,996.0,4,7.0,159,75.09999993443489
b11_full,direct,489,152.0,1001.0,946.2393563784991,922.3875000000002,23.851856378499313,54.7606436215007,1913.0,151.0,993.0,939.9329047655959,53.06709523440392,0.0,993.0,7,8.0,151,71.69999994337559
b11_full,direct,490,161.0,1007.0,997.0304265170562,968.9624999999997,28.067926517056712,9.969573482943279,1197.0,160.0,1000.0,992.3980735758797,7.601926424119749,0.0,1000.0,0,7.0,160,75.59999993443489
b11_full,direct,491,165.0,1001.0,1033.9668068068809,1005.4125000000001,28.55430680688059,-32.9668068068806,1402.0,164.0,996.0,1026.3953782354522,-30.395378235452025,0.0,996.0,4,5.0,164,77.39999993145466
b11_full,direct,492,164.0,1003.0,1026.2147606952399,995.0625000000002,31.152260695239963,-23.21476069523998,1284.0,163.0,995.0,1019.6774472624041,-24.67744726240416,0.0,995.0,5,8.0,163,76.29999992251396
b11_full,direct,493,161.0,1002.0,994.7497223670182,967.275,27.474722367017822,7.250277632982169,1312.0,160.0,995.0,989.3467372923914,5.653262707609035,0.0,995.0,5,7.0,160,75.59999993443489
b11_full,direct,494,166.0,1003.0,1036.1561838412629,1009.125,27.031183841263065,-33.156183841263044,1201.0,165.0,997.0,1030.4519584891502,-33.451958489150364,0.0,997.0,3,6.0,165,78.29999993741512
b11_full,direct,495,162.0,1002.0,988.9999855815664,960.6375000000004,28.362485581566222,13.000014418433782,1049.0,161.0,995.0,983.1999855815665,11.800014418433783,0.0,995.0,5,7.0,161,75.29999992251396
b11_full,direct,496,151.0,1008.0,958.7628963755936,938.2500000000003,20.512896375593783,49.237103624406245,1509.0,150.0,995.0,951.1327593892922,43.86724061070761,0.0,995.0,5,13.0,150,71.59999994933605
b11_full,direct,497,168.0,1001.0,1042.6888511628804,1011.7125,30.97635116288038,-41.68885116288037,1648.0,167.0,999.0,1035.8660663527537,-36.86606635275378,0.0,999.0,1,2.0,167,78.69999992847443
b11_full,direct,498,168.0,1005.0,1047.8353197806211,1014.9749999999996,32.860319780621005,-42.83531978062097,1247.0,167.0,996.0,1040.8059080159153,-44.80590801591509,0.0,996.0,4,9.0,167,79.09999993443489
b11_full,direct,499,172.0,1002.0,1058.5498942701786,1027.6875000000002,30.862394270177752,-56.549894270177774,1273.0,171.0,999.0,1053.3607050809894,-54.36070508098859,0.0,999.0,1,3.0,171,81.29999993741512
b11_full,dqn_C_selected,0,159.0,1002.0,976.7669377771734,953.3249999999996,23.441937777173194,25.233062222826796,667.0,158.0,991.0,970.3438608540965,20.65613914590372,4.0,995.0,5,11.0,158,70.99999988079071
b11_full,dqn_C_selected,1,158.0,1001.0,967.6232352422347,946.2375000000001,21.385735242234986,33.37676475776502,477.0,157.0,998.0,961.857001476001,36.142998523998784,0.0,998.0,2,3.0,157,68.89999985694885
b11_full,dqn_C_selected,2,153.0,999.0,936.4282538707328,913.95,22.47825387073253,62.57174612926747,528.0,152.0,995.0,930.8957863382652,64.104213661735,4.0,999.0,1,4.0,152,66.99999986588955
b11_full,dqn_C_selected,3,149.0,1000.0,950.2440431954227,926.3249999999998,23.91904319542274,49.755956804577245,602.0,148.0,992.0,943.4467458981254,48.55325410187454,2.0,994.0,6,8.0,148,66.19999988377094
b11_full,dqn_C_selected,4,163.0,1001.0,1015.7578950590013,991.6874999999999,24.070395059001278,-14.757895059001287,571.0,162.0,997.0,1010.5760768771831,-13.576076877183105,2.0,999.0,1,4.0,162,71.99999986588955
b11_full,dqn_C_selected,5,159.0,999.0,981.2053619095515,957.4875000000004,23.717861909550884,17.794638090449105,575.0,158.0,995.0,974.3207465249361,20.679253475064492,2.0,997.0,3,4.0,158,70.99999988079071
b11_full,dqn_C_selected,6,160.0,992.0,980.1346311616426,957.7125000000005,22.422131161642348,11.865368838357696,570.0,159.0,987.0,975.3624792629084,11.637520737091872,12.0,999.0,1,5.0,159,70.49999986588955
b11_full,dqn_C_selected,7,153.0,999.0,957.9413845877357,934.7625000000002,23.17888458773551,41.05861541226453,558.0,152.0,992.0,952.2703319561567,39.729668043843475,8.0,1000.0,0,7.0,152,68.39999988675117
b11_full,dqn_C_selected,8,156.0,996.0,965.5772844033572,941.7375000000002,23.839784403357577,30.42271559664244,568.0,155.0,987.0,960.5388228648957,26.461177135103977,8.0,995.0,5,9.0,155,69.49999988079071
b11_full,dqn_C_selected,9,171.0,999.0,1035.29906348915,1011.0374999999999,24.261563489149864,-36.29906348914989,588.0,170.0,995.0,1028.6504148405013,-33.65041484050124,2.0,997.0,3,4.0,170,75.79999986290932
b11_full,dqn_C_selected,10,163.0,994.0,987.9309868331762,964.0125000000002,23.918486833175432,6.069013166824582,629.0,162.0,988.0,982.77714067933,5.222859320670736,8.0,996.0,4,6.0,162,72.99999988079071
b11_full,dqn_C_selected,11,161.0,998.0,996.589976413795,971.1000000000003,25.48997641379497,1.4100235862050523,599.0,160.0,987.0,988.9899764137949,-1.989976413794948,8.0,995.0,5,11.0,160,72.39999988675117
b11_full,dqn_C_selected,12,175.0,1007.0,1059.1042227748671,1032.4124999999995,26.691722774867095,-52.10422277486708,727.0,174.0,997.0,1050.7665604372048,-53.766560437204745,2.0,999.0,1,10.0,174,78.39999987185001
b11_full,dqn_C_selected,13,162.0,991.0,1018.7614828983553,992.5875000000003,26.173982898355057,-27.76148289835505,621.0,161.0,987.0,1012.1128342497067,-25.112834249706403,10.0,997.0,3,4.0,161,72.69999988377094
b11_full,dqn_C_selected,14,175.0,999.0,1057.0490270787357,1029.9374999999993,27.11152707873527,-58.04902707873526,729.0,174.0,989.0,1051.2682051609274,-62.26820516092704,2.0,991.0,9,10.0,174,78.99999988079071
b11_full,dqn_C_selected,15,157.0,996.0,967.2943281597715,942.9750000000001,24.319328159770766,28.705671840229254,556.0,156.0,985.0,960.4715433496449,24.528456650355835,6.0,991.0,9,11.0,156,69.79999987781048
b11_full,dqn_C_selected,16,162.0,985.0,1000.3411581126167,976.3875000000003,23.953658112616417,-15.341158112616409,625.0,161.0,980.0,995.4990528494587,-15.499052849458515,18.0,998.0,2,5.0,161,72.49999988079071
b11_full,dqn_C_selected,17,155.0,998.0,986.2640599089764,961.4250000000003,24.83905990897654,11.735940091023458,584.0,154.0,989.0,979.0783456232621,9.921654376737745,7.0,996.0,4,9.0,154,68.69999987632036
b11_full,dqn_C_selected,18,164.0,984.0,1015.3208551160764,988.0875000000002,27.233355116075963,-31.32085511607594,684.0,163.0,980.0,1010.2823935776148,-30.2823935776144,20.0,1000.0,0,4.0,163,74.09999988973141
b11_full,dqn_C_selected,19,156.0,990.0,951.1869256215491,928.2375,22.949425621549203,38.813074378450764,557.0,155.0,982.0,945.4206918553153,36.57930814468453,12.0,994.0,6,8.0,155,68.89999987185001
b11_full,dqn_C_selected,20,157.0,1003.0,963.3638583276729,941.6250000000002,21.73885832767266,39.636141672327405,467.0,156.0,991.0,956.7200227112346,34.279977288765764,2.0,993.0,7,12.0,156,67.79999984800816
b11_full,dqn_C_selected,21,171.0,999.0,1047.2818575851768,1021.6125000000002,25.66935758517605,-48.28185758517606,651.0,170.0,994.0,1042.6844549877742,-48.684454987773464,4.0,998.0,2,5.0,170,76.79999987781048
b11_full,dqn_C_selected,22,158.0,996.0,976.6617685189689,952.8749999999999,23.78676851896834,19.338231481031656,572.0,157.0,985.0,970.2946799113739,14.705320088626593,8.0,993.0,7,11.0,157,70.69999988377094
b11_full,dqn_C_selected,23,160.0,1006.0,981.8005175888958,959.8499999999999,21.950517588895387,24.199482411104626,535.0,159.0,995.0,974.8268333783694,20.17316662163094,4.0,999.0,1,11.0,159,70.49999986588955
b11_full,dqn_C_selected,24,164.0,1000.0,997.3495642876385,973.4625000000001,23.887064287639017,2.650435712361002,598.0,163.0,994.0,992.5002492191453,1.4997507808541526,2.0,996.0,4,6.0,163,73.49999988079071
b11_full,dqn_C_selected,25,159.0,1003.0,978.0110145846481,954.0000000000002,24.011014584648294,24.988985415351717,635.0,158.0,995.0,969.7417838154174,25.258216184582487,4.0,999.0,1,8.0,158,71.39999988675117
b11_full,dqn_C_selected,26,161.0,999.0,992.5977787533916,969.3000000000001,23.297778753391725,6.4022212466082875,598.0,160.0,993.0,987.7666099222228,5.233390077777119,4.0,997.0,3,6.0,160,71.39999987185001
b11_full,dqn_C_selected,27,172.0,996.0,1043.8108903911482,1018.3499999999997,25.460890391147647,-47.810890391147645,588.0,171.0,990.0,1037.1095916898494,-47.10959168984894,6.0,996.0,4,6.0,171,75.69999985396862
b11_full,dqn_C_selected,28,171.0,993.0,1047.3069930378988,1019.4749999999998,27.831993037898606,-54.30699303789861,728.0,170.0,988.0,1041.1448308757367,-53.144830875736446,10.0,998.0,2,5.0,170,77.39999988675117
b11_full,dqn_C_selected,29,161.0,996.0,984.803723005769,961.2,23.603723005768344,11.19627699423166,559.0,160.0,992.0,980.2267999288459,11.773200071154736,6.0,998.0,2,4.0,160,70.99999986588955
b11_full,dqn_C_selected,30,165.0,990.0,1021.1327472746011,995.7374999999995,25.395247274600518,-31.13274727460051,612.0,164.0,986.0,1016.3549694968233,-30.354969496822733,14.0,1000.0,0,4.0,164,73.79999987781048
b11_full,dqn_C_selected,31,163.0,1003.0,1012.4302986303405,988.7624999999999,23.667798630340215,-9.430298630340229,530.0,162.0,994.0,1005.6702986303405,-11.670298630340229,0.0,994.0,6,9.0,162,71.99999986588955
b11_full,dqn_C_selected,32,170.0,996.0,1044.7674072922514,1020.8250000000005,23.942407292251104,-48.76740729225111,577.0,169.0,991.0,1037.1407406255846,-46.14074062558444,6.0,997.0,3,5.0,169,75.29999986290932
b11_full,dqn_C_selected,33,164.0,1000.0,1009.4455196444779,986.2875000000004,23.158019644477896,-9.445519644477876,516.0,163.0,994.0,1002.4455196444779,-8.445519644477876,6.0,1000.0,0,6.0,163,72.29999986290932
b11_full,dqn_C_selected,34,168.0,1005.0,1058.0105453927592,1032.3,25.710545392759123,-53.0105453927591,669.0,167.0,995.0,1049.8206719750376,-54.820671975037584,4.0,999.0,1,10.0,167,76.09999988973141
b11_full,dqn_C_selected,35,155.0,991.0,969.7718259929827,944.6624999999998,25.109325992982583,21.22817400701742,633.0,154.0,980.0,962.7718259929827,17.22817400701742,12.0,992.0,8,11.0,154,69.59999988973141
b11_full,dqn_C_selected,36,163.0,993.0,1023.0591704100896,998.1000000000004,24.95917041008969,-30.05917041008969,665.0,162.0,989.0,1017.9053242562434,-28.905324256243535,10.0,999.0,1,4.0,162,72.99999988079071
b11_full,dqn_C_selected,37,151.0,999.0,940.6355625626654,917.6624999999999,22.973062562665483,58.36443743733456,556.0,150.0,990.0,933.6618783521391,56.33812164786087,6.0,996.0,4,9.0,150,67.59999988973141
b11_full,dqn_C_selected,38,169.0,985.0,1038.7227090922706,1011.4874999999997,27.235209092270058,-53.72270909227007,733.0,168.0,980.0,1032.9919398615014,-52.99193986150084,16.0,996.0,4,5.0,168,76.19999988377094
b11_full,dqn_C_selected,39,160.0,1002.0,985.3221349626599,961.4250000000003,23.897134962659685,16.677865037340304,598.0,159.0,997.0,979.5559011964261,17.44409880357407,2.0,999.0,1,5.0,159,71.69999988377094
b11_full,dqn_C_selected,40,164.0,992.0,1001.2973571155288,978.075,23.222357115528315,-9.297357115528309,584.0,163.0,988.0,995.6138128117313,-7.61381281173084,10.0,998.0,2,4.0,163,72.49999986588955
b11_full,dqn_C_selected,41,150.0,998.0,946.3751132060039,924.3000000000005,22.075113206003657,51.62488679399633,496.0,149.0,995.0,939.4904978213885,55.50950217861172,4.0,999.0,1,3.0,149,65.89999987185001
b11_full,dqn_C_selected,42,176.0,995.0,1059.7895106995804,1033.9875000000002,25.80201069957986,-64.78951069957992,680.0,175.0,989.0,1053.6726275826973,-64.6726275826968,6.0,995.0,5,6.0,175,77.89999985694885
b11_full,dqn_C_selected,43,164.0,1001.0,1008.406340958738,984.6000000000005,23.80634095873843,-7.40634095873842,570.0,163.0,992.0,1002.2463409587381,-10.24634095873842,8.0,1000.0,0,9.0,163,73.69999988377094
b11_full,dqn_C_selected,44,160.0,987.0,989.1918902656149,964.3500000000001,24.841890265614786,-2.191890265614748,607.0,159.0,985.0,981.5918902656149,3.4081097343852518,14.0,999.0,1,2.0,159,71.49999988079071
b11_full,dqn_C_selected,45,160.0,999.0,991.9301861398126,967.1625000000004,24.767686139812565,7.069813860187445,609.0,159.0,990.0,984.3085645181909,5.691435481809067,2.0,992.0,8,9.0,159,70.89999987185001
b11_full,dqn_C_selected,46,163.0,994.0,989.8752360860333,966.3749999999998,23.500236086033006,4.124763913967005,634.0,162.0,987.0,982.2752360860333,4.724763913967005,9.0,996.0,4,7.0,162,71.6999998614192
b11_full,dqn_C_selected,47,148.0,1007.0,923.0620884404253,902.9249999999998,20.137088440425114,83.93791155957484,403.0,147.0,999.0,915.5426079209448,83.45739207905537,0.0,999.0,1,8.0,147,65.09999987483025
b11_full,dqn_C_selected,48,161.0,991.0,1003.1441738668215,978.4124999999998,24.731673866821424,-12.144173866821456,618.0,160.0,985.0,995.5441738668214,-10.544173866821456,13.0,998.0,2,6.0,160,72.29999988526106
b11_full,dqn_C_selected,49,153.0,997.0,946.7050408491351,923.7375000000002,22.967540849134537,50.29495915086548,604.0,152.0,988.0,940.1850408491351,47.81495915086548,8.0,996.0,4,9.0,152,67.99999988079071
b11_full,dqn_C_selected,50,162.0,998.0,1002.9394300615056,979.425,23.514430061505557,-4.939430061505552,587.0,161.0,991.0,998.0009685230441,-7.000968523044014,8.0,999.0,1,7.0,161,71.69999986886978
b11_full,dqn_C_selected,51,153.0,996.0,961.7072651604843,939.6000000000001,22.10726516048443,34.292734839515575,537.0,152.0,988.0,956.1747976280168,31.82520237198311,6.0,994.0,6,8.0,152,67.79999987781048
b11_full,dqn_C_selected,52,147.0,1009.0,935.8092183427891,913.5000000000003,22.309218342789038,73.19078165721095,472.0,146.0,1000.0,930.1938337274045,69.80616627259556,0.0,1000.0,0,9.0,146,64.59999987483025
b11_full,dqn_C_selected,53,171.0,989.0,1062.3181754626016,1034.9999999999998,27.318175462601438,-73.31817546260145,665.0,170.0,979.0,1056.551941696368,-77.55194169636768,14.0,993.0,7,10.0,170,76.59999987483025
b11_full,dqn_C_selected,54,173.0,1007.0,1056.027292715043,1029.9375,26.089792715042687,-49.02729271504275,643.0,172.0,998.0,1050.4119080996584,-52.411908099658135,2.0,1000.0,0,9.0,172,77.59999987483025
b11_full,dqn_C_selected,55,168.0,996.0,1040.2292999381277,1014.9750000000003,25.25429993812746,-44.22929993812744,643.0,167.0,989.0,1032.6635104644436,-43.66351046444323,6.0,995.0,5,7.0,167,74.89999987185001
b11_full,dqn_C_selected,56,157.0,1001.0,979.9927738398343,954.8999999999997,25.092773839834024,21.007226160165978,605.0,156.0,995.0,972.4732933203537,22.526706679646498,4.0,999.0,1,6.0,156,70.99999989569187
b11_full,dqn_C_selected,57,163.0,992.0,1015.0279998791567,990.1125000000003,24.915499879156673,-23.027999879156685,594.0,162.0,983.0,1008.0013332124901,-25.001333212490017,10.0,993.0,7,9.0,162,72.19999986886978
b11_full,dqn_C_selected,58,158.0,991.0,973.9058804608857,950.4000000000001,23.50588046088579,17.094119539114207,609.0,157.0,984.0,968.7919564102527,15.208043589747117,10.0,994.0,6,7.0,157,70.49999988079071
b11_full,dqn_C_selected,59,168.0,995.0,1022.4232363074296,998.2125000000002,24.210736307429563,-27.423236307429544,560.0,167.0,989.0,1017.3093122567967,-28.309312256796634,6.0,995.0,5,6.0,167,74.69999986886978
b11_full,dqn_C_selected,60,156.0,1004.0,961.9812483098359,939.9375,22.043748309835323,42.01875169016467,620.0,155.0,995.0,954.5197098482975,40.48029015170313,4.0,999.0,1,9.0,155,69.49999988079071
b11_full,dqn_C_selected,61,174.0,1000.0,1052.9195267874359,1028.3624999999997,24.5570267874353,-52.919526787435316,618.0,173.0,995.0,1047.9195267874359,-52.919526787435316,2.0,997.0,3,5.0,173,76.89999985694885
b11_full,dqn_C_selected,62,158.0,994.0,989.0435711756044,964.1249999999997,24.918571175604683,4.956428824395316,597.0,157.0,985.0,982.3949225269557,2.6050774730439645,10.0,995.0,5,9.0,157,70.89999988675117
b11_full,dqn_C_selected,63,167.0,999.0,1020.3654176783167,995.6250000000002,24.74041767831706,-21.365417678317037,657.0,166.0,984.0,1012.7654176783167,-28.765417678317036,8.0,992.0,8,15.0,166,73.79999986290932
b11_full,dqn_C_selected,64,162.0,993.0,990.4458092313135,966.9375000000001,23.50830923131275,2.554190768687251,639.0,161.0,983.0,983.5928680548429,-0.5928680548421612,10.0,993.0,7,10.0,161,73.09999988973141
b11_full,dqn_C_selected,65,166.0,997.0,1035.4442377132375,1009.3499999999998,26.094237713237813,-38.44423771323783,678.0,165.0,992.0,1030.8999339157692,-38.89993391576948,6.0,998.0,2,5.0,165,75.89999990165234
b11_full,dqn_C_selected,66,167.0,996.0,1021.1158541912685,996.5249999999999,24.590854191268654,-25.115854191268664,550.0,166.0,992.0,1014.2665391227753,-22.266539122775512,6.0,998.0,2,4.0,166,73.79999986290932
b11_full,dqn_C_selected,67,149.0,996.0,939.4785330778559,915.8625,23.616033077855338,56.52146692214471,571.0,148.0,988.0,931.9590525583753,56.04094744162523,8.0,996.0,4,8.0,148,66.19999988377094
b11_full,dqn_C_selected,68,165.0,991.0,1029.2819571227392,1003.0499999999998,26.231957122738834,-38.28195712273882,644.0,164.0,986.0,1023.610724246027,-37.610724246026486,14.0,1000.0,0,5.0,164,72.99999986588955
b11_full,dqn_C_selected,69,160.0,1002.0,986.3522825052177,963.2250000000003,23.12728250521723,15.647717494782777,515.0,159.0,993.0,979.4676671206023,13.532332879398162,4.0,997.0,3,9.0,159,69.69999985396862
b11_full,dqn_C_selected,70,169.0,991.0,1045.9521038214396,1018.8000000000001,27.152103821439212,-54.95210382143924,691.0,168.0,984.0,1039.9267873657434,-55.92678736574304,10.0,994.0,6,7.0,168,76.79999989271164
b11_full,dqn_C_selected,71,157.0,992.0,967.7778585511932,945.1125000000001,22.665358551192913,24.222141448807097,544.0,156.0,987.0,961.615696389031,25.38430361096926,10.0,997.0,3,5.0,156,69.79999987781048
b11_full,dqn_C_selected,72,155.0,1001.0,968.216729798551,945.6749999999998,22.54172979855079,32.78327020144922,525.0,154.0,995.0,962.0719929564457,32.92800704355448,4.0,999.0,1,6.0,154,68.59999987483025
b11_full,dqn_C_selected,73,171.0,989.0,1044.219978639289,1016.9999999999999,27.219978639288534,-55.21997863928853,758.0,170.0,977.0,1036.0301052215673,-59.030105221567005,16.0,993.0,7,12.0,170,78.1999998986721
b11_full,dqn_C_selected,74,168.0,1001.0,1038.6729206702316,1014.1874999999995,24.48542067023172,-37.67292067023171,557.0,167.0,993.0,1031.211382208693,-38.21138220869325,2.0,995.0,5,8.0,167,73.49999985098839
b11_full,dqn_C_selected,75,166.0,998.0,1025.4544690952034,1000.2375000000001,25.21696909520331,-27.454469095203322,710.0,165.0,987.0,1019.8848488420389,-32.884848842038764,4.0,991.0,9,11.0,165,74.69999988377094
b11_full,dqn_C_selected,76,160.0,994.0,981.4873149659459,958.3874999999999,23.09981496594626,12.512685034053739,591.0,159.0,987.0,975.9176947127813,11.082305287218297,10.0,997.0,3,7.0,159,71.89999988675117
b11_full,dqn_C_selected,77,160.0,993.0,992.9998241339315,968.7374999999998,24.262324133931276,0.00017586606870612087,560.0,159.0,989.0,986.2985254326328,2.7014745673674074,10.0,999.0,1,4.0,159,71.89999988675117
b11_full,dqn_C_selected,78,160.0,1005.0,996.2261158688475,973.575,22.651115868847405,8.773884131152595,495.0,159.0,993.0,989.2910509337826,3.7089490662175297,0.0,993.0,7,12.0,159,69.69999985396862
b11_full,dqn_C_selected,79,160.0,997.0,971.1553915879393,948.9375,22.21789158793895,25.844608412061035,482.0,159.0,988.0,964.1553915879393,23.844608412061035,8.0,996.0,4,9.0,159,69.89999985694885
b11_full,dqn_C_selected,80,160.0,996.0,1014.8516853978498,989.2125000000002,25.63918539784953,-18.8516853978495,610.0,159.0,990.0,1009.0622117136393,-19.062211713638973,8.0,998.0,2,6.0,159,72.09999988973141
b11_full,dqn_C_selected,81,161.0,998.0,990.7219594494976,967.1625000000003,23.55945944949787,7.278040550502123,566.0,160.0,988.0,984.2409467912697,3.759053208729971,4.0,992.0,8,10.0,160,71.59999987483025
b11_full,dqn_C_selected,82,161.0,1001.0,1012.3755229568444,987.7499999999999,24.62552295684433,-11.375522956844325,588.0,160.0,988.0,1004.1856495391229,-16.185649539122807,2.0,990.0,10,13.0,160,72.19999988377094
b11_full,dqn_C_selected,83,168.0,995.0,1042.431446701875,1017.2249999999998,25.20644670187475,-47.43144670187474,589.0,167.0,984.0,1035.9639142343426,-51.963914234342276,14.0,998.0,2,11.0,167,74.09999985992908
b11_full,dqn_C_selected,84,157.0,1005.0,958.5848009927984,934.8750000000002,23.709800992797817,46.41519900720223,575.0,156.0,995.0,952.7875036955011,42.21249630449953,4.0,999.0,1,10.0,156,68.99999986588955
b11_full,dqn_C_selected,85,151.0,1001.0,944.0074850238491,921.7124999999999,22.29498502384875,56.992514976151234,553.0,150.0,987.0,936.4880045043685,50.51199549563175,2.0,989.0,11,14.0,150,66.39999987185001
b11_full,dqn_C_selected,86,160.0,1004.0,988.6231025706884,966.6,22.02310257068813,15.376897429311896,489.0,159.0,997.0,982.0386869862728,14.96131301372748,2.0,999.0,1,7.0,159,70.29999986290932
b11_full,dqn_C_selected,87,168.0,987.0,1028.4501975334026,1002.1500000000001,26.30019753340272,-41.45019753340272,683.0,167.0,976.0,1021.3938595052336,-45.393859505233706,16.0,992.0,8,11.0,167,75.09999987483025
b11_full,dqn_C_selected,88,155.0,997.0,956.4670422914201,934.6500000000003,21.81704229141983,40.532957708580156,506.0,154.0,989.0,951.3994747238524,37.60052527614772,10.0,999.0,1,8.0,154,67.99999986588955
b11_full,dqn_C_selected,89,167.0,992.0,1042.6391162042892,1017.6749999999998,24.96411620428945,-50.639116204289465,603.0,166.0,986.0,1037.4499270151,-51.44992701510028,12.0,998.0,2,6.0,166,75.39999988675117
b11_full,dqn_C_selected,90,165.0,993.0,1021.2568026359983,996.4124999999998,24.84430263599761,-28.256802635997595,628.0,164.0,984.0,1014.7892701684658,-30.789270168465126,8.0,992.0,8,9.0,164,74.39999988675117
b11_full,dqn_C_selected,91,157.0,993.0,964.8759134164816,942.4125,22.46341341648118,28.12408658351883,622.0,156.0,991.0,957.9022292059552,33.09777079404515,8.0,999.0,1,2.0,156,70.19999988377094
b11_full,dqn_C_selected,92,152.0,1004.0,953.7447842016777,932.1750000000002,21.569784201677358,50.25521579832265,460.0,151.0,999.0,946.8601688170623,52.13983118293804,0.0,999.0,1,5.0,151,65.69999985396862
b11_full,dqn_C_selected,93,170.0,999.0,1041.9728267838232,1015.3125000000002,26.66032678382313,-42.97282678382313,701.0,169.0,996.0,1037.1994934504899,-41.1994934504898,2.0,998.0,2,3.0,169,77.29999989271164
b11_full,dqn_C_selected,94,168.0,999.0,1045.2522056081095,1021.2749999999999,23.97720560810935,-46.25220560810937,510.0,167.0,991.0,1038.5811529765306,-47.581152976530426,6.0,997.0,3,8.0,167,73.29999984800816
b11_full,dqn_C_selected,95,158.0,1006.0,975.1297694775917,951.8625000000002,23.267269477591345,30.87023052240863,528.0,157.0,1000.0,967.7373644143006,32.26263558569977,0.0,1000.0,0,6.0,157,69.89999987185001
b11_full,dqn_C_selected,96,158.0,991.0,985.0049669100238,959.7375000000002,25.26746691002408,5.995033089975922,649.0,157.0,981.0,977.4854863905432,3.5145136094564418,16.0,997.0,3,10.0,157,70.89999988675117
b11_full,dqn_C_selected,97,161.0,1001.0,1004.2746062709895,979.6499999999999,24.624606270989197,-3.2746062709892048,605.0,160.0,991.0,998.9946062709895,-7.9946062709892045,6.0,997.0,3,10.0,160,71.99999988079071
b11_full,dqn_C_selected,98,152.0,992.0,950.3236075712455,926.3249999999997,23.998607571245138,41.67639242875487,611.0,151.0,982.0,944.6525549396665,37.34744506033382,14.0,996.0,4,10.0,151,67.89999988675117
b11_full,dqn_C_selected,99,163.0,997.0,1002.859491022069,979.0875,23.77199102206888,-5.859491022068852,674.0,162.0,991.0,995.9748756374537,-4.974875637453467,8.0,999.0,1,6.0,162,72.19999986886978
b11_full,dqn_C_selected,100,170.0,991.0,1046.4672182455365,1020.9375,25.529718245537012,-55.467218245537055,661.0,169.0,985.0,1040.3224814034313,-55.322481403431794,10.0,995.0,5,6.0,169,75.49999986588955
b11_full,dqn_C_selected,101,154.0,1001.0,961.9715681734443,938.3625,23.60906817344405,39.02843182655596,583.0,153.0,991.0,954.5791631101532,36.420836889847095,2.0,993.0,7,10.0,153,69.49999989569187
b11_full,dqn_C_selected,102,157.0,1004.0,986.3402461955329,962.6625000000004,23.67774619553237,17.65975380446764,546.0,156.0,998.0,980.1780840333707,17.821915966629803,0.0,998.0,2,6.0,156,69.59999987483025
b11_full,dqn_C_selected,103,166.0,997.0,1039.5257264152726,1013.4000000000002,26.12572641527251,-42.525726415272544,667.0,165.0,989.0,1031.1309895731674,-42.13098957316728,10.0,999.0,1,8.0,165,74.69999988377094
b11_full,dqn_C_selected,104,166.0,997.0,1018.8679934225759,995.7375,23.130493422575494,-21.867993422575502,574.0,165.0,989.0,1013.2526088071912,-24.252608807190885,10.0,999.0,1,8.0,165,73.09999985992908
b11_full,dqn_C_selected,105,155.0,986.0,968.5729977854991,945.2249999999999,23.34799778549921,17.42700221450081,616.0,154.0,976.0,962.5476813298029,13.452318670197013,21.0,997.0,3,10.0,154,68.69999987632036
b11_full,dqn_C_selected,106,154.0,1001.0,965.1721017463142,942.6375000000002,22.53460174631424,35.82789825368575,521.0,153.0,994.0,958.3493169361876,35.65068306381234,4.0,998.0,2,7.0,153,68.29999987781048
b11_full,dqn_C_selected,107,163.0,1002.0,1021.2300420458591,996.8624999999998,24.367542045859093,-19.2300420458591,605.0,162.0,997.0,1016.1615488951742,-19.16154889517417,2.0,999.0,1,5.0,162,73.19999988377094
b11_full,dqn_C_selected,108,156.0,996.0,956.4019004102523,932.0624999999999,24.33940041025226,39.59809958974773,650.0,155.0,989.0,951.5619004102523,37.438099589747736,10.0,999.0,1,7.0,155,69.89999988675117
b11_full,dqn_C_selected,109,175.0,1001.0,1058.8405555909576,1034.3250000000003,24.51555559095739,-57.84055559095743,599.0,174.0,998.0,1053.6587374091393,-55.65873740913925,2.0,1000.0,0,3.0,174,77.79999986290932
b11_full,dqn_C_selected,110,164.0,992.0,1014.4517277349632,989.4375000000006,25.014227734963363,-22.451727734963363,560.0,163.0,987.0,1008.6854939687295,-21.685493968729595,12.0,999.0,1,5.0,163,72.09999985992908
b11_full,dqn_C_selected,111,164.0,1001.0,1015.8080889872001,990.6749999999998,25.13308898720018,-14.808088987200176,637.0,163.0,995.0,1009.1067902859014,-14.106790285901475,4.0,999.0,1,6.0,163,72.69999986886978
b11_full,dqn_C_selected,112,161.0,998.0,994.4768391728197,967.7249999999997,26.751839172819004,3.523160827180992,696.0,160.0,988.0,987.8819024639589,0.1180975360417511,8.0,996.0,4,10.0,160,72.99999989569187
b11_full,dqn_C_selected,113,161.0,989.0,983.7847231771505,960.1875000000003,23.597223177150077,5.215276822849924,701.0,160.0,980.0,978.101178873353,1.8988211266473929,14.0,994.0,6,9.0,160,71.79999987781048
b11_full,dqn_C_selected,114,158.0,990.0,966.7603040287418,945.3375000000001,21.422804028741876,23.239695971258154,507.0,157.0,985.0,961.2278364962742,23.772163503725686,12.0,997.0,3,5.0,157,69.09999985992908
b11_full,dqn_C_selected,115,174.0,1002.0,1059.9495998930008,1034.2124999999994,25.737099893000703,-57.94959989300075,611.0,173.0,994.0,1054.185711004112,-60.185711004111866,2.0,996.0,4,8.0,173,78.29999987781048
b11_full,dqn_C_selected,116,150.0,994.0,943.6958869140856,921.2625000000002,22.433386914085695,50.304113085914295,501.0,149.0,988.0,938.6169395456645,49.38306045433535,12.0,1000.0,0,6.0,149,66.69999988377094
b11_full,dqn_C_selected,117,152.0,1000.0,955.3523132649759,931.6124999999998,23.739813264975957,44.64768673502405,528.0,151.0,992.0,949.192313264976,42.807686735024056,2.0,994.0,6,8.0,151,67.69999988377094
b11_full,dqn_C_selected,118,163.0,995.0,1015.822204934867,990.8999999999997,24.922204934866624,-20.822204934866626,660.0,162.0,985.0,1010.2695733559196,-25.26957335591926,8.0,993.0,7,10.0,162,72.99999988079071
b11_full,dqn_C_selected,119,153.0,995.0,939.2497940024156,916.0875000000003,23.162294002414974,55.750205997585056,592.0,152.0,988.0,934.4421016947233,53.55789830527736,6.0,994.0,6,7.0,152,69.1999998986721
b11_full,dqn_C_selected,120,163.0,996.0,989.7411276608278,966.375,23.36612766082716,6.258872339172853,614.0,162.0,988.0,983.6642045839047,4.335795416095929,8.0,996.0,4,8.0,162,72.39999987185001
b11_full,dqn_C_selected,121,154.0,1000.0,953.5119440630945,931.9500000000002,21.561944063094316,46.4880559369057,560.0,153.0,994.0,947.6809581476015,46.31904185239866,2.0,996.0,4,6.0,153,67.89999987185001
b11_full,dqn_C_selected,122,152.0,988.0,958.2958918403615,932.1749999999997,26.120891840360883,29.704108159639098,600.0,151.0,981.0,952.0985234193089,28.90147658069173,14.0,995.0,5,7.0,151,67.89999988675117
b11_full,dqn_C_selected,123,160.0,1000.0,995.6995928998329,972.1125,23.587092899832342,4.30040710016767,520.0,159.0,991.0,988.6995928998329,2.3004071001676696,6.0,997.0,3,9.0,159,71.29999987781048
b11_full,dqn_C_selected,124,166.0,984.0,1018.7954121129843,993.3749999999997,25.42041211298371,-34.795412112983726,727.0,165.0,977.0,1012.2569505745228,-35.256950574522186,20.0,997.0,3,7.0,165,75.49999989569187
b11_full,dqn_C_selected,125,159.0,1000.0,993.1212569518415,968.5125000000006,24.608756951841382,6.878743048158614,568.0,158.0,992.0,986.4774213354032,5.5225786645969706,4.0,996.0,4,8.0,158,71.19999988377094
b11_full,dqn_C_selected,126,156.0,1003.0,960.876195735122,937.8000000000004,23.076195735121917,42.12380426487806,548.0,155.0,993.0,953.4837906718309,39.5162093281692,0.0,993.0,7,10.0,155,69.69999988377094
b11_full,dqn_C_selected,127,160.0,1003.0,989.3319249384094,964.0125000000004,25.3194249384089,13.668075061591123,645.0,159.0,996.0,983.5656911721757,12.43430882782489,4.0,1000.0,0,7.0,159,70.89999987185001
b11_full,dqn_C_selected,128,159.0,1006.0,974.9823685978974,952.9875000000005,21.994868597897067,31.01763140210294,507.0,158.0,994.0,968.5013559396696,25.498644060330786,4.0,998.0,2,12.0,158,69.19999985396862
b11_full,dqn_C_selected,129,153.0,997.0,956.2142880180912,933.0749999999996,23.1392880180904,40.78571198190959,523.0,152.0,990.0,950.4169907207939,39.58300927920689,4.0,994.0,6,7.0,152,67.79999987781048
b11_full,dqn_C_selected,130,150.0,993.0,934.6888251220095,912.5999999999999,22.08882512200904,58.311174877990965,471.0,149.0,986.0,926.3511627843471,59.6488372156533,8.0,994.0,6,7.0,149,65.69999986886978
b11_full,dqn_C_selected,131,169.0,993.0,1026.8915227058137,999.7874999999995,27.104022705813463,-33.89152270581345,721.0,168.0,980.0,1018.363744928036,-38.36374492803567,8.0,988.0,12,13.0,168,76.39999988675117
b11_full,dqn_C_selected,132,158.0,989.0,982.8005920159746,959.7374999999998,23.063092015974707,6.199407984025294,544.0,157.0,985.0,976.2621304775131,8.737869522486832,12.0,997.0,3,4.0,157,69.49999986588955
b11_full,dqn_C_selected,133,159.0,1003.0,1003.6461250204566,978.8625000000002,24.783625020457052,-0.6461250204570641,578.0,158.0,996.0,998.607663481995,-2.607663481995526,4.0,1000.0,0,7.0,158,71.19999988377094
b11_full,dqn_C_selected,134,147.0,993.0,932.0656414969443,908.8875000000002,23.178141496945013,60.93435850305498,587.0,146.0,984.0,925.3513557826586,58.648644217340696,12.0,996.0,4,9.0,146,64.79999987781048
b11_full,dqn_C_selected,135,170.0,1002.0,1022.2515568075493,999.6750000000003,22.576556807548723,-20.251556807548724,530.0,169.0,993.0,1013.8115568075492,-20.811556807548723,6.0,999.0,1,9.0,169,74.09999984502792
b11_full,dqn_C_selected,136,173.0,995.0,1055.6939961007445,1031.7374999999997,23.95649610074468,-60.69399610074469,538.0,172.0,991.0,1049.6799115937022,-58.679911593702435,8.0,999.0,1,4.0,172,75.99999985098839
b11_full,dqn_C_selected,137,155.0,995.0,957.8539592164612,935.6624999999998,22.19145921646104,37.14604078353896,581.0,154.0,985.0,951.6917970542991,33.30820294570112,6.0,991.0,9,10.0,154,69.59999988973141
b11_full,dqn_C_selected,138,158.0,1007.0,970.2267272454659,948.4875000000001,21.739227245465138,36.773272754534865,478.0,157.0,999.0,964.4604934792321,34.53950652076863,0.0,999.0,1,8.0,157,69.89999987185001
b11_full,dqn_C_selected,139,160.0,1004.0,978.3979320771122,956.5875000000003,21.810432077111738,25.602067922888263,531.0,159.0,996.0,971.3844185635986,24.615581436401776,2.0,998.0,2,8.0,159,69.69999985396862
b11_full,dqn_C_selected,140,159.0,992.0,979.8863280926156,955.3500000000001,24.536328092615545,12.113671907384468,591.0,158.0,986.0,974.430631890084,11.569368109916113,12.0,998.0,2,6.0,158,70.59999987483025
b11_full,dqn_C_selected,141,152.0,999.0,948.8707460123547,925.8749999999998,22.99574601235427,50.129253987645725,566.0,151.0,993.0,943.7391670649863,49.26083293501415,4.0,997.0,3,6.0,151,66.89999987185001
b11_full,dqn_C_selected,142,165.0,1003.0,1014.3733564190605,989.6625000000001,24.710856419060242,-11.373356419060228,638.0,164.0,993.0,1006.9118179575221,-13.911817957521766,4.0,997.0,3,10.0,164,73.99999988079071
b11_full,dqn_C_selected,143,163.0,994.0,1007.3723458981467,983.0249999999999,24.347345898145775,-13.372345898145753,644.0,162.0,986.0,1001.2554627812635,-15.255462781262636,12.0,998.0,2,8.0,162,72.59999987483025
b11_full,dqn_C_selected,144,161.0,982.0,991.9320123391242,967.5,24.432012339124228,-9.932012339124231,597.0,160.0,977.0,984.8595485710082,-7.859548571008289,12.0,989.0,11,5.0,160,71.99999988079071
b11_full,dqn_C_selected,145,162.0,997.0,1005.203737467822,979.8750000000003,25.32873746782206,-8.203737467822043,759.0,161.0,988.0,1000.0063690467694,-12.00636904676941,8.0,996.0,4,9.0,161,74.69999991357327
b11_full,dqn_C_selected,146,160.0,994.0,988.9486577332746,966.4875000000002,22.461157733274238,5.051342266725741,503.0,159.0,985.0,982.8317746163914,2.168225383608858,12.0,997.0,3,9.0,159,69.69999985396862
b11_full,dqn_C_selected,147,165.0,986.0,1009.3384262490868,983.4749999999996,25.86342624908611,-23.338426249086126,679.0,164.0,983.0,1003.1936894069814,-20.193689406980862,16.0,999.0,1,3.0,164,74.79999989271164
b11_full,dqn_C_selected,148,167.0,995.0,1008.2413989306618,981.8999999999999,26.341398930661867,-13.241398930661868,719.0,166.0,985.0,1001.3567835460465,-16.356783546046483,8.0,993.0,7,10.0,166,73.99999986588955
b11_full,dqn_C_selected,149,164.0,995.0,1012.7436846537521,988.4249999999998,24.318684653752285,-17.743684653752258,564.0,163.0,986.0,1006.666761576829,-20.66676157682918,12.0,998.0,2,9.0,163,71.29999984800816
b11_full,dqn_C_selected,150,150.0,994.0,940.8491678706397,916.7625,24.08666787063964,53.15083212936037,547.0,149.0,983.0,935.2891678706397,47.71083212936037,14.0,997.0,3,11.0,149,66.69999988377094
b11_full,dqn_C_selected,151,155.0,1000.0,952.8904314839724,928.2375,24.652931483972473,47.10956851602752,616.0,154.0,993.0,946.0208662665812,46.97913373341883,6.0,999.0,1,7.0,154,69.59999988973141
b11_full,dqn_C_selected,152,167.0,998.0,1022.0744472606779,996.3000000000001,25.774447260677277,-24.074447260677285,691.0,166.0,985.0,1015.3041769904075,-30.304176990407015,4.0,989.0,11,13.0,166,75.59999988973141
b11_full,dqn_C_selected,153,171.0,994.0,1049.2471387143287,1025.4374999999995,23.80963871432828,-55.24713871432826,557.0,170.0,991.0,1040.8524018722235,-49.852401872223,6.0,997.0,3,3.0,170,74.99999985098839
b11_full,dqn_C_selected,154,167.0,989.0,1028.694978536128,1003.275,25.419978536127275,-39.69497853612728,647.0,166.0,979.0,1020.3002416940228,-41.30024169402202,12.0,991.0,9,10.0,166,74.59999987483025
b11_full,dqn_C_selected,155,168.0,1000.0,1033.6457260105353,1010.2499999999993,23.395726010535316,-33.64572601053534,529.0,167.0,995.0,1028.5657260105354,-33.56572601053534,2.0,997.0,3,5.0,167,73.29999984800816
b11_full,dqn_C_selected,156,157.0,1000.0,959.4980275197934,937.9125,21.58552751979352,40.50197248020648,460.0,156.0,992.0,953.8486768704428,38.151323129557134,6.0,998.0,2,8.0,156,68.59999985992908
b11_full,dqn_C_selected,157,158.0,995.0,990.7169941230609,966.375,24.341994123060875,4.283005876939129,581.0,157.0,992.0,985.6520590581258,6.347940941874193,6.0,998.0,2,3.0,157,69.69999986886978
b11_full,dqn_C_selected,158,155.0,999.0,964.6175688385364,942.9750000000003,21.642568838536576,34.38243116146344,479.0,154.0,985.0,957.1560303769979,27.843969623001897,2.0,987.0,13,14.0,154,67.79999986290932
b11_full,dqn_C_selected,159,158.0,1004.0,959.8511041506248,938.0250000000002,21.826104150625287,44.14889584937475,553.0,157.0,993.0,953.4280272275479,39.57197277245167,6.0,999.0,1,11.0,157,70.49999988079071
b11_full,dqn_C_selected,160,163.0,1000.0,1034.8495971161826,1008.4499999999999,26.399597116181962,-34.84959711618195,664.0,162.0,996.0,1028.4825085085877,-32.48250850858701,2.0,998.0,2,4.0,162,73.99999989569187
b11_full,dqn_C_selected,161,169.0,996.0,1036.8990245842729,1012.2749999999997,24.62402458427218,-40.89902458427219,548.0,168.0,989.0,1029.3795440647923,-40.37954406479167,6.0,995.0,5,7.0,168,74.59999985992908
b11_full,dqn_C_selected,162,164.0,1007.0,990.6114350730389,966.6000000000004,24.011435073039173,16.388564926960825,656.0,163.0,999.0,985.769329809881,13.23067019011872,0.0,999.0,1,8.0,163,73.49999988079071
b11_full,dqn_C_selected,163,155.0,993.0,982.20491147953,960.9750000000001,21.229911479530074,10.795088520469935,446.0,154.0,989.0,974.0150380618085,14.984961938191454,8.0,997.0,3,4.0,154,66.59999984502792
b11_full,dqn_C_selected,164,160.0,1000.0,984.7264891163625,960.4125,24.31398911636234,15.27351088363768,571.0,159.0,996.0,977.1208553135456,18.87914468645458,2.0,998.0,2,4.0,159,71.69999988377094
b11_full,dqn_C_selected,165,153.0,1001.0,939.8451360772599,917.6625,22.182636077259787,61.15486392274021,500.0,152.0,997.0,934.1957854279093,62.804214572090864,2.0,999.0,1,4.0,152,67.79999987781048
b11_full,dqn_C_selected,166,166.0,993.0,1024.351728737255,1000.6874999999999,23.664228737254803,-31.3517287372548,648.0,165.0,988.0,1018.2069918951497,-30.206991895149535,12.0,1000.0,0,5.0,165,72.69999985396862
b11_full,dqn_C_selected,167,160.0,995.0,982.8790900646735,958.8375,24.041590064672896,12.120909935327113,591.0,159.0,989.0,978.0479212335047,10.952078766495944,9.0,998.0,2,6.0,159,71.19999987632036
b11_full,dqn_C_selected,168,171.0,1001.0,1034.1564969994552,1011.2625,22.893996999454473,-33.15649699945443,583.0,170.0,998.0,1028.974678817637,-30.974678817636253,2.0,1000.0,0,3.0,170,75.19999985396862
b11_full,dqn_C_selected,169,159.0,1007.0,979.1636640179883,955.9124999999998,23.251164017987836,27.836335982012177,539.0,158.0,995.0,973.0208068751311,21.97919312486932,4.0,999.0,1,12.0,158,70.99999988079071
b11_full,dqn_C_selected,170,148.0,992.0,941.3572706045844,917.2125000000005,24.14477060458355,50.64272939541648,584.0,147.0,982.0,935.2403874877012,46.7596125122996,12.0,994.0,6,10.0,147,65.89999988675117
b11_full,dqn_C_selected,171,166.0,999.0,1004.8439598028292,982.1249999999999,22.71895980282904,-5.843959802829053,588.0,165.0,990.0,998.7670367259061,-8.767036725905976,6.0,996.0,4,9.0,165,73.09999985992908
b11_full,dqn_C_selected,172,172.0,990.0,1051.5113409535732,1022.9624999999999,28.548840953573173,-61.51134095357321,758.0,171.0,985.0,1046.5113409535732,-61.51134095357321,14.0,999.0,1,5.0,171,77.89999988675117
b11_full,dqn_C_selected,173,168.0,991.0,1038.638947120539,1012.0500000000004,26.588947120538915,-47.63894712053893,743.0,167.0,977.0,1031.1194666010583,-54.11946660105841,16.0,993.0,7,14.0,167,76.29999989271164
b11_full,dqn_C_selected,174,143.0,998.0,902.8501715824113,880.2000000000002,22.650171582410973,95.14982841758902,626.0,142.0,987.0,897.9081425969041,89.09185740309627,4.0,991.0,9,11.0,142,64.39999990165234
b11_full,dqn_C_selected,175,154.0,993.0,961.0006878893554,938.8124999999994,22.18818788935544,31.999312110644567,543.0,153.0,984.0,954.4622263508938,29.537773649106104,12.0,996.0,4,9.0,153,68.09999987483025
b11_full,dqn_C_selected,176,159.0,1006.0,985.8262435610932,962.2124999999997,23.61374356109335,20.17375643890668,579.0,158.0,996.0,979.2012435610932,16.79875643890668,2.0,998.0,2,10.0,158,71.19999988377094
b11_full,dqn_C_selected,177,163.0,1007.0,1003.9519946337883,979.6500000000001,24.30199463378805,3.048005366211944,578.0,162.0,997.0,998.1857608675546,-1.1857608675542899,2.0,999.0,1,10.0,162,72.99999988079071
b11_full,dqn_C_selected,178,163.0,998.0,1004.1189110126447,981.7874999999997,22.3314110126449,-6.118911012644885,487.0,162.0,993.0,997.2342956280294,-4.2342956280295,4.0,997.0,3,5.0,162,71.59999985992908
b11_full,dqn_C_selected,179,153.0,995.0,956.664459073011,933.4124999999997,23.251959073010575,38.33554092698941,555.0,152.0,992.0,949.7798436883957,42.220156311604796,8.0,1000.0,0,3.0,152,68.19999988377094
b11_full,dqn_C_selected,180,154.0,1006.0,954.8561609297469,930.7125000000002,24.143660929746368,51.14383907025364,596.0,153.0,995.0,948.2612242208861,46.7387757791144,2.0,997.0,3,11.0,153,68.09999987483025
b11_full,dqn_C_selected,181,165.0,997.0,1020.3297602111626,993.9374999999999,26.39226021116206,-23.329760211162093,705.0,164.0,989.0,1013.6759140573164,-24.67591405731594,10.0,999.0,1,8.0,164,74.39999988675117
b11_full,dqn_C_selected,182,154.0,989.0,956.2406451782499,931.8375,24.40314517825016,32.75935482174983,629.0,153.0,978.0,949.2841234391195,28.715876560880268,12.0,990.0,10,11.0,153,69.29999989271164
b11_full,dqn_C_selected,183,151.0,1000.0,934.1412260568691,912.0374999999999,22.103726056869192,65.8587739431308,577.0,150.0,990.0,928.5545593902024,61.445440609797465,8.0,998.0,2,10.0,150,66.79999987781048
b11_full,dqn_C_selected,184,167.0,995.0,1030.9073828841063,1006.6500000000002,24.257382884106654,-35.90738288410665,567.0,166.0,982.0,1022.4073828841063,-40.40738288410665,6.0,988.0,12,13.0,166,74.19999986886978
b11_full,dqn_C_selected,185,163.0,1007.0,1003.5359149064719,979.7625000000004,23.773414906472,3.464085093527986,526.0,162.0,997.0,995.3460414887504,1.6539585112495043,2.0,999.0,1,10.0,162,71.59999985992908
b11_full,dqn_C_selected,186,171.0,1001.0,1053.5326939630195,1028.1374999999996,25.395193963019064,-52.53269396301907,595.0,170.0,990.0,1047.0516813047916,-57.051681304791224,6.0,996.0,4,11.0,170,76.39999987185001
b11_full,dqn_C_selected,187,162.0,993.0,981.1785531959338,958.2750000000004,22.90355319593307,11.821446804066925,516.0,161.0,990.0,975.4285531959338,14.571446804066925,8.0,998.0,2,3.0,161,71.69999986886978
b11_full,dqn_C_selected,188,169.0,998.0,1031.6299504446818,1006.7625000000002,24.86745044468121,-33.62995044468123,600.0,168.0,994.0,1026.0188393335707,-32.018839333570114,6.0,1000.0,0,4.0,168,75.59999987483025
b11_full,dqn_C_selected,189,157.0,995.0,966.1354990283976,944.1000000000004,22.035499028397254,28.86450097160274,480.0,156.0,988.0,959.6544863701697,28.345513629830588,7.0,995.0,5,7.0,156,68.89999986439943
b11_full,dqn_C_selected,190,158.0,997.0,987.8507382363181,964.4624999999999,23.38823823631828,9.149261763681723,602.0,157.0,993.0,982.8122766978565,10.187723302143262,2.0,995.0,5,4.0,157,70.09999987483025
b11_full,dqn_C_selected,191,155.0,988.0,958.5995185280624,936.1125,22.48701852806184,29.400481471938164,573.0,154.0,973.0,950.3302877588317,22.669712241168934,20.0,993.0,7,15.0,154,68.99999988079071
b11_full,dqn_C_selected,192,167.0,1002.0,1031.0707020271266,1005.5250000000003,25.545702027126183,-29.070702027126174,648.0,166.0,992.0,1023.5049125534424,-31.50491255344196,2.0,994.0,6,10.0,166,74.99999988079071
b11_full,dqn_C_selected,193,169.0,997.0,1021.4004702363587,996.8625000000002,24.537970236358305,-24.400470236358302,629.0,168.0,988.0,1014.8620086978972,-26.862008697896766,12.0,1000.0,0,9.0,168,75.59999987483025
b11_full,dqn_C_selected,194,164.0,1001.0,1016.4591936055351,990.6750000000003,25.784193605535048,-15.459193605535049,622.0,163.0,998.0,1011.6348692812107,-13.634869281210724,2.0,1000.0,0,3.0,163,73.69999988377094
b11_full,dqn_C_selected,195,159.0,1003.0,993.3152726720575,969.7499999999999,23.565272672057283,9.684727327942706,536.0,158.0,998.0,987.9384610778546,10.061538922145605,2.0,1000.0,0,5.0,158,70.19999986886978
b11_full,dqn_C_selected,196,165.0,1012.0,1012.8628703581111,989.6624999999998,23.20037035811051,-0.8628703581104871,537.0,164.0,998.0,1005.2628703581111,-7.262870358110487,2.0,1000.0,0,14.0,164,73.39999987185001
b11_full,dqn_C_selected,197,161.0,997.0,984.6491749434925,960.6375,24.011674943492054,12.350825056507961,634.0,160.0,989.0,977.8820516558213,11.117948344179194,6.0,995.0,5,8.0,160,72.19999988377094
b11_full,dqn_C_selected,198,167.0,1008.0,1006.1256665464191,981.9000000000003,24.2256665464192,1.874333453580804,636.0,166.0,998.0,1000.4421222426216,-2.4421222426217275,2.0,1000.0,0,10.0,166,74.39999987185001
b11_full,dqn_C_selected,199,173.0,996.0,1057.06875350488,1030.7249999999997,26.34375350487962,-61.06875350487962,670.0,172.0,989.0,1050.54875350488,-61.54875350487962,8.0,997.0,3,7.0,172,77.19999986886978
b11_full,dqn_C_selected,200,168.0,979.0,1034.9178248108728,1006.5374999999996,28.380324810872672,-55.91782481087268,753.0,167.0,969.0,1029.2467721792939,-60.246772179293735,22.0,991.0,9,10.0,167,75.49999988079071
b11_full,dqn_C_selected,201,158.0,991.0,991.1295537440112,966.7124999999994,24.417053744011135,-0.12955374401113762,605.0,157.0,984.0,984.1158551138742,-0.1158551138741517,13.0,997.0,3,7.0,157,70.99999988824129
b11_full,dqn_C_selected,202,158.0,990.0,989.4123400337415,964.8000000000001,24.61234003374128,0.5876599662587241,715.0,157.0,982.0,982.9313273755137,-0.9313273755134279,14.0,996.0,4,8.0,157,71.29999989271164
b11_full,dqn_C_selected,203,169.0,993.0,1040.600952989706,1016.3249999999996,24.2759529897058,-47.60095298970583,559.0,168.0,986.0,1032.2632906520437,-46.263290652043494,10.0,996.0,4,7.0,168,73.79999984800816
b11_full,dqn_C_selected,204,158.0,999.0,967.4751775109404,944.7749999999999,22.70017751094024,31.52482248905975,572.0,157.0,989.0,961.2970953191596,27.702904680840575,6.0,995.0,5,10.0,157,70.09999987483025
b11_full,dqn_C_selected,205,164.0,996.0,1024.194305024805,997.2,26.994305024804888,-28.19430502480487,668.0,163.0,989.0,1019.1228764533765,-30.1228764533763,8.0,997.0,3,7.0,163,74.09999988973141
b11_full,dqn_C_selected,206,164.0,994.0,1007.6148976184764,983.9249999999998,23.689897618476483,-13.61489761847647,549.0,163.0,986.0,1000.2224925551853,-14.22249255518533,8.0,994.0,6,8.0,163,71.69999985396862
b11_full,dqn_C_selected,207,157.0,1006.0,974.4930452290298,950.1749999999998,24.31804522902939,31.506954770970626,602.0,156.0,994.0,968.3501880861727,25.64981191382777,4.0,998.0,2,12.0,156,69.99999988079071
b11_full,dqn_C_selected,208,163.0,1001.0,999.4611962837436,976.6125000000001,22.848696283743223,1.5388037162567993,558.0,162.0,996.0,992.9801836255157,3.0198163744846473,2.0,998.0,2,5.0,162,71.99999986588955
b11_full,dqn_C_selected,209,157.0,1003.0,969.7780943732787,946.1249999999999,23.65309437327842,33.22190562672156,617.0,156.0,995.0,964.2254627943313,30.774537205668928,4.0,999.0,1,8.0,156,70.39999988675117
b11_full,dqn_C_selected,210,166.0,998.0,1027.1638364730238,1002.2624999999999,24.901336473024198,-29.16383647302415,633.0,165.0,989.0,1020.9555031396904,-31.95550313969082,8.0,997.0,3,9.0,165,73.89999987185001
b11_full,dqn_C_selected,211,152.0,994.0,939.197071380182,917.2125000000001,21.98457138018184,54.80292861981814,603.0,151.0,986.0,932.3124559955667,53.687544004433526,10.0,996.0,4,8.0,151,67.29999987781048
b11_full,dqn_C_selected,212,166.0,995.0,1031.8454157257843,1006.5375000000004,25.30791572578422,-36.845415725784235,641.0,165.0,992.0,1026.0532079335765,-34.053207933576445,6.0,998.0,2,3.0,165,74.49999988079071
b11_full,dqn_C_selected,213,167.0,992.0,1015.2863955815059,990.4499999999997,24.836395581505567,-23.28639558150557,674.0,166.0,984.0,1008.2597289148392,-24.259728914838902,16.0,1000.0,0,8.0,166,74.59999987483025
b11_full,dqn_C_selected,214,155.0,996.0,954.1695876537482,932.6249999999998,21.544587653747566,41.83041234625244,497.0,154.0,991.0,948.38876573594,42.611234264060656,4.0,995.0,5,5.0,154,67.99999986588955
b11_full,dqn_C_selected,215,167.0,1001.0,1024.501588150661,1001.0249999999999,23.476588150660785,-23.501588150660776,534.0,166.0,993.0,1018.0785112275842,-25.078511227583853,6.0,999.0,1,8.0,166,73.79999986290932
b11_full,dqn_C_selected,216,165.0,1000.0,1010.1622169101103,985.6124999999998,24.549716910109964,-10.162216910109976,643.0,164.0,994.0,1005.5039890620089,-11.50398906200871,6.0,1000.0,0,6.0,164,73.59999987483025
b11_full,dqn_C_selected,217,168.0,989.0,1030.0993499888104,1003.7250000000001,26.374349988810756,-41.099349988810765,725.0,167.0,986.0,1025.3756657782842,-39.37566577828445,14.0,1000.0,0,3.0,167,76.09999988973141
b11_full,dqn_C_selected,218,167.0,997.0,1046.8591379050533,1019.9249999999998,26.934137905053348,-49.85913790505334,669.0,166.0,991.0,1040.2052917512071,-49.205291751207184,6.0,997.0,3,6.0,166,75.39999988675117
b11_full,dqn_C_selected,219,162.0,999.0,1002.3694147580188,978.5249999999996,23.84441475801847,-3.369414758018463,570.0,161.0,991.0,995.3957305474925,-4.395730547492147,8.0,999.0,1,8.0,161,71.89999987185001
b11_full,dqn_C_selected,220,170.0,997.0,1048.1654032164522,1022.6249999999999,25.540403216451992,-51.16540321645203,723.0,169.0,985.0,1040.4804717096029,-55.48047170960271,8.0,993.0,7,12.0,169,76.69999988377094
b11_full,dqn_C_selected,221,160.0,1003.0,974.570644836394,951.3000000000001,23.270644836393657,28.429355163606374,588.0,159.0,995.0,968.203556228799,26.79644377120131,0.0,995.0,5,8.0,159,72.09999988973141
b11_full,dqn_C_selected,222,174.0,1006.0,1075.452657578779,1049.4000000000003,26.052657578779147,-69.45265757877914,642.0,173.0,996.0,1067.886868105095,-71.88686810509493,4.0,1000.0,0,10.0,173,77.29999986290932
b11_full,dqn_C_selected,223,155.0,993.0,958.6719343592116,938.1374999999998,20.53443435921133,34.32806564078865,466.0,154.0,984.0,951.849149549085,32.150850450915236,8.0,992.0,8,9.0,154,66.19999983906746
b11_full,dqn_C_selected,224,154.0,997.0,960.4482869708947,936.3375,24.110786970894445,36.55171302910556,592.0,153.0,991.0,953.5636715862794,37.43632841372094,6.0,997.0,3,6.0,153,68.89999988675117
b11_full,dqn_C_selected,225,160.0,995.0,989.9229416861064,966.3749999999998,23.547941686105553,5.0770583138944545,534.0,159.0,985.0,982.9094281725928,2.0905718274079677,6.0,991.0,9,10.0,159,70.69999986886978
b11_full,dqn_C_selected,226,158.0,999.0,967.5837646592514,945.2249999999998,22.35876465925096,31.416235340749033,594.0,157.0,995.0,961.764320214807,33.235679785193476,4.0,999.0,1,4.0,157,69.29999986290932
b11_full,dqn_C_selected,227,171.0,991.0,1047.2463240871164,1020.9374999999998,26.308824087116363,-56.246324087116385,717.0,170.0,982.0,1041.7535704639279,-59.75357046392798,10.0,992.0,8,9.0,170,77.19999988377094
b11_full,dqn_C_selected,228,153.0,998.0,959.1093355452504,933.1875000000002,25.921835545250122,38.89066445474988,655.0,152.0,991.0,952.6283228870225,38.37167711297773,6.0,997.0,3,7.0,152,69.59999990463257
b11_full,dqn_C_selected,229,163.0,1003.0,1005.1645670155747,981.7875,23.377067015574852,-2.1645670155748338,597.0,162.0,993.0,998.3942967453044,-5.394296745304564,6.0,999.0,1,10.0,162,72.79999987781048
b11_full,dqn_C_selected,230,155.0,997.0,973.0171708935832,948.5999999999999,24.41717089358286,23.98282910641711,581.0,154.0,991.0,967.1267599346791,23.87324006532122,4.0,995.0,5,6.0,154,68.79999987781048
b11_full,dqn_C_selected,231,156.0,981.0,960.9883145857348,936.8999999999996,24.088314585734413,20.01168541426559,623.0,155.0,966.0,953.4688340662542,12.531165933746108,20.0,986.0,14,15.0,155,69.09999987483025
b11_full,dqn_C_selected,232,166.0,992.0,1005.1122340880216,981.5624999999998,23.54973408802124,-13.112234088021225,559.0,165.0,986.0,998.2894492778951,-12.289449277894644,12.0,998.0,2,6.0,165,72.69999985396862
b11_full,dqn_C_selected,233,165.0,989.0,1012.9233627490717,988.4250000000001,24.498362749071987,-23.923362749071984,638.0,164.0,985.0,1005.3233627490716,-20.323362749071983,12.0,997.0,3,4.0,164,72.99999986588955
b11_full,dqn_C_selected,234,158.0,997.0,960.2051702164619,935.7750000000001,24.430170216461217,36.794829783538795,602.0,157.0,990.0,952.5801702164619,37.419829783538795,6.0,996.0,4,7.0,157,70.69999988377094
b11_full,dqn_C_selected,235,155.0,988.0,969.979898132163,944.4375,25.542398132163076,18.02010186783693,610.0,154.0,978.0,963.479898132163,14.520101867836932,16.0,994.0,6,10.0,154,68.99999988079071
b11_full,dqn_C_selected,236,157.0,997.0,969.8437861021459,946.2374999999998,23.60628610214563,27.15621389785435,544.0,156.0,990.0,962.2061049427257,27.79389505727464,8.0,998.0,2,7.0,156,70.39999988675117
b11_full,dqn_C_selected,237,170.0,996.0,1032.3833871194604,1007.8874999999999,24.49588711946012,-36.3833871194601,607.0,169.0,990.0,1026.2665040025772,-36.26650400257699,8.0,998.0,2,6.0,169,75.89999987185001
b11_full,dqn_C_selected,238,161.0,1004.0,994.7655590279029,968.6249999999999,26.1405590279023,9.234440972097683,687.0,160.0,998.0,989.8243825573146,8.175617442685919,0.0,998.0,2,6.0,160,72.39999988675117
b11_full,dqn_C_selected,239,168.0,993.0,1012.637320649703,988.7625000000004,23.874820649703054,-19.637320649703046,568.0,167.0,982.0,1004.3680898804723,-22.368089880472276,12.0,994.0,6,11.0,167,73.69999985396862
b11_full,dqn_C_selected,240,165.0,991.0,1012.951393335387,987.6374999999997,25.31389333538681,-21.951393335386815,673.0,164.0,988.0,1006.8744702584639,-18.874470258463738,10.0,998.0,2,3.0,164,74.79999989271164
b11_full,dqn_C_selected,241,165.0,998.0,1024.4315225288917,997.6500000000005,26.781522528891806,-26.431522528891822,693.0,164.0,987.0,1018.3545994519686,-31.354599451968745,10.0,997.0,3,11.0,164,74.79999989271164
b11_full,dqn_C_selected,242,162.0,997.0,1008.2067451327398,982.9125000000004,25.294245132738943,-11.206745132738934,639.0,161.0,992.0,1003.4830609222134,-11.48306092221262,8.0,1000.0,0,5.0,161,72.69999988377094
b11_full,dqn_C_selected,243,181.0,996.0,1088.1721351424246,1059.525,28.647135142424403,-92.17213514242437,717.0,180.0,992.0,1083.340966311256,-91.34096631125554,8.0,1000.0,0,4.0,180,81.19999986886978
b11_full,dqn_C_selected,244,170.0,1002.0,1030.1110119277203,1006.5375,23.573511927720062,-28.111011927720046,520.0,169.0,995.0,1024.6110119277203,-29.611011927720046,2.0,997.0,3,7.0,169,74.69999985396862
b11_full,dqn_C_selected,245,173.0,995.0,1050.947512953662,1026.5625000000002,24.385012953662283,-55.94751295366226,561.0,172.0,993.0,1045.7656947718438,-52.76569477184408,6.0,999.0,1,2.0,172,77.19999986886978
b11_full,dqn_C_selected,246,161.0,999.0,1005.4384925680405,981.2249999999999,24.213492568040763,-6.438492568040764,548.0,160.0,996.0,999.4131761123443,-3.413176112344561,2.0,998.0,2,3.0,160,70.99999986588955
b11_full,dqn_C_selected,247,175.0,993.0,1056.9252048262676,1033.3125000000002,23.61270482626724,-63.92520482626722,558.0,174.0,987.0,1050.7724270484898,-63.77242704848944,8.0,995.0,5,6.0,174,77.39999985694885
b11_full,dqn_C_selected,248,156.0,1007.0,972.5009522339593,949.1624999999997,23.33845223395913,34.49904776604086,512.0,155.0,996.0,966.356215391854,29.643784608146124,4.0,1000.0,0,11.0,155,68.49999986588955
b11_full,dqn_C_selected,249,166.0,1004.0,1019.0418776935228,995.7375,23.304377693522202,-15.04187769352219,524.0,165.0,994.0,1012.5034161550612,-18.503416155060652,4.0,998.0,2,10.0,165,73.09999985992908
b11_full,dqn_C_selected,250,153.0,1002.0,936.8879839908914,915.3000000000003,21.58798399089126,65.11201600910874,553.0,152.0,996.0,932.2528488557563,63.74715114424387,4.0,1000.0,0,6.0,152,67.99999988079071
b11_full,dqn_C_selected,251,156.0,997.0,969.0535711723331,942.9750000000003,26.078571172333145,27.946428827666878,725.0,155.0,992.0,964.2292468480088,27.7707531519912,4.0,996.0,4,5.0,155,70.89999990165234
b11_full,dqn_C_selected,252,144.0,998.0,918.8272735013913,895.2750000000002,23.552273501390857,79.1727264986092,546.0,143.0,987.0,911.7472735013913,75.25272649860919,12.0,999.0,1,11.0,143,63.69999988377094
b11_full,dqn_C_selected,253,164.0,995.0,1020.97067505149,994.3874999999998,26.583175051490052,-25.97067505149004,644.0,163.0,992.0,1015.7733066304374,-23.77330663043741,6.0,998.0,2,3.0,163,73.09999987483025
b11_full,dqn_C_selected,254,170.0,1001.0,1043.28243518399,1018.4625000000002,24.819935183988886,-42.28243518398888,621.0,169.0,996.0,1037.48243518399,-41.48243518398888,2.0,998.0,2,5.0,169,77.29999989271164
b11_full,dqn_C_selected,255,170.0,997.0,1036.5403372901317,1013.1750000000003,23.365337290130533,-39.540337290130545,573.0,169.0,990.0,1030.0018757516702,-40.001875751669004,4.0,994.0,6,7.0,169,74.49999985098839
b11_full,dqn_C_selected,256,159.0,999.0,980.2122742381764,956.5875,23.62477423817598,18.787725761824046,569.0,158.0,990.0,974.1869577824802,15.813042217520248,2.0,992.0,8,9.0,158,71.39999988675117
b11_full,dqn_C_selected,257,159.0,987.0,979.2987620695229,953.5500000000001,25.748762069523107,7.701237930476885,700.0,158.0,983.0,974.4910697618307,8.508930238169192,16.0,999.0,1,4.0,158,71.79999989271164
b11_full,dqn_C_selected,258,171.0,999.0,1048.3855308786951,1023.1874999999999,25.19803087869515,-49.38553087869513,705.0,170.0,993.0,1042.2348459471882,-49.234845947188276,6.0,999.0,1,6.0,170,77.19999988377094
b11_full,dqn_C_selected,259,158.0,983.0,985.4216411282916,961.8749999999997,23.546641128291707,-2.4216411282916965,558.0,157.0,971.0,978.3805452378807,-7.380545237880738,18.0,989.0,11,12.0,157,70.69999988377094
b11_full,dqn_C_selected,260,154.0,998.0,966.1002939512572,942.2999999999998,23.800293951257217,31.89970604874279,545.0,153.0,987.0,957.6002939512572,29.39970604874279,6.0,993.0,7,11.0,153,68.69999988377094
b11_full,dqn_C_selected,261,170.0,997.0,1063.69740897591,1038.4875000000004,25.209908975909958,-66.69740897590997,542.0,169.0,990.0,1058.2417127733784,-68.24171277337832,4.0,994.0,6,7.0,169,75.89999987185001
b11_full,dqn_C_selected,262,164.0,1000.0,1021.9327704324088,997.7625,24.17027043240914,-21.93277043240912,591.0,163.0,996.0,1016.7354020113562,-20.73540201135649,4.0,1000.0,0,4.0,163,73.29999987781048
b11_full,dqn_C_selected,263,154.0,998.0,968.9163386825414,945.4499999999998,23.466338682541604,29.083661317458382,594.0,153.0,991.0,962.0935538724149,28.906446127584964,4.0,995.0,5,7.0,153,68.89999988675117
b11_full,dqn_C_selected,264,164.0,999.0,1017.2812912381394,992.8124999999998,24.468791238139346,-18.28129123813935,608.0,163.0,996.0,1012.557607027613,-16.557607027613034,4.0,1000.0,0,3.0,163,72.49999986588955
b11_full,dqn_C_selected,265,158.0,993.0,988.9236415155805,964.2375000000002,24.686141515580204,4.076358484419791,623.0,157.0,985.0,982.8067583986973,2.1932416013029084,10.0,995.0,5,8.0,157,71.49999989569187
b11_full,dqn_C_selected,266,159.0,1001.0,983.8339086478028,958.9499999999999,24.88390864780272,17.166091352197316,593.0,158.0,994.0,977.8085921921066,16.19140780789352,6.0,1000.0,0,7.0,158,70.59999987483025
b11_full,dqn_C_selected,267,168.0,1002.0,1034.3301703776317,1010.1374999999998,24.192670377631625,-32.33017037763164,587.0,167.0,996.0,1026.8106898581511,-30.81068985815112,4.0,1000.0,0,6.0,167,74.49999986588955
b11_full,dqn_C_selected,268,158.0,1004.0,993.5012665204518,969.8625,23.638766520451576,10.498733479548445,544.0,157.0,998.0,986.8391043582897,11.160895641710606,2.0,1000.0,0,6.0,157,70.09999987483025
b11_full,dqn_C_selected,269,162.0,1001.0,996.5813284969423,973.6875000000003,22.893828496941687,4.418671503058346,488.0,161.0,994.0,988.3914550792208,5.608544920779864,0.0,994.0,6,7.0,161,71.29999986290932
b11_full,dqn_C_selected,270,170.0,992.0,1027.66399724524,1002.1499999999997,25.51399724523945,-35.66399724523943,727.0,169.0,986.0,1022.4821790634218,-36.48217906342125,10.0,996.0,4,6.0,169,75.49999986588955
b11_full,dqn_C_selected,271,170.0,994.0,1046.0682405100595,1022.1749999999998,23.893240510059172,-52.06824051005917,589.0,169.0,985.0,1039.529778971598,-54.52977897159763,10.0,995.0,5,9.0,169,75.89999987185001
b11_full,dqn_C_selected,272,156.0,997.0,963.4919336357024,939.8249999999999,23.666933635702286,33.50806636429775,626.0,155.0,986.0,957.9919336357024,28.008066364297747,9.0,995.0,5,11.0,155,69.99999988824129
b11_full,dqn_C_selected,273,161.0,996.0,1014.7127993381098,988.5375000000001,26.175299338109504,-18.712799338109484,673.0,160.0,986.0,1006.0789965212084,-20.078996521208076,12.0,998.0,2,10.0,160,71.79999987781048
b11_full,dqn_C_selected,274,158.0,997.0,975.1450438096465,951.9750000000003,23.170043809646128,21.854956190353867,631.0,157.0,990.0,969.4142745788772,20.585725421123097,8.0,998.0,2,7.0,157,70.49999988079071
b11_full,dqn_C_selected,275,165.0,996.0,1008.6750249487014,986.9625,21.712524948701365,-12.67502494870136,509.0,164.0,993.0,1001.2826198854103,-8.28261988541022,6.0,999.0,1,3.0,164,71.79999984800816
b11_full,dqn_C_selected,276,157.0,995.0,967.787443701608,945.2249999999998,22.562443701607698,27.212556298392283,539.0,156.0,986.0,963.1292158535067,22.87078414649355,6.0,992.0,8,9.0,156,68.99999986588955
b11_full,dqn_C_selected,277,158.0,988.0,985.7296967430306,959.8499999999998,25.87969674303021,2.2703032569697994,662.0,157.0,982.0,979.7043802873344,2.295619712666002,14.0,996.0,4,6.0,157,71.89999990165234
b11_full,dqn_C_selected,278,165.0,1003.0,1025.0892149073,999.5625000000002,25.52671490729954,-22.089214907299493,597.0,164.0,994.0,1018.6082022490721,-24.608202249071645,6.0,1000.0,0,9.0,164,73.59999987483025
b11_full,dqn_C_selected,279,164.0,988.0,1008.1602159618172,984.5999999999998,23.560215961816834,-20.16021596181681,554.0,163.0,986.0,1000.5385943401956,-14.53859434019519,14.0,1000.0,0,2.0,163,72.69999986886978
b11_full,dqn_C_selected,280,165.0,999.0,1017.5265549542023,992.8125,24.71405495420177,-18.526554954201757,595.0,164.0,996.0,1012.631818112097,-16.631818112096493,2.0,998.0,2,3.0,164,73.19999986886978
b11_full,dqn_C_selected,281,166.0,1001.0,1014.4043826630432,991.6875000000003,22.716882663042554,-13.404382663042565,499.0,165.0,998.0,1009.2904586124102,-11.290458612409653,2.0,1000.0,0,3.0,165,73.49999986588955
b11_full,dqn_C_selected,282,157.0,993.0,965.3600946979117,942.1874999999997,23.17259469791124,27.63990530208876,558.0,156.0,985.0,960.2951596329766,24.704840367023824,12.0,997.0,3,8.0,156,70.19999988377094
b11_full,dqn_C_selected,283,162.0,993.0,1005.9546923027428,981.45,24.504692302742747,-12.954692302742744,579.0,161.0,988.0,999.4162307642813,-11.416230764281206,8.0,996.0,4,5.0,161,71.89999987185001
b11_full,dqn_C_selected,284,159.0,996.0,971.5026278907418,948.4875000000004,23.01512789074199,24.497372109258016,576.0,158.0,990.0,964.7159612240752,25.284038775924685,10.0,1000.0,0,6.0,158,69.39999985694885
b11_full,dqn_C_selected,285,157.0,1001.0,976.5947962092498,951.0749999999996,25.519796209249915,24.40520379075006,594.0,156.0,989.0,970.8640269784805,18.13597302151929,8.0,997.0,3,12.0,156,69.99999988079071
b11_full,dqn_C_selected,286,165.0,1005.0,1033.139324119753,1008.7875000000003,24.35182411975341,-28.13932411975343,575.0,164.0,998.0,1027.3585022019447,-29.35850220194521,2.0,1000.0,0,7.0,164,72.59999985992908
b11_full,dqn_C_selected,287,155.0,987.0,961.58718154261,938.25,23.337181542609535,25.412818457390472,555.0,154.0,983.0,955.83718154261,27.162818457390472,16.0,999.0,1,4.0,154,68.99999988079071
b11_full,dqn_C_selected,288,181.0,1001.0,1097.0862382770688,1069.7625000000003,27.323738277068813,-96.08623827706879,716.0,180.0,998.0,1091.5862382770688,-93.58623827706879,0.0,998.0,2,3.0,180,80.39999985694885
b11_full,dqn_C_selected,289,165.0,1000.0,1014.9349019438285,991.1250000000001,23.80990194382879,-14.934901943828784,573.0,164.0,997.0,1009.7810557899824,-12.78105578998263,2.0,999.0,1,3.0,164,73.39999987185001
b11_full,dqn_C_selected,290,158.0,997.0,982.2755790830986,956.3624999999997,25.91307908309835,14.724420916901643,686.0,157.0,993.0,975.6668834309247,17.333116569075557,6.0,999.0,1,4.0,157,71.89999990165234
b11_full,dqn_C_selected,291,151.0,995.0,933.1840896110579,911.7000000000002,21.484089611057488,61.81591038894251,563.0,150.0,989.0,927.6314580321105,61.36854196788988,6.0,995.0,5,6.0,150,66.19999986886978
b11_full,dqn_C_selected,292,172.0,992.0,1038.9826927343881,1014.6375,24.34519273438784,-46.98269273438785,607.0,171.0,987.0,1032.282692734388,-45.282692734387844,12.0,999.0,1,5.0,171,76.69999986886978
b11_full,dqn_C_selected,293,159.0,991.0,973.9712980768697,949.9499999999996,24.02129807686959,17.028701923130374,606.0,158.0,982.0,968.205064310636,13.79493568936414,10.0,992.0,8,9.0,158,70.99999988079071
b11_full,dqn_C_selected,294,163.0,998.0,1009.1932287059093,985.9500000000004,23.24322870590917,-11.193228705909155,550.0,162.0,987.0,1001.8008236426182,-14.800823642618015,4.0,991.0,9,11.0,162,72.59999987483025
b11_full,dqn_C_selected,295,158.0,1003.0,985.2414807238433,961.875,23.366480723842887,17.758519276157127,543.0,157.0,998.0,978.4186959137168,19.58130408628371,0.0,998.0,2,5.0,157,69.89999987185001
b11_full,dqn_C_selected,296,169.0,997.0,1021.7904945062746,997.6500000000003,24.140494506274436,-24.79049450627443,694.0,168.0,987.0,1016.2580269738071,-29.2580269738069,4.0,991.0,9,10.0,168,75.59999987483025
b11_full,dqn_C_selected,297,155.0,997.0,958.1535893814612,932.6249999999998,25.528589381460883,38.84641061853911,660.0,154.0,992.0,951.2185244463963,40.78147555360405,4.0,996.0,4,5.0,154,70.1999998986721
b11_full,dqn_C_selected,298,174.0,994.0,1072.8645825244307,1047.1499999999999,25.714582524431215,-78.86458252443121,623.0,173.0,985.0,1065.8908983139045,-80.8908983139049,12.0,997.0,3,9.0,173,77.49999986588955
b11_full,dqn_C_selected,299,162.0,998.0,1010.1032043918697,984.4875000000003,25.615704391869453,-12.103204391869461,579.0,161.0,990.0,1003.4493582380235,-13.449358238023308,4.0,994.0,6,8.0,161,71.49999986588955
b11_full,dqn_C_selected,300,174.0,998.0,1052.451238856315,1026.1125000000002,26.3387388563145,-54.4512388563145,727.0,173.0,985.0,1046.3343557394319,-61.33435573943138,12.0,997.0,3,13.0,173,78.89999988675117
b11_full,dqn_C_selected,301,164.0,988.0,1003.8624477230702,981.1125000000002,22.749947723070232,-15.862447723070236,545.0,163.0,984.0,998.0624477230702,-14.062447723070235,14.0,998.0,2,4.0,163,71.69999985396862
b11_full,dqn_C_selected,302,165.0,995.0,998.0794030897232,975.7125000000001,22.366903089722438,-3.0794030897224474,495.0,164.0,994.0,992.3958587859257,1.604141214075021,6.0,1000.0,0,1.0,164,71.59999984502792
b11_full,dqn_C_selected,303,168.0,995.0,1025.001141821731,1000.8000000000004,24.201141821730523,-30.001141821730517,545.0,167.0,990.0,1019.4315215685664,-29.43152156856596,6.0,996.0,4,5.0,167,73.49999985098839
b11_full,dqn_C_selected,304,163.0,990.0,1015.3531860414847,990.2250000000004,25.128186041483993,-25.353186041484015,602.0,162.0,979.0,1008.3531860414847,-29.353186041484015,14.0,993.0,7,11.0,162,72.59999987483025
b11_full,dqn_C_selected,305,169.0,995.0,1032.0999857067332,1006.7624999999998,25.337485706732686,-37.09998570673263,623.0,168.0,985.0,1025.5794377615277,-40.57943776152715,6.0,991.0,9,10.0,168,76.19999988377094
b11_full,dqn_C_selected,306,151.0,998.0,937.7998459359854,914.1750000000003,23.624845935985167,60.200154064014804,560.0,150.0,990.0,931.332313468453,58.66768653154727,6.0,996.0,4,8.0,150,68.1999998986721
b11_full,dqn_C_selected,307,163.0,999.0,975.3894371133599,954.225,21.164437113359757,23.610562886640245,502.0,162.0,992.0,967.9970320500688,24.002967949931385,6.0,998.0,2,7.0,162,70.99999985098839
b11_full,dqn_C_selected,308,167.0,988.0,1017.690699008771,994.1625,23.528199008770954,-29.690699008770956,556.0,166.0,981.0,1012.970699008771,-31.970699008770957,14.0,995.0,5,7.0,166,74.19999986886978
b11_full,dqn_C_selected,309,166.0,996.0,1028.1521123196521,1003.0499999999998,25.102112319652107,-32.15211231965212,543.0,165.0,988.0,1019.6521123196521,-31.652112319652115,6.0,994.0,6,8.0,165,72.89999985694885
b11_full,dqn_C_selected,310,163.0,1005.0,1003.1869833033211,977.9625,25.224483303320785,1.8130166966791998,642.0,162.0,993.0,996.7059706450932,-3.705970645092952,4.0,997.0,3,12.0,162,73.59999988973141
b11_full,dqn_C_selected,311,161.0,999.0,986.2365044716599,962.5499999999998,23.68650447165949,12.763495528340524,548.0,160.0,994.0,981.4288121639677,12.57118783603283,4.0,998.0,2,5.0,160,71.99999988079071
b11_full,dqn_C_selected,312,162.0,1002.0,992.8872020692696,967.3874999999997,25.499702069269937,9.112797930730068,629.0,161.0,996.0,988.172916354984,7.827083645015782,4.0,1000.0,0,6.0,161,72.29999987781048
b11_full,dqn_C_selected,313,152.0,997.0,962.9149290621157,940.1625,22.752429062115183,34.08507093788485,506.0,151.0,987.0,956.2610829082695,30.738917091731008,8.0,995.0,5,10.0,151,67.29999987781048
b11_full,dqn_C_selected,314,162.0,1006.0,997.0335850770379,973.0125000000002,24.02108507703729,8.96641492296272,720.0,161.0,996.0,989.4677956033537,6.532204396646931,2.0,998.0,2,10.0,161,73.29999989271164
b11_full,dqn_C_selected,315,167.0,998.0,1042.7843660896299,1015.5375000000004,27.24686608962937,-44.78436608962936,719.0,166.0,991.0,1037.113313458051,-46.11331345805041,8.0,999.0,1,7.0,166,74.79999987781048
b11_full,dqn_C_selected,316,149.0,997.0,931.5767200439642,909.4500000000004,22.126720043963562,65.42327995603644,534.0,148.0,989.0,926.1210238414326,62.87897615856808,4.0,993.0,7,8.0,148,65.99999988079071
b11_full,dqn_C_selected,317,163.0,994.0,1020.5562365511729,993.7125,26.84373655117261,-26.556236551172653,632.0,162.0,988.0,1014.189147943578,-26.189147943577716,12.0,1000.0,0,6.0,162,72.79999987781048
b11_full,dqn_C_selected,318,164.0,1000.0,1007.3902877464657,983.3625000000002,24.02778774646565,-7.39028774646563,556.0,163.0,994.0,1000.5056723618503,-6.505672361850245,2.0,996.0,4,6.0,163,72.69999986886978
b11_full,dqn_C_selected,319,164.0,999.0,1011.0894983307566,987.1874999999998,23.901998330756427,-12.089498330756404,578.0,163.0,992.0,1005.2651740064322,-13.26517400643208,8.0,1000.0,0,7.0,163,72.89999987185001
b11_full,dqn_C_selected,320,162.0,999.0,978.6374364018612,956.5875,22.049936401860393,20.362563598139587,544.0,161.0,994.0,973.4556182200431,20.54438177995777,4.0,998.0,2,5.0,161,71.29999986290932
b11_full,dqn_C_selected,321,163.0,1005.0,997.4700387428907,975.2625,22.207538742890854,7.529961257109165,480.0,162.0,994.0,990.6472539327641,3.3527460672357474,0.0,994.0,6,11.0,162,71.19999985396862
b11_full,dqn_C_selected,322,159.0,996.0,980.381400722765,957.8249999999999,22.556400722764963,15.618599277235038,572.0,158.0,990.0,974.2645176058818,15.735482394118156,8.0,998.0,2,6.0,158,70.19999986886978
b11_full,dqn_C_selected,323,154.0,996.0,958.2910250931137,933.3000000000002,24.991025093113784,37.70897490688624,722.0,153.0,984.0,952.2657086374176,31.73429136258244,16.0,1000.0,0,12.0,153,69.49999989569187
b11_full,dqn_C_selected,324,153.0,1006.0,953.6427471318607,929.7000000000003,23.9427471318606,52.35725286813938,589.0,152.0,999.0,948.1102795993932,50.88972040060692,0.0,999.0,1,7.0,152,68.19999988377094
b11_full,dqn_C_selected,325,166.0,994.0,1032.4178844364644,1008.6750000000001,23.74288443646423,-38.41788443646423,592.0,165.0,992.0,1027.3529493715293,-35.352949371529164,7.0,999.0,1,2.0,165,71.39999983459711
b11_full,dqn_C_selected,326,168.0,998.0,1042.8015044959848,1018.4624999999999,24.339004495984515,-44.80150449598453,554.0,167.0,992.0,1036.3784275729079,-44.378427572907604,6.0,998.0,2,6.0,167,73.89999985694885
b11_full,dqn_C_selected,327,160.0,988.0,993.8573873257579,969.5250000000005,24.332387325757708,-5.857387325757718,538.0,159.0,982.0,986.9727719411426,-4.972771941142333,14.0,996.0,4,6.0,159,71.29999987781048
b11_full,dqn_C_selected,328,155.0,1003.0,951.7672485784125,929.025,22.742248578412124,51.232751421587906,562.0,154.0,994.0,945.9699512811152,48.030048718885205,6.0,1000.0,0,9.0,154,69.99999989569187
b11_full,dqn_C_selected,329,160.0,993.0,998.1331260459626,971.6625000000001,26.470626045962465,-5.133126045962459,712.0,159.0,987.0,990.7407209826715,-3.740720982671319,8.0,995.0,5,6.0,159,72.49999989569187
b11_full,dqn_C_selected,330,164.0,998.0,1024.6192130808013,998.2125000000002,26.406713080801254,-26.619213080801256,680.0,163.0,987.0,1017.2268080175102,-30.226808017510116,6.0,993.0,7,11.0,163,74.09999988973141
b11_full,dqn_C_selected,331,159.0,1004.0,980.6585388323687,957.0375000000003,23.621038832368562,23.341461167631454,554.0,158.0,990.0,973.1367997019339,16.863200298066236,2.0,992.0,8,14.0,158,70.39999987185001
b11_full,dqn_C_selected,332,173.0,1004.0,1042.0222492800276,1016.2124999999995,25.80974928002766,-38.02224928002768,682.0,172.0,993.0,1036.3511966484486,-43.351196648448735,4.0,997.0,3,11.0,172,76.99999986588955
b11_full,dqn_C_selected,333,161.0,989.0,995.1511799451985,972.2249999999999,22.926179945197795,-6.151179945197766,546.0,160.0,984.0,989.3245132785318,-5.324513278531099,12.0,996.0,4,5.0,160,70.99999986588955
b11_full,dqn_C_selected,334,158.0,1008.0,969.6933606199466,947.4750000000003,22.218360619946402,38.306639380053596,536.0,157.0,996.0,963.5426756884398,32.45732431156045,2.0,998.0,2,12.0,157,70.29999987781048
b11_full,dqn_C_selected,335,159.0,995.0,978.0197537603153,953.4374999999997,24.582253760315183,16.980246239684806,703.0,158.0,992.0,972.0197537603153,19.980246239684806,6.0,998.0,2,3.0,158,72.59999990463257
b11_full,dqn_C_selected,336,168.0,1002.0,1035.0949984719832,1010.1375000000002,24.957498471982895,-33.09499847198292,621.0,167.0,993.0,1028.5105828875676,-35.51058288756734,4.0,997.0,3,9.0,167,75.49999988079071
b11_full,dqn_C_selected,337,165.0,996.0,1015.0586339958952,990.5625000000002,24.496133995894937,-19.05863399589494,580.0,164.0,988.0,1008.5776213376673,-20.577621337667093,10.0,998.0,2,8.0,164,73.79999987781048
b11_full,dqn_C_selected,338,150.0,998.0,942.5408718011083,918.9000000000002,23.640871801108254,55.459128198891776,543.0,149.0,988.0,936.4239886842252,51.57601131577489,8.0,996.0,4,10.0,149,67.29999989271164
b11_full,dqn_C_selected,339,159.0,996.0,982.5914108921704,958.0500000000002,24.541410892170347,13.408589107829656,624.0,158.0,989.0,976.8606416614011,12.139358338598885,10.0,999.0,1,7.0,158,70.59999987483025
b11_full,dqn_C_selected,340,162.0,995.0,984.0899861557102,960.1874999999997,23.902486155709926,10.91001384429008,618.0,161.0,987.0,979.019563620499,7.980436379501348,8.0,995.0,5,8.0,161,72.09999987483025
b11_full,dqn_C_selected,341,163.0,999.0,1022.1785586560687,996.0750000000003,26.103558656067857,-23.17855865606782,641.0,162.0,994.0,1017.0996112876477,-23.09961128764677,4.0,998.0,2,5.0,162,71.99999986588955
b11_full,dqn_C_selected,342,153.0,991.0,962.4214326457793,940.8375000000001,21.583932645778674,28.578567354221313,523.0,152.0,981.0,955.7814326457793,25.218567354221314,12.0,993.0,7,10.0,152,67.39999987185001
b11_full,dqn_C_selected,343,164.0,993.0,1003.1605701384963,979.4250000000002,23.735570138495977,-10.160570138495967,605.0,163.0,981.0,996.5067239846501,-15.506723984649813,8.0,989.0,11,12.0,163,72.09999985992908
b11_full,dqn_C_selected,344,169.0,1007.0,1046.82691167965,1021.2749999999999,25.55191167964953,-39.826911679649484,719.0,168.0,998.0,1040.3593792121176,-42.35937921211702,0.0,998.0,2,9.0,168,76.19999988377094
b11_full,dqn_C_selected,345,155.0,995.0,954.2788751263481,931.7249999999999,22.553875126347496,40.7211248736525,545.0,154.0,991.0,946.6487381400467,44.351261859953865,6.0,997.0,3,4.0,154,68.79999987781048
b11_full,dqn_C_selected,346,170.0,1003.0,1054.6249199915637,1028.5874999999999,26.037419991563418,-51.62491999156346,627.0,169.0,991.0,1046.2301831494585,-55.23018314945819,4.0,995.0,5,12.0,169,76.29999987781048
b11_full,dqn_C_selected,347,165.0,1005.0,1015.3898143150477,991.9125,23.477314315047423,-10.389814315047417,529.0,164.0,996.0,1007.7898143150477,-11.789814315047417,2.0,998.0,2,9.0,164,72.59999985992908
b11_full,dqn_C_selected,348,170.0,994.0,1038.066213954207,1012.725,25.341213954207085,-44.06621395420707,696.0,169.0,981.0,1031.847463954207,-50.84746395420707,14.0,995.0,5,13.0,169,74.69999985396862
b11_full,dqn_C_selected,349,166.0,1003.0,1041.2199954428531,1018.4625,22.757495442852807,-38.21999544285278,465.0,165.0,993.0,1032.825258600748,-39.82525860074752,6.0,999.0,1,10.0,165,72.49999985098839
b11_full,dqn_C_selected,350,164.0,992.0,1021.2300997515038,995.0625,26.167599751503175,-29.230099751503197,608.0,163.0,985.0,1014.2950348164388,-29.29503481643826,12.0,997.0,3,7.0,163,73.89999988675117
b11_full,dqn_C_selected,351,165.0,1004.0,1001.264886665857,979.3125000000001,21.95238666585627,2.7351133341437386,475.0,164.0,995.0,993.8724816025659,1.1275183974348781,2.0,997.0,3,9.0,164,71.99999985098839
b11_full,dqn_C_selected,352,174.0,992.0,1069.9020418228083,1044.3374999999999,25.564541822808838,-77.90204182280878,658.0,173.0,984.0,1064.8635802843469,-80.86358028434725,16.0,1000.0,0,8.0,173,77.49999986588955
b11_full,dqn_C_selected,353,154.0,1005.0,965.651430827145,942.8625000000001,22.78893082714453,39.348569172855484,517.0,153.0,995.0,958.71636589208,36.28363410792042,2.0,997.0,3,10.0,153,67.89999987185001
b11_full,dqn_C_selected,354,167.0,998.0,1025.2312406649412,1000.0125,25.218740664941432,-27.231240664941406,607.0,166.0,995.0,1018.7637081974087,-23.76370819740894,4.0,999.0,1,3.0,166,75.39999988675117
b11_full,dqn_C_selected,355,165.0,992.0,1024.0314290665908,997.1999999999999,26.831429066590026,-32.03142906659001,629.0,164.0,983.0,1016.9629359159059,-33.96293591590508,10.0,993.0,7,9.0,164,73.19999986886978
b11_full,dqn_C_selected,356,157.0,997.0,974.892720288653,949.8374999999999,25.055220288652805,22.107279711347196,680.0,156.0,988.0,966.7028468709315,21.297153129068715,4.0,992.0,8,9.0,156,70.59999988973141
b11_full,dqn_C_selected,357,163.0,997.0,1001.660869466842,977.7375,23.92336946684249,-4.660869466842484,601.0,162.0,993.0,996.546945416209,-3.5469454162095726,4.0,997.0,3,4.0,162,72.19999986886978
b11_full,dqn_C_selected,358,167.0,977.0,1019.286648046371,994.0500000000004,25.2366480463713,-42.28664804637128,751.0,166.0,969.0,1012.9174172771403,-43.917417277140515,24.0,993.0,7,8.0,166,75.59999988973141
b11_full,dqn_C_selected,359,158.0,999.0,955.7568608266255,933.3,22.456860826625316,43.243139173374686,590.0,157.0,989.0,947.263710141694,41.73628985830619,6.0,995.0,5,10.0,157,70.29999987781048
b11_full,dqn_C_selected,360,164.0,998.0,1000.940261771909,977.1750000000002,23.765261771908378,-2.940261771908368,602.0,163.0,993.0,994.3688332004805,-1.3688332004797967,4.0,997.0,3,5.0,163,73.49999988079071
b11_full,dqn_C_selected,361,164.0,998.0,1019.7556694561898,993.9375,25.81816945618937,-21.75566945618939,642.0,163.0,989.0,1013.2286424291628,-24.228642429162363,6.0,995.0,5,9.0,163,73.29999987781048
b11_full,dqn_C_selected,362,162.0,998.0,1005.9363585068329,980.8875000000002,25.048858506832428,-7.936358506832395,636.0,161.0,994.0,999.8194753899497,-5.819475389949278,6.0,1000.0,0,4.0,161,72.89999988675117
b11_full,dqn_C_selected,363,170.0,997.0,1029.1115913839426,1004.0624999999994,25.049091383942326,-32.11159138394235,633.0,169.0,992.0,1023.3221176997321,-31.322117699731823,6.0,998.0,2,5.0,169,76.89999988675117
b11_full,dqn_C_selected,364,161.0,1000.0,994.9930334116989,971.7749999999999,23.218033411698944,5.006966588301047,544.0,160.0,995.0,987.6006283484078,7.399371651592187,4.0,999.0,1,5.0,160,71.19999986886978
b11_full,dqn_C_selected,365,167.0,997.0,1039.8310418072524,1015.3125,24.51854180725288,-42.83104180725285,564.0,166.0,995.0,1034.6492236254342,-39.64922362543467,4.0,999.0,1,2.0,166,73.99999986588955
b11_full,dqn_C_selected,366,167.0,1008.0,1031.7572608280068,1007.2125,24.54476082800673,-23.757260828006736,604.0,166.0,999.0,1024.2957223664682,-25.295722366468272,0.0,999.0,1,9.0,166,74.19999986886978
b11_full,dqn_C_selected,367,162.0,999.0,986.3984852814115,962.9999999999997,23.39848528141124,12.601514718588767,551.0,161.0,985.0,978.936946819873,6.063053180127229,4.0,989.0,11,14.0,161,72.49999988079071
b11_full,dqn_C_selected,368,164.0,996.0,1001.676847120766,977.5124999999996,24.164347120766163,-5.67684712076617,642.0,163.0,986.0,995.1958344625381,-9.195834462538322,9.0,995.0,5,10.0,163,73.19999987632036
b11_full,dqn_C_selected,369,165.0,996.0,1018.844702300994,994.4999999999998,24.34470230099458,-22.844702300994594,541.0,164.0,984.0,1011.4522972377029,-27.452297237703455,8.0,992.0,8,12.0,164,72.59999985992908
b11_full,dqn_C_selected,370,156.0,980.0,957.873533406832,935.8874999999997,21.986033406832203,22.126466593167816,631.0,155.0,971.0,950.873533406832,20.126466593167816,22.0,993.0,7,9.0,155,68.89999987185001
b11_full,dqn_C_selected,371,164.0,998.0,1006.0856429162266,982.0125000000002,24.073142916225883,-8.0856429162259,619.0,163.0,987.0,1000.3048209984183,-13.304820998417682,6.0,993.0,7,11.0,163,73.69999988377094
b11_full,dqn_C_selected,372,159.0,998.0,967.2201192527408,944.2125000000004,23.007619252740938,30.779880747259078,554.0,158.0,996.0,962.0227508316882,33.97724916831171,4.0,1000.0,0,2.0,158,71.19999988377094
b11_full,dqn_C_selected,373,157.0,985.0,980.5141475974013,955.6875000000001,24.826647597401177,4.485852402598821,685.0,156.0,979.0,972.119410755296,6.880589244704085,18.0,997.0,3,6.0,156,69.59999987483025
b11_full,dqn_C_selected,374,148.0,1005.0,917.061989387305,894.2625000000002,22.79948938730483,87.93801061269521,523.0,147.0,996.0,911.1167839078529,84.88321609214726,2.0,998.0,2,9.0,147,65.09999987483025
b11_full,dqn_C_selected,375,162.0,1007.0,1007.1524392800774,982.2374999999998,24.914939280077107,-0.1524392800770853,598.0,161.0,998.0,1001.0755162031543,-3.0755162031540086,2.0,1000.0,0,9.0,161,72.29999987781048
b11_full,dqn_C_selected,376,164.0,996.0,999.0551187492379,974.1374999999999,24.91761874923734,-3.0551187492373417,618.0,163.0,989.0,990.5821457762648,-1.582145776264368,6.0,995.0,5,7.0,163,73.89999988675117
b11_full,dqn_C_selected,377,166.0,994.0,1014.1929715344814,990.2249999999998,23.967971534481336,-20.192971534481366,588.0,165.0,988.0,1009.3145931561031,-21.314593156102987,8.0,996.0,4,6.0,165,73.89999987185001
b11_full,dqn_C_selected,378,158.0,999.0,971.5558651050908,948.3750000000002,23.18086510509085,27.44413489490913,553.0,157.0,991.0,966.3666759159016,24.63332408409832,4.0,995.0,5,8.0,157,70.09999987483025
b11_full,dqn_C_selected,379,159.0,997.0,990.4038677056753,964.6874999999998,25.716367705675566,6.5961322943244545,637.0,158.0,986.0,985.2899436550424,0.7100563449573656,10.0,996.0,4,11.0,158,71.39999988675117
b11_full,dqn_C_selected,380,171.0,992.0,1033.6187142171484,1007.4374999999999,26.181214217148536,-41.618714217148536,673.0,170.0,982.0,1028.3950300066222,-46.39503000662222,11.0,993.0,7,10.0,170,76.49999987334013
b11_full,dqn_C_selected,381,168.0,997.0,1029.4437174632646,1005.6374999999998,23.806217463264325,-32.44371746326432,578.0,167.0,990.0,1022.9237174632646,-32.923717463264325,8.0,998.0,2,7.0,167,74.29999986290932
b11_full,dqn_C_selected,382,159.0,997.0,982.1008359017641,958.2749999999995,23.825835901763405,14.899164098236591,553.0,158.0,989.0,976.3346021355303,12.665397864470357,6.0,995.0,5,8.0,158,70.99999988079071
b11_full,dqn_C_selected,383,160.0,1003.0,978.7302474192013,956.6999999999999,22.030247419201178,24.26975258079884,502.0,159.0,995.0,972.8672337205712,22.132766279428978,2.0,997.0,3,8.0,159,70.29999986290932
b11_full,dqn_C_selected,384,159.0,999.0,981.302927412156,957.8249999999999,23.47792741215634,17.697072587843664,518.0,158.0,988.0,976.1211092303379,11.878890769661844,2.0,990.0,10,11.0,158,71.19999988377094
b11_full,dqn_C_selected,385,159.0,995.0,997.2452044698928,971.3249999999997,25.92020446989253,-2.2452044698925384,634.0,158.0,987.0,989.8527994066017,-2.852799406601399,6.0,993.0,7,8.0,158,71.99999989569187
b11_full,dqn_C_selected,386,161.0,997.0,994.5219654857642,970.4249999999998,24.09696548576412,2.4780345142358717,627.0,160.0,991.0,989.3190669350396,1.6809330649605094,8.0,999.0,1,6.0,160,72.19999988377094
b11_full,dqn_C_selected,387,166.0,987.0,1021.9125846318251,995.9625000000002,25.95008463182485,-34.912584631824885,642.0,165.0,981.0,1016.7639359831765,-35.76393598317624,14.0,995.0,5,6.0,165,74.49999988079071
b11_full,dqn_C_selected,388,167.0,997.0,1018.6952800087106,994.0500000000002,24.645280008710007,-21.695280008709986,597.0,166.0,987.0,1011.681766495197,-24.681766495196474,8.0,995.0,5,10.0,166,74.99999988079071
b11_full,dqn_C_selected,389,161.0,1002.0,984.9346608676713,961.6500000000007,23.28466086767138,17.065339132328642,546.0,160.0,995.0,977.4151803481907,17.584819651809163,4.0,999.0,1,7.0,160,71.39999987185001
b11_full,dqn_C_selected,390,148.0,993.0,920.9902050832524,897.8625000000002,23.127705083252188,72.0097949167478,640.0,147.0,988.0,916.1825127755601,71.8174872244401,10.0,998.0,2,5.0,147,66.09999988973141
b11_full,dqn_C_selected,391,162.0,1001.0,980.1991638980915,957.3750000000003,22.82416389809139,20.800836101908622,669.0,161.0,991.0,974.4949385459788,16.5050614540213,6.0,997.0,3,10.0,161,72.89999988675117
b11_full,dqn_C_selected,392,168.0,1011.0,1037.3125136730623,1013.4000000000001,23.91251367306245,-26.31251367306243,574.0,167.0,998.0,1029.0432829038316,-31.04328290383166,2.0,1000.0,0,13.0,167,73.89999985694885
b11_full,dqn_C_selected,393,161.0,995.0,997.9074371350151,974.7000000000002,23.20743713501488,-2.907437135014887,601.0,160.0,985.0,990.9723721999502,-5.972372199949952,8.0,993.0,7,10.0,160,71.79999987781048
b11_full,dqn_C_selected,394,169.0,1008.0,1020.2560101583358,997.3125000000001,22.943510158335627,-12.25601015833562,510.0,168.0,997.0,1014.0960101583358,-17.09601015833562,2.0,999.0,1,11.0,168,73.19999983906746
b11_full,dqn_C_selected,395,165.0,1002.0,1022.2099883260705,996.8624999999995,25.347488326070327,-20.209988326070338,648.0,164.0,996.0,1016.526444022273,-20.52644402227287,2.0,998.0,2,6.0,164,73.99999988079071
b11_full,dqn_C_selected,396,156.0,999.0,977.7447075582156,952.6500000000003,25.094707558215447,21.25529244178455,706.0,155.0,992.0,969.4070452205533,22.592954779446888,8.0,1000.0,0,7.0,155,69.69999988377094
b11_full,dqn_C_selected,397,154.0,1006.0,945.3128138749526,922.95,22.362813874951904,60.68718612504804,543.0,153.0,998.0,936.9180770328472,61.081922967153304,2.0,1000.0,0,8.0,153,68.69999988377094
b11_full,dqn_C_selected,398,152.0,988.0,966.7369128649833,941.1749999999998,25.561912864983324,21.26308713501666,658.0,151.0,984.0,962.0226271506976,21.977372849302377,16.0,1000.0,0,4.0,151,69.09999990463257
b11_full,dqn_C_selected,399,169.0,1000.0,1035.8035126734574,1012.05,23.75351267345733,-35.8035126734573,563.0,168.0,995.0,1029.3225000152295,-34.32250001522945,4.0,999.0,1,5.0,168,74.59999985992908
b11_full,dqn_C_selected,400,160.0,1001.0,1016.1263829715144,990.0000000000007,26.126382971514484,-15.126382971514456,642.0,159.0,995.0,1009.7592943639195,-14.759294363919519,4.0,999.0,1,6.0,159,71.89999988675117
b11_full,dqn_C_selected,401,165.0,993.0,1013.3267344237759,987.9749999999999,25.351734423775685,-20.326734423775676,638.0,164.0,988.0,1007.1645722616137,-19.164572261613515,12.0,1000.0,0,5.0,164,73.59999987483025
b11_full,dqn_C_selected,402,154.0,994.0,966.5928574937197,941.2875000000005,25.305357493719477,27.407142506280522,677.0,153.0,984.0,961.7616886625509,22.238311337449353,12.0,996.0,4,10.0,153,68.89999988675117
b11_full,dqn_C_selected,403,172.0,985.0,1047.8503351823615,1023.0749999999996,24.775335182360948,-62.85033518236095,637.0,171.0,976.0,1041.382802714829,-65.38280271482849,20.0,996.0,4,9.0,171,75.49999985098839
b11_full,dqn_C_selected,404,164.0,999.0,1010.3815636160357,987.7500000000001,22.631563616035773,-11.381563616035773,511.0,163.0,990.0,1003.5587788059091,-13.558778805909192,2.0,992.0,8,9.0,163,71.29999984800816
b11_full,dqn_C_selected,405,165.0,997.0,993.3623799410016,970.1999999999998,23.162379941001344,3.637620058998654,575.0,164.0,992.0,988.0921096707312,3.907890329268924,6.0,998.0,2,5.0,164,73.19999986886978
b11_full,dqn_C_selected,406,159.0,1005.0,978.9523747964386,954.1125000000001,24.83987479643866,26.04762520356133,641.0,158.0,996.0,972.5852861888436,23.41471381115627,4.0,1000.0,0,9.0,158,71.99999989569187
b11_full,dqn_C_selected,407,149.0,1003.0,928.8841570360935,905.4000000000001,23.484157036093883,74.1158429639061,575.0,148.0,992.0,921.4282746831523,70.57172531684728,6.0,998.0,2,11.0,148,67.1999998986721
b11_full,dqn_C_selected,408,165.0,992.0,1018.0797916604932,993.7124999999995,24.367291660492597,-26.07979166049261,624.0,164.0,983.0,1011.1951762758779,-28.195176275877227,10.0,993.0,7,9.0,164,72.79999986290932
b11_full,dqn_C_selected,409,163.0,990.0,998.4648059927911,974.9250000000002,23.53980599279072,-8.46480599279072,599.0,162.0,978.0,990.8990165191069,-12.89901651910651,12.0,990.0,10,12.0,162,72.79999987781048
b11_full,dqn_C_selected,410,163.0,991.0,1016.6727083867505,991.1249999999998,25.54770838675065,-25.672708386750642,638.0,162.0,984.0,1009.1069189130664,-25.10691891306643,16.0,1000.0,0,7.0,162,73.59999988973141
b11_full,dqn_C_selected,411,162.0,994.0,996.5593102545611,971.6625000000003,24.896810254560616,-2.5593102545605966,694.0,161.0,990.0,988.7981162247103,1.20188377529015,10.0,1000.0,0,4.0,161,72.69999988377094
b11_full,dqn_C_selected,412,165.0,987.0,1022.1037800011613,996.1875000000001,25.916280001160818,-35.10378000116083,607.0,164.0,978.0,1014.4736430148599,-36.473643014859455,14.0,992.0,8,9.0,164,73.79999987781048
b11_full,dqn_C_selected,413,166.0,990.0,1026.5109927419749,999.225,27.285992741974066,-36.510992741974064,726.0,165.0,983.0,1018.8208518969044,-35.82085189690364,12.0,995.0,5,7.0,165,75.49999989569187
b11_full,dqn_C_selected,414,153.0,997.0,958.846288112668,933.2999999999998,25.546288112667696,38.15371188733232,661.0,152.0,987.0,951.9112231776031,35.08877682239726,8.0,995.0,5,10.0,152,69.39999990165234
b11_full,dqn_C_selected,415,155.0,989.0,951.4862524758603,928.6875000000005,22.798752475859903,37.51374752414012,566.0,154.0,985.0,946.3324063220141,38.667593677986275,12.0,997.0,3,4.0,154,67.19999985396862
b11_full,dqn_C_selected,416,160.0,1005.0,1004.2444864581628,979.3125000000001,24.931986458162086,0.7555135418379253,574.0,159.0,998.0,996.8520813948717,1.1479186051290649,2.0,1000.0,0,7.0,159,71.69999988377094
b11_full,dqn_C_selected,417,155.0,993.0,969.5799628245318,944.4374999999997,25.142462824531222,23.420037175468817,627.0,154.0,986.0,963.429277893025,22.570722106975666,14.0,1000.0,0,7.0,154,70.1999998986721
b11_full,dqn_C_selected,418,156.0,999.0,960.356843613105,937.1249999999999,23.23184361310494,38.643156386895086,595.0,155.0,986.0,953.5340588029784,32.46594119702167,2.0,988.0,12,13.0,155,69.89999988675117
b11_full,dqn_C_selected,419,165.0,999.0,1022.2101259002814,995.0625,27.147625900280843,-23.210125900280847,694.0,164.0,995.0,1015.6257103158657,-20.625710315865263,4.0,999.0,1,4.0,164,75.59999990463257
b11_full,dqn_C_selected,420,147.0,999.0,917.6506643569052,897.1874999999998,20.46316435690465,81.34933564309539,449.0,146.0,989.0,909.3130020192428,79.68699798075772,2.0,991.0,9,10.0,146,63.39999985694885
b11_full,dqn_C_selected,421,160.0,992.0,1000.1613088467424,973.1250000000002,27.036308846742287,-8.161308846742271,700.0,159.0,986.0,995.0345482833621,-9.034548283361989,10.0,996.0,4,6.0,159,72.49999989569187
b11_full,dqn_C_selected,422,155.0,996.0,955.3774758033782,931.7249999999999,23.6524758033776,40.62252419662241,548.0,154.0,990.0,949.7018001277025,40.298199872298085,8.0,998.0,2,6.0,154,68.99999988079071
b11_full,dqn_C_selected,423,158.0,987.0,975.3478945772738,950.9625000000001,24.38539457727376,11.652105422726216,711.0,157.0,977.0,970.1940484234276,6.805951576572371,15.0,992.0,8,10.0,157,70.3999998793006
b11_full,dqn_C_selected,424,146.0,998.0,924.0627519960673,900.4499999999997,23.612751996066955,73.93724800393305,602.0,145.0,991.0,918.8653835750147,72.13461642498568,8.0,999.0,1,7.0,145,65.6999998986721
b11_full,dqn_C_selected,425,164.0,991.0,1016.2278808701438,990.7874999999999,25.44038087014352,-25.227880870143522,600.0,163.0,985.0,1010.4616471039101,-25.461647103909755,10.0,995.0,5,6.0,163,73.29999987781048
b11_full,dqn_C_selected,426,175.0,997.0,1064.5729450290428,1037.475,27.097945029042666,-67.57294502904261,693.0,174.0,982.0,1056.906278362376,-74.90627836237594,18.0,1000.0,0,15.0,174,78.39999987185001
b11_full,dqn_C_selected,427,158.0,998.0,983.1846650934691,961.65,21.53466509346886,14.815334906531149,478.0,157.0,989.0,976.7036524352412,12.296347564758996,8.0,997.0,3,9.0,157,67.69999983906746
b11_full,dqn_C_selected,428,162.0,994.0,993.4278675252782,970.7624999999998,22.66536752527795,0.5721324747220446,654.0,161.0,984.0,985.0902051876159,-1.0902051876156182,16.0,1000.0,0,10.0,161,71.49999986588955
b11_full,dqn_C_selected,429,156.0,989.0,976.4210166725572,950.8500000000001,25.571016672557523,12.578983327442455,698.0,155.0,981.0,970.8885491400897,10.111450859909986,12.0,993.0,7,8.0,155,70.89999990165234
b11_full,dqn_C_selected,430,153.0,1001.0,958.5580948892602,936.0000000000002,22.558094889260158,42.44190511073987,570.0,152.0,992.0,952.1350179661833,39.864982033816794,2.0,994.0,6,9.0,152,68.19999988377094
b11_full,dqn_C_selected,431,160.0,994.0,987.2727898223981,961.8749999999998,25.39778982239759,6.727210177602433,607.0,159.0,990.0,982.2727898223981,7.727210177602433,8.0,998.0,2,4.0,159,71.69999988377094
b11_full,dqn_C_selected,432,167.0,981.0,1038.4248274844865,1012.2749999999999,26.14982748448637,-57.424827484486386,665.0,166.0,968.0,1030.7946904981852,-62.79469049818502,28.0,996.0,4,13.0,166,74.59999987483025
b11_full,dqn_C_selected,433,151.0,996.0,924.7646689624281,901.5749999999997,23.18966896242745,71.23533103757258,563.0,150.0,987.0,917.372263899137,69.62773610086371,6.0,993.0,7,9.0,150,66.59999987483025
b11_full,dqn_C_selected,434,159.0,1002.0,998.8166165768482,973.7999999999997,25.016616576848257,3.183383423151753,578.0,158.0,989.0,990.5473858076175,-1.5473858076174771,2.0,991.0,9,13.0,158,71.39999988675117
b11_full,dqn_C_selected,435,159.0,990.0,968.4085197773005,943.875,24.53351977730013,21.59148022269988,664.0,158.0,985.0,961.8135830684397,23.186416931560636,12.0,997.0,3,5.0,158,71.99999989569187
b11_full,dqn_C_selected,436,177.0,987.0,1084.9740663414136,1057.7250000000001,27.249066341413858,-97.97406634141383,726.0,176.0,985.0,1079.1110526427835,-94.11105264278369,14.0,999.0,1,2.0,176,78.99999986588955
b11_full,dqn_C_selected,437,156.0,996.0,960.547684116184,937.6875000000002,22.860184116183568,35.45231588381649,595.0,155.0,992.0,954.9780638630194,37.02193613698105,8.0,1000.0,0,4.0,155,69.89999988675117
b11_full,dqn_C_selected,438,165.0,991.0,1023.8771268825741,995.9624999999999,27.914626882574026,-32.87712688257403,711.0,164.0,985.0,1017.2927112981585,-32.29271129815845,13.0,998.0,2,6.0,164,74.69999989122152
b11_full,dqn_C_selected,439,174.0,1001.0,1061.7951576446776,1035.3374999999999,26.457657644677685,-60.795157644677694,614.0,173.0,998.0,1055.5551576446776,-57.55515764467769,2.0,1000.0,0,3.0,173,78.09999987483025
b11_full,dqn_C_selected,440,162.0,1004.0,997.3016554462656,972.675,24.626655446265744,6.698344553734276,600.0,161.0,996.0,990.4170400616503,5.582959938349661,2.0,998.0,2,8.0,161,71.69999986886978
b11_full,dqn_C_selected,441,154.0,1004.0,965.9214985849253,944.6624999999995,21.258998584925358,38.07850141507466,468.0,153.0,999.0,960.190729354156,38.809270645843895,0.0,999.0,1,5.0,153,66.69999985396862
b11_full,dqn_C_selected,442,158.0,991.0,974.1497711093141,950.0624999999998,24.087271109313583,16.850228890686417,583.0,157.0,986.0,968.9524026882615,17.04759731173905,10.0,996.0,4,5.0,157,70.69999988377094
b11_full,dqn_C_selected,443,169.0,993.0,1032.4274283811828,1007.7750000000004,24.652428381182105,-39.4274283811821,683.0,168.0,983.0,1024.2375549634612,-41.237554963460575,10.0,993.0,7,10.0,168,75.39999987185001
b11_full,dqn_C_selected,444,154.0,1008.0,956.352737480184,934.0875000000002,22.265237480183632,51.647262519816394,519.0,153.0,997.0,948.9603324168929,48.03966758310754,2.0,999.0,1,11.0,153,68.29999987781048
b11_full,dqn_C_selected,445,157.0,1004.0,973.3504771898978,950.85,22.500477189897538,30.649522810102457,574.0,156.0,993.0,965.1606037721763,27.839396227823975,4.0,997.0,3,11.0,156,68.79999986290932
b11_full,dqn_C_selected,446,166.0,998.0,1000.7135192761033,979.4250000000003,21.288519276103344,-2.713519276103354,573.0,165.0,992.0,994.6008432197652,-2.600843219765326,8.0,1000.0,0,6.0,165,73.09999985992908
b11_full,dqn_C_selected,447,159.0,1006.0,966.2592356026837,944.7749999999999,21.48423560268393,39.74076439731604,483.0,158.0,996.0,960.1823125257606,35.81768747423912,2.0,998.0,2,10.0,158,69.39999985694885
b11_full,dqn_C_selected,448,165.0,1001.0,1011.5398292153419,986.2875,25.252329215341774,-10.539829215341756,648.0,164.0,993.0,1005.7735954491081,-12.77359544910799,4.0,997.0,3,8.0,164,74.19999988377094
b11_full,dqn_C_selected,449,170.0,986.0,1025.045817344473,1000.5750000000006,24.470817344473208,-39.04581734447321,594.0,169.0,980.0,1018.6787287368782,-38.67872873687827,18.0,998.0,2,6.0,169,75.09999985992908
b11_full,dqn_C_selected,450,155.0,995.0,978.6127760840116,953.0999999999997,25.512776084010966,16.387223915989026,727.0,154.0,982.0,971.6777111489466,10.322288851053962,16.0,998.0,2,13.0,154,69.99999989569187
b11_full,dqn_C_selected,451,151.0,1002.0,941.0759775613643,919.0124999999999,22.063477561363975,60.924022438636044,563.0,150.0,992.0,934.4575565087328,57.54244349126762,4.0,996.0,4,10.0,150,66.79999987781048
b11_full,dqn_C_selected,452,159.0,1005.0,977.4869939710037,955.6874999999998,21.799493971003148,27.51300602899685,461.0,158.0,995.0,970.6642091608771,24.33579083912343,4.0,999.0,1,10.0,158,69.79999986290932
b11_full,dqn_C_selected,453,152.0,990.0,940.5077368998353,918.3375,22.17023689983469,49.49226310016534,584.0,151.0,986.0,934.3366842682564,51.663315731744284,14.0,1000.0,0,4.0,151,66.89999987185001
b11_full,dqn_C_selected,454,158.0,999.0,990.7905032671983,967.2749999999997,23.515503267198113,8.209496732801908,546.0,157.0,994.0,985.6086850853802,8.39131491462009,4.0,998.0,2,5.0,157,70.09999987483025
b11_full,dqn_C_selected,455,165.0,1004.0,1003.2858034343316,978.7499999999999,24.53580343433151,0.7141965656685114,618.0,164.0,996.0,995.8933983710405,0.10660162895965097,2.0,998.0,2,8.0,164,72.99999986588955
b11_full,dqn_C_selected,456,164.0,996.0,1000.4131575373696,975.8249999999996,24.588157537369227,-4.4131575373692415,625.0,163.0,989.0,993.4780926023046,-4.478092602304306,6.0,995.0,5,7.0,163,73.69999988377094
b11_full,dqn_C_selected,457,161.0,997.0,983.7278785223126,960.4125000000004,23.31537852231277,13.27212147768721,572.0,160.0,988.0,977.3048015992357,10.695198400764133,8.0,996.0,4,9.0,160,71.59999987483025
b11_full,dqn_C_selected,458,165.0,1000.0,1011.8868470502537,987.8625000000004,24.02434705025361,-11.88684705025359,592.0,164.0,995.0,1005.2468470502537,-10.246847050253589,4.0,999.0,1,5.0,164,73.99999988079071
b11_full,dqn_C_selected,459,154.0,989.0,961.3581850317058,936.9000000000001,24.458185031704886,27.64181496829512,677.0,153.0,984.0,954.3581850317058,29.64181496829512,12.0,996.0,4,5.0,153,69.49999989569187
b11_full,dqn_C_selected,460,167.0,998.0,1043.7812878557302,1018.9124999999996,24.868787855729572,-45.78128785572957,550.0,166.0,987.0,1036.388882792439,-49.38888279243843,4.0,991.0,9,11.0,166,73.79999986290932
b11_full,dqn_C_selected,461,164.0,993.0,991.3050292290143,967.8375,23.467529229014033,1.694970770985945,619.0,163.0,987.0,983.1151558112928,3.884844188707463,12.0,999.0,1,6.0,163,73.69999988377094
b11_full,dqn_C_selected,462,154.0,1004.0,960.7666588898422,937.6874999999997,23.079158889841565,43.23334111015847,545.0,153.0,994.0,953.2008694161581,40.79913058384268,4.0,998.0,2,10.0,153,69.29999989271164
b11_full,dqn_C_selected,463,150.0,996.0,956.3495013114998,931.8375000000003,24.512001311499457,39.65049868850053,637.0,149.0,989.0,950.6659570077023,38.334042992297995,10.0,999.0,1,7.0,149,67.6999998986721
b11_full,dqn_C_selected,464,163.0,1008.0,1009.7967599271946,984.1500000000001,25.646759927194807,-1.7967599271948105,655.0,162.0,997.0,1001.3036092422631,-4.303609242263303,0.0,997.0,3,11.0,162,73.39999988675117
b11_full,dqn_C_selected,465,162.0,985.0,989.5980771172487,965.0249999999994,24.57307711724821,-4.598077117248215,649.0,161.0,974.0,982.1365386557103,-8.136538655709753,20.0,994.0,6,11.0,161,72.89999988675117
b11_full,dqn_C_selected,466,158.0,993.0,988.149255317382,962.5499999999998,25.59925531738253,4.850744682617473,668.0,157.0,987.0,981.3206838888105,5.679316111188902,10.0,997.0,3,6.0,157,71.29999989271164
b11_full,dqn_C_selected,467,154.0,994.0,959.3980624992718,936.4499999999999,22.948062499271604,34.6019375007284,562.0,153.0,988.0,951.8785819797912,36.121418020208914,12.0,1000.0,0,6.0,153,68.09999987483025
b11_full,dqn_C_selected,468,154.0,997.0,957.6361365253205,934.3125000000001,23.323636525320353,39.36386347467969,608.0,153.0,986.0,951.6108200696243,34.38917993037589,11.0,997.0,3,11.0,153,69.59999989718199
b11_full,dqn_C_selected,469,154.0,994.0,952.002449422039,928.8000000000001,23.20244942203876,41.99755057796127,526.0,153.0,988.0,946.923502053618,41.076497946382325,8.0,996.0,4,6.0,153,68.49999988079071
b11_full,dqn_C_selected,470,152.0,996.0,959.9588017062212,934.0875000000001,25.87130170622137,36.041198293778635,699.0,151.0,985.0,953.5917130986262,31.408286901373568,14.0,999.0,1,11.0,151,68.49999989569187
b11_full,dqn_C_selected,471,160.0,1000.0,986.497644129843,964.3500000000001,22.147644129843428,13.502355870156581,523.0,159.0,992.0,980.8843107965097,11.115689203489914,4.0,996.0,4,8.0,159,71.29999987781048
b11_full,dqn_C_selected,472,159.0,999.0,973.8977971742419,950.2874999999997,23.61029717424153,25.10220282575846,574.0,158.0,994.0,967.0734728499175,26.926527150082784,4.0,998.0,2,5.0,158,71.19999988377094
b11_full,dqn_C_selected,473,175.0,995.0,1080.5207798029273,1055.4750000000006,25.045779802926447,-85.52077980292643,566.0,174.0,990.0,1075.8180771002246,-85.81807710022372,6.0,996.0,4,5.0,174,77.39999985694885
b11_full,dqn_C_selected,474,163.0,974.0,1000.9353600424705,978.075,22.860360042470397,-26.935360042470375,681.0,162.0,965.0,995.402892510003,-30.402892510002843,28.0,993.0,7,9.0,162,72.59999987483025
b11_full,dqn_C_selected,475,155.0,995.0,962.3911007021305,938.5874999999997,23.803600702130105,32.6088992978699,572.0,154.0,986.0,954.87162018265,31.128379817350414,8.0,994.0,6,9.0,154,69.79999989271164
b11_full,dqn_C_selected,476,178.0,998.0,1081.9918762110663,1056.3750000000005,25.616876211065918,-83.99187621106596,635.0,177.0,986.0,1074.334341964491,-88.33434196449062,6.0,992.0,8,12.0,177,78.49999985098839
b11_full,dqn_C_selected,477,154.0,999.0,957.0062001274467,936.5624999999999,20.44370012744664,41.99379987255336,454.0,153.0,989.0,950.3523539736005,38.647646026399514,2.0,991.0,9,10.0,153,66.09999984502792
b11_full,dqn_C_selected,478,155.0,1000.0,957.0187038397818,933.5249999999999,23.493703839781304,42.981296160218676,555.0,154.0,990.0,950.5472752683532,39.45272473164725,2.0,992.0,8,10.0,154,68.99999988079071
b11_full,dqn_C_selected,479,169.0,983.0,1057.848255110073,1029.4875,28.36075511007274,-74.84825511007274,730.0,168.0,978.0,1052.7682551100731,-74.76825511007274,18.0,996.0,4,5.0,168,77.1999998986721
b11_full,dqn_C_selected,480,160.0,1002.0,982.7496626941007,960.3000000000001,22.449662694100795,19.250337305899233,574.0,159.0,994.0,976.2686500358728,17.73134996412708,6.0,1000.0,0,8.0,159,69.89999985694885
b11_full,dqn_C_selected,481,164.0,997.0,1008.2686147072283,983.7,24.568614707228082,-11.26861470722809,620.0,163.0,987.0,1002.382900421514,-15.382900421513805,4.0,991.0,9,10.0,163,73.49999988079071
b11_full,dqn_C_selected,482,160.0,1007.0,975.2146078062034,952.3124999999997,22.902107806202633,31.7853921937974,561.0,159.0,997.0,969.4838385754341,27.51616142456663,0.0,997.0,3,10.0,159,70.29999986290932
b11_full,dqn_C_selected,483,155.0,999.0,971.0791273991016,947.8125000000002,23.26662739910089,27.92087260089913,575.0,154.0,995.0,965.8973092172835,29.10269078271731,2.0,997.0,3,4.0,154,68.99999988079071
b11_full,dqn_C_selected,484,167.0,991.0,1016.7698894114294,991.3499999999998,25.419889411429317,-25.76988941142931,681.0,166.0,987.0,1011.6559653607965,-24.6559653607964,10.0,997.0,3,4.0,166,74.59999987483025
b11_full,dqn_C_selected,485,154.0,1000.0,954.7892606258724,931.7250000000001,23.064260625872556,45.21073937412742,583.0,153.0,993.0,947.1676390042508,45.83236099574904,2.0,995.0,5,7.0,153,69.6999998986721
b11_full,dqn_C_selected,486,158.0,1001.0,966.6876230642062,944.3249999999998,22.36262306420631,34.31237693579368,539.0,157.0,997.0,961.8476230642061,35.15237693579368,0.0,997.0,3,4.0,157,69.69999986886978
b11_full,dqn_C_selected,487,154.0,997.0,970.8699166897961,947.2500000000003,23.619916689796163,26.130083310203858,541.0,153.0,988.0,963.8562180596591,24.143781940340844,6.0,994.0,6,9.0,153,68.29999987781048
b11_full,dqn_C_selected,488,170.0,1002.0,1020.8294484895283,995.3999999999996,25.429448489527886,-18.829448489527874,617.0,169.0,991.0,1013.3099679700478,-22.309967970047353,0.0,991.0,9,11.0,169,75.69999986886978
b11_full,dqn_C_selected,489,157.0,1001.0,965.008599607297,942.8625000000002,22.14609960729696,35.99140039270303,554.0,156.0,991.0,960.2009072996048,30.799092700395335,2.0,993.0,7,10.0,156,69.99999988079071
b11_full,dqn_C_selected,490,175.0,993.0,1068.2356964852893,1041.7499999999998,26.48569648528931,-75.23569648528937,698.0,174.0,987.0,1062.6546154042082,-75.65461540420829,12.0,999.0,1,6.0,174,79.79999989271164
b11_full,dqn_C_selected,491,158.0,995.0,972.7537172415553,949.5000000000001,23.253717241554718,22.246282758445318,616.0,157.0,990.0,965.2921787800168,24.70782121998378,8.0,998.0,2,5.0,157,71.49999989569187
b11_full,dqn_C_selected,492,180.0,996.0,1096.3882253581262,1070.1,26.288225358126,-100.38822535812595,602.0,179.0,990.0,1088.1983519404046,-98.19835194040444,8.0,998.0,2,6.0,179,79.89999985694885
b11_full,dqn_C_selected,493,164.0,996.0,986.3352971077497,963.2249999999996,23.11029710774982,9.664702892250187,623.0,163.0,991.0,981.116119025558,9.883880974441968,9.0,1000.0,0,5.0,163,72.99999987334013
b11_full,dqn_C_selected,494,172.0,993.0,1058.2453832616807,1032.075,26.170383261681103,-65.24538326168111,762.0,171.0,984.0,1050.783844800142,-66.78384480014265,12.0,996.0,4,9.0,171,77.69999988377094
b11_full,dqn_C_selected,495,161.0,988.0,996.3303331090642,971.9999999999999,24.330333109063645,-8.330333109063641,598.0,160.0,977.0,990.5640993428304,-13.564099342829875,14.0,991.0,9,11.0,160,72.79999989271164
b11_full,dqn_C_selected,496,168.0,1000.0,1024.5799754779705,1001.6999999999997,22.87997547797011,-24.579975477970102,567.0,167.0,992.0,1018.8492062472013,-26.849206247200872,2.0,994.0,6,8.0,167,73.49999985098839
b11_full,dqn_C_selected,497,159.0,1003.0,999.6595109370777,975.7124999999999,23.94701093707733,3.3404890629226633,554.0,158.0,999.0,993.2364340140008,5.763565985999587,0.0,999.0,1,4.0,158,71.39999988675117
b11_full,dqn_C_selected,498,167.0,989.0,1016.7219470616354,992.1375000000003,24.584447061634943,-27.721947061634925,672.0,166.0,984.0,1011.6310379707263,-27.631037970725835,16.0,1000.0,0,5.0,166,76.1999998986721
b11_full,dqn_C_selected,499,157.0,998.0,982.7811562437581,958.2749999999996,24.506156243757825,15.218843756242197,652.0,156.0,990.0,977.2469096684157,12.753090331584662,4.0,994.0,6,8.0,156,70.39999988675117
